title,authors,average_rating,rating_count,first_publish_year,edition_count,subjects,languages,cover_url,book_url,source,source_topic,source_rank
How to Be a Domestic Goddess,Nigella Lawson,4.0,2.0,2000,6,"Baking | Recipes | Cooking, british",eng,https://covers.openlibrary.org/b/id/8594716-M.jpg,https://openlibrary.org/works/OL2455829W,Open Library API,baking,
Nutrition,Frances Sizer Webb | Frances Sizer | Eleanor Noss Whitney | Frances Sienkiewicz Sizer,3.875,8.0,1994,30,"Food | Nutrition | Voeding | Physiologie de la nutrition | Voedingsstoffen | Textbooks | Biochemistry | Dietetics & nutrition | Physiology | Nutrition And Diet | Science | Medical / Nursing | Diet/Nutrition | Life Sciences - Anatomy & Physiology | Canada, social conditions | Education, canada | Requirements | Nutritional Physiological Phenomena | Nutritional Requirements | Diet | Nutrition -- Textbooks | Food -- Textbooks | Nutrition and diet | Medical / nursing | Diet/nutrition | Life sciences - anatomy & physiology | Qp141 .s5365 2006 | Nutritional physiological phenomena",eng,https://covers.openlibrary.org/b/id/10679917-M.jpg,https://openlibrary.org/works/OL3349725W,Open Library API,nutrition,
Fast Food Nation,Eric Schlosser | Eric Schlosser,4.178571,28.0,2001,43,politics | health | current events | sociology | McDonald's | food | American cooking | social science | popular culture | cooking | feeding behavior | social aspects | foods | quality | trade marks | food industry | health hazards | food safety | Voedingsgewoonten | Fastfood | Health & Fitness | Media Studies | Industria y comercio | Restaurantes de comida rápida | Cookery | Cooking & Food | Nonfiction | Alimentos | Cuisine américaine | Fast food restaurants,spa | eng | fre | ger | jpn | heb,https://covers.openlibrary.org/b/id/8392930-M.jpg,https://openlibrary.org/works/OL5801795W,Open Library API,food safety,
Manajemen pemasaran,Bambang Tri Cahyono,5.0,3.0,1994,1,Agricultural industries | Agriculture | Economic aspects | Economic aspects of Agriculture,ind,,https://openlibrary.org/works/OL3223317W,Open Library API,agriculture,
Wild Fermentation,Sandor Ellix Katz | Nora Steinbrun,3.75,4.0,2003,8,Fermented foods | Fermentation,eng,https://covers.openlibrary.org/b/id/956729-M.jpg,https://openlibrary.org/works/OL8953397W,Open Library API,fermentation,
Panaderia y Reposteria para profesionales/Professional Baking,Wayne Gisslen | W Gisslen | Wayne Gisslen,3.0,2.0,1985,29,Baking | Food presentation | Cooking & Food | Nonfiction | COOKING / Methods / Baking | Food | Food industry and trade | COOKING -- Methods -- Baking,eng | spa,https://covers.openlibrary.org/b/id/5247191-M.jpg,https://openlibrary.org/works/OL1802168W,Open Library API,baking,
The science of nutrition,Janice Thompson | Janice Thompson | Melinda Manore | Linda Vaughan | Linda A. Vaughan | Kathy Gottschall-Pass | Debbie MacLellan | Janice J. Thompson,4.0,2.0,2007,35,Textbooks | Nutrition | Biological sciences & nutrition -> health -> nutrition & weight management,eng,https://covers.openlibrary.org/b/id/10679931-M.jpg,https://openlibrary.org/works/OL15596858W,Open Library API,nutrition,
Everything I Want To Do Is Illegal,Joel Salatin,4.3333335,3.0,2007,2,"Law and legislation | Food law and legislation | Food adulteration and inspection | Food | Safety regulations | Natural foods | Organic farming | Food industry | Family farms | Food industry and trade | Agriculture, united states",eng,https://covers.openlibrary.org/b/id/1693701-M.jpg,https://openlibrary.org/works/OL2018044W,Open Library API,food safety,
Hukum agraria Indonesia,Budi Harsono.,4.714286,7.0,1975,6,Agricultural laws and legislation | Agricultural laws and legislations,ind,,https://openlibrary.org/works/OL3729606W,Open Library API,agriculture,
The art of fermentation,Sandor Ellix Katz | Alejandro Pareja Rodríguez,4.5555553,9.0,2012,5,COOKING / Methods / Canning & Preserving | Fermented foods | Fermentation | HEALTH & FITNESS / Nutrition | Nutrition | Canning & Preserving | HEALTH & FITNESS | Methods | TECHNOLOGY & ENGINEERING | Aliments fermentés | COOKING | Food Science | Cuisine (aliments fermentés) | Livsmedelsteknik | Food | Long Now Manual for Civilization,eng,https://covers.openlibrary.org/b/id/9303498-M.jpg,https://openlibrary.org/works/OL16461965W,Open Library API,fermentation,
Food and Beverage Cost Control,Lea R. Dopson | David K. Hayes,,,2002,10,"Food service management | Cost control | BUSINESS & ECONOMICS / Industries / Hospitality, Travel & Tourism | Food service",eng,https://covers.openlibrary.org/b/id/8566285-M.jpg,https://openlibrary.org/works/OL19650579W,Open Library API,food business,
Pig's tall hat,Henry Hart,3.0,3.0,2004,1,Baking | Fiction,eng,https://covers.openlibrary.org/b/id/10796364-M.jpg,https://openlibrary.org/works/OL24292028W,Open Library API,baking,
Nutrition & you : core concepts for good health,Joan Salge Blake | Joan Blake,4.25,4.0,2007,43,"Nutrition | Textbooks | Health | Nutrition, laboratory manuals | Teaching & teacher training",eng,https://covers.openlibrary.org/b/id/9504993-M.jpg,https://openlibrary.org/works/OL18165887W,Open Library API,nutrition,
Philippine fermented foods,Priscilla C. Sanchez,,,2008,1,"Fermentation | Industries, philippines | Fermented foods | Safety measures",eng,,https://openlibrary.org/works/OL13722073W,Open Library API,food safety,
Soil Capability For Agriculture,Canada Land Inventory.,5.0,1.0,1965,209,Agriculture,fre | eng,,https://openlibrary.org/works/OL6188591W,Open Library API,agriculture,
Foodservice organizations,Marian C. Spears | Mary Gregoire | Marian Spears,,,1985,17,Food service management | Gestion de la restauration | Food service | Business and economics | Recreation & entertainment industries - general & miscellaneous | Entertainment | Dining & hospitality industries - management,eng,https://covers.openlibrary.org/b/id/1103713-M.jpg,https://openlibrary.org/works/OL1805048W,Open Library API,food business,
On baking,Sarah R. Labensky | Klaus G. Tenbergen | Eddy Van Damme | Priscilla A. Martel | Alan M. Hause,,,2004,26,"Baking | Pastry | Cakes, baking, icing & sugarcraft | Desserts | Baking - Confectionery | Cooking | Cooking / Wine | Courses & Dishes - Desserts | Cooking / Desserts | Methods - Baking | Professional, career & trade -> culinary & hospitality -> baking & pastry",eng,https://covers.openlibrary.org/b/id/90882-M.jpg,https://openlibrary.org/works/OL1874828W,Open Library API,baking,
In Defense of Food,Michael Pollan,4.027027,37.0,2008,17,Nutrition | nyt:paperback_nonfiction=2009-10-25 | Food habits | New York Times bestseller | Food | Research | Cooking & Food | Medical | Nonfiction | Sociology | Natural foods | Large type books | Analysis | Diet Fads | Nahrungsaufnahme | Speise | Ernährung | Food and drink | Nutrition and dietetics | Voedingsgewoonten | Ernährungserziehung | Zivilisationskrankheit | Ernährungsgewohnheit | Nutritional Physiological Phenomena | Feeding Behavior,eng | srp | chi,https://covers.openlibrary.org/b/id/2960867-M.jpg,https://openlibrary.org/works/OL3296482W,Open Library API,nutrition,
Gastronomia,"Congresso Brasileiro de Gastronomia e Segurança Alimentar (1st 2006? Brasília, Distrito Federal, Brazil)",,,2006,1,Gastronomy | Congresses | Food habits | Food | Safety measures,por,,https://openlibrary.org/works/OL24122823W,Open Library API,food safety,
Sistem penyuluhan pertanian,Totok Mardikanto,5.0,10.0,2009,1,Agricultural extension work,ind,,https://openlibrary.org/works/OL2304127W,Open Library API,agriculture,
The Indigenous Fermented Foods of the Sudan,Hamid A. Dirar,,,1993,3,"Fermented foods | Nutrition | Food, preservation | Fermentation",eng,https://covers.openlibrary.org/b/id/4774550-M.jpg,https://openlibrary.org/works/OL3562185W,Open Library API,fermentation,
The Secret Life of Groceries,Benjamin Lorr,3.5,4.0,2020,7,Commerce | New York Times reviewed | Grocery trade | Supermarkets -- Management | Food supply | BUSINESS & ECONOMICS / Industries / Food Industry | Supermarkets -- United States | Trader Joe's (Firm) | Amazon.com (firm) | Wal-mart (firm),eng,https://covers.openlibrary.org/b/id/10434459-M.jpg,https://openlibrary.org/works/OL22069556W,Open Library API,food business,
Betty Crocker's Baking classics,Betty Crocker,2.5,2.0,1981,3,Baking | Pastry,eng,https://covers.openlibrary.org/b/id/6382432-M.jpg,https://openlibrary.org/works/OL15030485W,Open Library API,baking,
Contemporary Nutrition,Gordon M. Wardlaw | Anne M Smith | Paul M. Insel | Marcia F. Seyler | Angela L. Collene | Colleen K. Spees,4.5,6.0,1992,58,Nutrition | Food | Nutrition Physiology | Nutritional Requirements | Dietetics | Dietetics & nutrition | Human Reproduction | Health & Fitness | Diet / Health / Fitness | Diet/Nutrition | Diets - General | Textbooks | Nutritional Physiological Phenomena | Teeth | Oral Surgery | Facial injuries | Wounds and injuries | Surgery | Face | Health/Fitness | Fitness & diet | Popular medicine | Physiology | Ernährungswissenschaft | Ernährung | Study and teaching (Higher),eng,https://covers.openlibrary.org/b/id/10679902-M.jpg,https://openlibrary.org/works/OL1853601W,Open Library API,nutrition,
Food Safety: Theory and Practice,Paul L Knechtges,5.0,1.0,2011,1,Food contamination | Safety measures | Food Safety | Food | Prevention & control | Prevention,eng,https://covers.openlibrary.org/b/id/8451164-M.jpg,https://openlibrary.org/works/OL19338989W,Open Library API,food safety,
Pakistan,United States,3.0,2.0,1965,312,American Surplus agricultural commodities | Counterpart funds | America Surplus agricultural commodities | Bolivia | Ecuador,eng,https://covers.openlibrary.org/b/id/15127807-M.jpg,https://openlibrary.org/works/OL15292359W,Open Library API,agriculture,
The Noma Guide to Fermentation,René Redzepi | David Zilber | Ainhoa Segura Alcalde | David Zilberman,5.0,4.0,2018,4,"Noma (Restaurant : Copenhagen, Denmark) | Fermented foods | Cooking (Fermented foods) | Biotechnology | Flavor | Fermentation | nyt:advice-how-to-and-miscellaneous=2018-11-04 | New York Times bestseller | Kombucha tea | COOKING / Individual Chefs & Restaurants | COOKING / Methods / Professional | COOKING / Seasonal",eng,https://covers.openlibrary.org/b/id/10524967-M.jpg,https://openlibrary.org/works/OL19762073W,Open Library API,fermentation,
Little Nino's Pizzeria,Karen Barbour,,,1987,8,"Restaurants | Pizza | Fathers and sons | Fiction | Oversize books | Family | Restaurants, bars | Juvenile fiction | Business, Careers, Occupations | Cooking & Food | Boys & Men | JUVENILE FICTION | Children's fiction | Business, fiction | Restaurants, fiction",eng,https://covers.openlibrary.org/b/id/4747203-M.jpg,https://openlibrary.org/works/OL4457012W,Open Library API,food business,
I'm Just Here for More Food,Alton Brown,4.4,5.0,2004,2,Baking,eng,https://covers.openlibrary.org/b/id/848968-M.jpg,https://openlibrary.org/works/OL6215377W,Open Library API,baking,
Glucose Revolution,Jessie Inchauspé | Alexandre Gombau Arnau,3.8333333,6.0,2022,7,Health | Science | Self Help | Nutrition | Food,eng | spa,https://covers.openlibrary.org/b/id/12769675-M.jpg,https://openlibrary.org/works/OL26599673W,Open Library API,nutrition,
HACCP,Sara Mortimore,3.0,1.0,1995,4,"Food handling | Safety measures | Hazard Analysis and Critical Control Point (Food safety system) | Food adulteration and inspection | Food, microbiology | Food industry and trade",eng,https://covers.openlibrary.org/b/id/1329060-M.jpg,https://openlibrary.org/works/OL16956818W,Open Library API,food safety,
Advances in agronomy,Donald L. Sparks,0.0,0.0,1991,206,"Agronomy | Agriculture, research | Agriculture",eng,https://covers.openlibrary.org/b/id/10005619-M.jpg,https://openlibrary.org/works/OL16931573W,Open Library API,agriculture,
Raw Materials and Brewhouse Operations (Mbaa Practical Handbook for the Specialty Brewer),Karl Ockert,,,2006,1,Brewing | Fermentation | Beer,eng,https://covers.openlibrary.org/b/id/13268832-M.jpg,https://openlibrary.org/works/OL9770971W,Open Library API,fermentation,
Food supply chain management,Liz Sharples | Stephen D. Ball,,,2001,9,Industries | Business logistics | Food Industry | Food industry and trade | BUSINESS & ECONOMICS | Beverage industry | Food service management,eng,https://covers.openlibrary.org/b/id/1400598-M.jpg,https://openlibrary.org/works/OL16959578W,Open Library API,food business,
Baking,Dorie Greenspan,5.0,2.0,2006,4,baking | desserts | Baking | Pies,eng,https://covers.openlibrary.org/b/id/394540-M.jpg,https://openlibrary.org/works/OL2977762W,Open Library API,baking,
Let's eat right to keep fit,Adelle Davis,4.25,4.0,1954,20,Nutrition | Diet | Food | Alimentation | Popular Works | Diet Therapy | Nutritional Physiological Phenomena,chi | eng,https://covers.openlibrary.org/b/id/4489535-M.jpg,https://openlibrary.org/works/OL99157W,Open Library API,nutrition,
Keamanan pangan,Winiati P. Rahayu,5.0,1.0,2011,1,Safety measures | Food contamination | Food | Government policy | Food industry and trade | Prevention,ind,,https://openlibrary.org/works/OL16118989W,Open Library API,food safety,
Against the Grain,James C. Scott,4.6666665,3.0,2017,9,"Origin | Agriculture and state | Agriculture | History | State, the | Agriculture -- Origin | Agriculture and state -- History | Agriculture -- Social aspects -- History",fre | ger | eng,https://covers.openlibrary.org/b/id/10381520-M.jpg,https://openlibrary.org/works/OL19721496W,Open Library API,agriculture,
Alcoholic fermentation,Arthur Harden,5.0,1.0,1911,8,Fermentation,eng,https://covers.openlibrary.org/b/id/6141978-M.jpg,https://openlibrary.org/works/OL1472418W,Open Library API,fermentation,
The restaurant,"Walker, John R. | John R. Walker | Donald E. Lundberg",,,2000,5,"Restaurant management | Business | Nonfiction | Travel | Entrepreneurship | Hotel & catering trades | Business & Economics | Business / Economics / Finance | Business/Economics | Industries - Hospitality, Travel & Tourism | Technology / Food Industry & Science | Restaurants, marketing | Food service management",eng,https://covers.openlibrary.org/b/id/1245700-M.jpg,https://openlibrary.org/works/OL1897960W,Open Library API,food business,
Gingerbread baby,Jan Brett,2.6666667,3.0,1999,6,"Baking | Fiction | Gingerbread | Specimens | Toy and movable books | Children's fiction | Fantasy fiction | Baking, fiction | Juvenile literature | Board books",eng,https://covers.openlibrary.org/b/id/259842-M.jpg,https://openlibrary.org/works/OL13917W,Open Library API,baking,
Biology,Neil Allison Campbell | Lawrence G. Mitchell | Jane B. Reece,3.4,5.0,1994,59,"Biology | Biology, outlines, syllabi, etc. | Textbooks | Biological sciences & nutrition -> biology -> general",eng,https://covers.openlibrary.org/b/id/6386348-M.jpg,https://openlibrary.org/works/OL1983083W,Open Library API,nutrition,
Food safety in the hospitality industry,Tim Knowles,,,2002,9,"Food adulteration and inspection | Food handling | Food industry and trade | Safety measures | Europe, commerce | HEALTH & FITNESS | Safety",eng,https://covers.openlibrary.org/b/id/12850983-M.jpg,https://openlibrary.org/works/OL8467231W,Open Library API,food safety,
The Grapes of Wrath,John Steinbeck,3.9363637,110.0,1939,321,"Labor camps | Depressions | Labor camps in literature | Classic Literature | Open Library Staff Picks | Pulitzer Prize Winner | Fiction | Migrant agricultural laborers in literature | award:pulitzer_prize=1940 | open_syllabus_project | award:pulitzer_prize=fiction | California | American fiction | In literature | Migrant agricultural laborers | Rural families | Migrant agricultural laborers -- Fiction | Dust Bowl Era, 1931-1939 | Farm family | Great Depression, 1929-1939 | Agricultural laborers | Migrant labor | California, fiction | Fiction, historical | American fiction (fictional works by one author) | Fiction, family life | Fiction, political | Oklahoma, fiction | English literature | Prose",und | cat | tib | eng | ger | pol | kor | swe | spa | chi,https://covers.openlibrary.org/b/id/12715902-M.jpg,https://openlibrary.org/works/OL23205W,Open Library API,agriculture,
Fermentations.,P. Schützenberger,,,1876,4,Fermentation,eng,https://covers.openlibrary.org/b/id/5735217-M.jpg,https://openlibrary.org/works/OL235535W,Open Library API,fermentation,
The Fate of Food,Amanda Little,4.0,2.0,2019,5,Food supply | Sustainable agriculture | Environmental aspects | Food security | SOCIAL SCIENCE / Agriculture & Food (see also POLITICAL SCIENCE / Public Policy / Agriculture & Food Policy) | TECHNOLOGY & ENGINEERING / Agriculture / Sustainable Agriculture | BUSINESS & ECONOMICS / Industries / Agribusiness,eng | chi,https://covers.openlibrary.org/b/id/10327347-M.jpg,https://openlibrary.org/works/OL21096576W,Open Library API,food business,
Advanced Bread and Pastry,Michel Suas,5.0,1.0,2008,4,Bread | Baking | Pastry | Baked products | Baking - general & miscellaneous | Pastries | Breads & muffins,eng,https://covers.openlibrary.org/b/id/2790698-M.jpg,https://openlibrary.org/works/OL9741991W,Open Library API,baking,
Nutrition,Lori A. Smolin | Smolin,4.25,4.0,1994,45,Nutrition | Health | Nutritionally induced diseases | Ernährungswissenschaft | Gesunde Ernährung,eng,https://covers.openlibrary.org/b/id/10679904-M.jpg,https://openlibrary.org/works/OL3000098W,Open Library API,nutrition,
Food safety for the 21st century,William H. Sperber,,,2010,9,Food | Safety  measures | Hazard Analysis and Critical Control Point (Food safety system) | Quality control | Food industry and trade | Business logistics | Safety measures,eng,https://covers.openlibrary.org/b/id/13075403-M.jpg,https://openlibrary.org/works/OL15571666W,Open Library API,food safety,
Farm power and machinery management,Donnell Hunt,4.5,2.0,1956,12,Agricultural machinery | Farm mechanization,eng,https://covers.openlibrary.org/b/id/3909795-M.jpg,https://openlibrary.org/works/OL3738190W,Open Library API,agriculture,
Preserving the Japanese way,Nancy Singleton Hachisu,,,2015,6,"Salting of food | Food | Fermented foods | Japanese | Preservation | Canning and preserving | Japanese Cooking | Fermentation | Cooking, japanese",eng,https://covers.openlibrary.org/b/id/14304227-M.jpg,https://openlibrary.org/works/OL20008658W,Open Library API,fermentation,
Food Policy in the United States,Parke Wilde,,,2013,16,Nutrition policy | Food supply | Politique alimentaire | BUSINESS & ECONOMICS / Infrastructure | SOCIAL SCIENCE / General,eng,https://covers.openlibrary.org/b/id/9233873-M.jpg,https://openlibrary.org/works/OL20592837W,Open Library API,food business,
The art of fine baking,Paula Peck,3.0,1.0,1961,7,Baking | Cooking,eng,https://covers.openlibrary.org/b/id/782500-M.jpg,https://openlibrary.org/works/OL2647121W,Open Library API,baking,
Introductory nutrition,Helen Andrews Guthrie,,,1967,8,Nutrition | Nutritional Physiological Phenomena,eng,https://covers.openlibrary.org/b/id/4273377-M.jpg,https://openlibrary.org/works/OL3513442W,Open Library API,nutrition,
The ultimate frontier,Eklal Kueshana,,,1963,8,Ancient Philosophy | Brotherhoods | Occultism | Prophecies | Prophecies (Occultism) | Religious communities | Secret societies | Civilization | Lemuria | Exports | Imports | Safety measures | Food | Economic aspects | United States. Food and Drug Administration,spa | eng,https://covers.openlibrary.org/b/id/4815430-M.jpg,https://openlibrary.org/works/OL8795258W,Open Library API,food safety,
Principles of farm machinery,Robert Allen Kepner,5.0,2.0,1972,2,Agricultural machinery | Agricultural engineering | Machines agricoles,eng,https://covers.openlibrary.org/b/id/4434761-M.jpg,https://openlibrary.org/works/OL1302560W,Open Library API,agriculture,
Handbook of indigenous fermented foods,Keith H. Steinkraus,,,1995,2,"Fermented foods | Handbooks, manuals | Fermentation | Food habits",eng,https://covers.openlibrary.org/b/id/1566704-M.jpg,https://openlibrary.org/works/OL18848818W,Open Library API,fermentation,
NRAEF ManageFirst,NRA National Restaurant Assoc. Educational Foundation,,,2006,22,"Accounting | Services alimentaires | Managerial accounting | Food service | Restaurants | Comptabilite de gestion | Comptabilite | Food service management | Menus | Restaurants, marketing | Hospitality industry | Restaurant management | Personnel management | Entrepreneurship | Business ethics | Inventory control | Cost control | Customer services | Management | Marketing",eng,https://covers.openlibrary.org/b/id/1112501-M.jpg,https://openlibrary.org/works/OL7952065W,Open Library API,food business,
Baking science & technology,E. J. Pyler,5.0,1.0,1952,4,Baking,eng,,https://openlibrary.org/works/OL4654476W,Open Library API,baking,
Omnivore's Dilemma. A Natural History of Four Meals,Michael Pollan | Richie Chevat | Raul Nagore,4.130435,46.0,2006,28,hunting | foodies | feral pigs | wild mushrooms | abalone | salads | leaf vegetables | sourdough | wild yeast | cherries | Whole Foods Market | omnivores | food chains | organic food | American cuisine | Food habits | nyt:paperback_nonfiction=2008-10-04 | New York Times bestseller | Food preferences | Evolution | Agriculture | Habitudes alimentaires | Feeding Behavior | Ernährungsgewohnheit | Préférences alimentaires | Évolution | Ernährungsökologie | Eating customs | Nahrungskette | Food chains (ecology),eng | heb | spa | rum,https://covers.openlibrary.org/b/id/8596706-M.jpg,https://openlibrary.org/works/OL3296483W,Open Library API,nutrition,
HACCP,Merle D. Pierson | Donald A. Corlett,,,2012,3,"Safety measures | Quality control | Food | Hazard Analysis and Critical Control Point (Food safety system) | Food industry and trade | Microbiology | Food, microbiology",eng,https://covers.openlibrary.org/b/id/8656492-M.jpg,https://openlibrary.org/works/OL19854178W,Open Library API,food safety,
Restoration agriculture,Mark Shepard,5.0,1.0,2013,1,Permaculture | Edible forest gardens | Sustainable agriculture | Agricultural ecology | Alternative agriculture | Agriculture,eng,https://covers.openlibrary.org/b/id/10084144-M.jpg,https://openlibrary.org/works/OL19970935W,Open Library API,agriculture,
Ferment,Holly Davis,3.0,1.0,2017,3,Fermentation | Cooking,eng,https://covers.openlibrary.org/b/id/8803652-M.jpg,https://openlibrary.org/works/OL20158567W,Open Library API,fermentation,
Appetite for Profit,Michele Simon,4.5,2.0,2006,3,"Nutrition | Food habits | Food industry and trade | Food Industry | Popular Works | Economics | Ethics | Food Preferences | Health Status | Nutrition Policy | Obesity | Public health, united states | Social responsibility of business | Feeding Behavior",eng,https://covers.openlibrary.org/b/id/789933-M.jpg,https://openlibrary.org/works/OL8859398W,Open Library API,food business,
The simple art of perfect baking,Flo Braker,,,1985,7,Desserts | Baking | Cooking,eng,https://covers.openlibrary.org/b/id/601031-M.jpg,https://openlibrary.org/works/OL4283728W,Open Library API,baking,
Nutrition and physical fitness,Lotta Jean Bogert | George M. Briggs | Doris Howes Calloway,4.1666665,6.0,1931,19,Nutrition | Physical fitness | Diet | Food | Digestion | Health | Hygiene | Nutritional Physiological Phenomena | Nutritional aspects,eng,https://covers.openlibrary.org/b/id/7155807-M.jpg,https://openlibrary.org/works/OL142101W,Open Library API,nutrition,
Home Comforts,Cheryl Mendelson,5.0,1.0,1999,5,house & home | decorating & furnishings | Maintenance & Repair | cleaning & caretaking | Home economics | food | cloth | cleanliness | materials | daily life | sleep | safe shelter | Home Cooking | breakfast | lunch | dinner | beverages | meals | kitchen culture | safe food | fabric | natural fibers | Man-Made Fibers | Care Labels | laundry | Ironing | linens | stains | air | dust,eng,https://covers.openlibrary.org/b/id/8383746-M.jpg,https://openlibrary.org/works/OL5736885W,Open Library API,food safety,
Krishi-Parashara =,Parāśara,5.0,2.0,1999,1,Agriculture | History,eng | san,,https://openlibrary.org/works/OL2598045W,Open Library API,agriculture,
Fermented foods and beverages of the world,Jyoti Prakash Tamang,0.0,0.0,2010,4,"Food | Fermented milk | Fermented foods | Microbiology | History | Fermentation | Beverages | Food, analysis",eng,https://covers.openlibrary.org/b/id/9512120-M.jpg,https://openlibrary.org/works/OL16651449W,Open Library API,fermentation,
Planning and control for food and beverage operations,Jack D. Ninemeier,5.0,1.0,1982,7,Bartending | Food service management | Gestion | Restaurants | Business &amp; economics | Management,eng,https://covers.openlibrary.org/b/id/3792305-M.jpg,https://openlibrary.org/works/OL2743453W,Open Library API,food business,
Cookie-Store Cat,Cynthia Rylant,4.5,2.0,1999,4,"Cats | Baking | Fiction | Children's fiction | Cats, fiction | Baking, fiction",eng,https://covers.openlibrary.org/b/id/384936-M.jpg,https://openlibrary.org/works/OL64131W,Open Library API,baking,
"Soil, Grass and Cancer",Andrė Voisin,2.0,2.0,1959,6,Cancer | Causes and theories of causation | Composition | Diseases | Nutrition | Nutritional aspects | Nutritional aspects of Cancer | Soils | Soils and animal nutrition | Soils and nutrition | Disease | Etiology | Neoplasms | Nutrition disorders | Soil | Nutritional Physiological Phenomena | Chemistry,eng | fre,https://covers.openlibrary.org/b/id/702988-M.jpg,https://openlibrary.org/works/OL544036W,Open Library API,nutrition,
Codex alimentarius,Joint FAO/WHO Codex Alimentarius Commission.,,,1981,22,"Biotechnology | Codex alimentarius | Food | Food adulteration and inspection | Food handling | Food industry and trade | Food law and legislation | Handbooks, manuals | Health risk assessment | Joint FAO/WHO Codex Alimentarius Commission | Labeling | Law and legislation | Natural foods | Quality control | Safety measures | Standards | Aliments | Normes | Droit | Food, labeling | Quality control, standards | Fruit | Vegetables | Grain | Legumes | Food Labeling | Food Legislation | Food-Processing Industry | Food Inspection | Health Food",eng,https://covers.openlibrary.org/b/id/4907755-M.jpg,https://openlibrary.org/works/OL854917W,Open Library API,food safety,
The Unsettling of America,Wendell Berry,5.0,1.0,1977,13,"Agriculture | Social aspects of Agriculture | Economic aspects of Agriculture | Rural conditions | Landwirtschaft | Soziale Situation | Social aspects | Economic aspects | Ländlicher Raum | Agriculture, united states | Agriculture, social aspects | Farm mechanization | Culture | Agriculture, economic aspects, united states | United states, rural conditions",eng,https://covers.openlibrary.org/b/id/4792566-M.jpg,https://openlibrary.org/works/OL14862077W,Open Library API,agriculture,
The complete idiot's guide to fermenting foods,Wardeh Harmon,,,2012,1,Canning and preserving | Fermented foods | Fermentation,eng,https://covers.openlibrary.org/b/id/12712243-M.jpg,https://openlibrary.org/works/OL16694408W,Open Library API,fermentation,
Tamime and Robinson's yoghurt,A. Y. Tamime,5.0,1.0,2007,3,"Yogurt | Technological innovations | Yogurt industry | Food science | Food industry | Professional, career & trade -> food technology -> food science | Business & economics -> business -> industries",eng,https://covers.openlibrary.org/b/id/8725615-M.jpg,https://openlibrary.org/works/OL19905627W,Open Library API,food business,
Cake pop crush,Suzanne Nelson,4.0,6.0,2013,1,"Bakeries | Boys | Baking | Juvenile fiction | Contests | Girls | Children's fiction | Baking, fiction | Boys, fiction | Girls, fiction | Contests, fiction",eng,https://covers.openlibrary.org/b/id/8126965-M.jpg,https://openlibrary.org/works/OL17833410W,Open Library API,baking,
Fasting Can Save Your Life,Herbert M. Shelton,2.0,1.0,1964,2,Fasting | Nutrition | Health aspects,eng,https://covers.openlibrary.org/b/id/6681828-M.jpg,https://openlibrary.org/works/OL3009649W,Open Library API,nutrition,
Caution in the kitchen!,Jennifer Boothroyd | Intuitive | Intuitive Intuitive,,,2016,8,"Food allergy | Food handling | Food contamination | Safety | Safety education | Safety education, juvenile literature | Allergy | Allergy, juvenile literature | Safety measures | Juvenile literature",eng,https://covers.openlibrary.org/b/id/12913231-M.jpg,https://openlibrary.org/works/OL19742599W,Open Library API,food safety,
The art of the commonplace,Wendell Berry | Norman Wirzba,4.0,1.0,2002,6,"Social aspects of Agriculture | Agriculture | Economic aspects of Agriculture | Agriculture, united states | Agriculture, economic aspects, united states | Agriculture, social aspects | American literature | Economic aspects | Social aspects",eng,https://covers.openlibrary.org/b/id/871313-M.jpg,https://openlibrary.org/works/OL14862058W,Open Library API,agriculture,
Fermenting for dummies,Marni Wasserman,,,2013,6,"Fermentation | Fermented foods | Cooking | Food, preservation | Food | Canning and preserving",eng,https://covers.openlibrary.org/b/id/12961332-M.jpg,https://openlibrary.org/works/OL19970334W,Open Library API,fermentation,
Food Supply Chain Management and Logistics,Samir Dani,,,2015,9,Business logistics | Food supply | Food industry and trade | Management | Marketing | Produce trade | BUSINESS & ECONOMICS / Production & Operations Management | BUSINESS & ECONOMICS / Distribution | BUSINESS & ECONOMICS / Facility Management | BUSINESS & ECONOMICS / Management Science | BUSINESS & ECONOMICS / Management,eng,https://covers.openlibrary.org/b/id/9138097-M.jpg,https://openlibrary.org/works/OL20473345W,Open Library API,food business,
How baking works,Paula Figoni,,,2011,1,Baking,eng,https://covers.openlibrary.org/b/id/12839231-M.jpg,https://openlibrary.org/works/OL18635530W,Open Library API,baking,
"Krause's food, nutrition, & diet therapy",L. Kathleen Mahan | Sylvia Escott-Stump,5.0,1.0,1996,3,Nutrition | Food | Voeding | Dieettherapie | Diétothérapie | Diet therapy | Aliments | Nutritional Physiological Phenomena | Dietetics & nutrition | Nursing - Nutrition | Medical / Nursing | Medical | Medical / Nursing / Nutrition,eng,https://covers.openlibrary.org/b/id/458713-M.jpg,https://openlibrary.org/works/OL15162222W,Open Library API,nutrition,
Engineering for food safety and sanitation,Thomas J. Imholte,,,1984,2,Food industry and trade | Safety measures | Sanitation,eng,https://covers.openlibrary.org/b/id/12928842-M.jpg,https://openlibrary.org/works/OL5289507W,Open Library API,food safety,
Pengantar ekonomi pertanian,Mubyarto.,5.0,1.0,1973,2,Agriculture | Economic aspects of Agriculture | Economic aspects | Rural development,ind,https://covers.openlibrary.org/b/id/4053624-M.jpg,https://openlibrary.org/works/OL945981W,Open Library API,agriculture,
Mastering fermentation,Mary Karlin,,,2013,1,Fermented foods | Fermentation | Cooking | Food,eng,https://covers.openlibrary.org/b/id/12628884-M.jpg,https://openlibrary.org/works/OL19970320W,Open Library API,fermentation,
Good Burger 2 go,Steve Holland,5.0,1.0,1998,3,"Fast food restaurants | Hamburgers | Juvenile fiction | Sauces | Good burger (Motion picture) | Business | Kidnapping | Children's fiction | Children, fiction",eng,https://covers.openlibrary.org/b/id/2547284-M.jpg,https://openlibrary.org/works/OL738352W,Open Library API,food business,
Baking for Dummies,Emily Nolan,,,2002,3,Baking,eng,https://covers.openlibrary.org/b/id/521892-M.jpg,https://openlibrary.org/works/OL2769746W,Open Library API,baking,
Food Science And Nutrition,Sunetra Roday,5.0,1.0,2007,2,Food | Nutrition,eng,https://covers.openlibrary.org/b/id/7641574-M.jpg,https://openlibrary.org/works/OL17469685W,Open Library API,nutrition,
Food security,Kathy Wilson Peacock,,,2011,1,"Safety measures | Food security | Food | Food supply | Juvenile literature | Lebensmittelversorgung | Food supply, juvenile literature",eng,https://covers.openlibrary.org/b/id/7257308-M.jpg,https://openlibrary.org/works/OL15942478W,Open Library API,food safety,
"Hello, World! How Do Apples Grow?",Jill McDonald,,,2019,1,Agriculture,,https://covers.openlibrary.org/b/id/8807086-M.jpg,https://openlibrary.org/works/OL20161413W,Open Library API,agriculture,
Industrial microbiology,Samuel Cate Prescott,,,1940,5,Yeast | Microbiology | Technical Chemistry | Industrial microbiology | Yeasts | Fermentation | Bacteria | Molds (Fungi),eng,https://covers.openlibrary.org/b/id/7052606-M.jpg,https://openlibrary.org/works/OL6441633W,Open Library API,fermentation,
Gastrophysics,"Spence, Charles (Experimental psychologist)",3.0,1.0,2017,1,Food | Gastronomy | Sensory evaluation | Dinners and dining | Nutrition | Senses and sensation | BUSINESS & ECONOMICS / Industries / Food Industry | COOKING / Methods / Garnishing & Food Presentation | TECHNOLOGY & ENGINEERING / Food Science | COOKING / Reference | Food habits | Psychological aspects | Intersensory effects | SCIENCE / Essays | SOCIAL SCIENCE / Agriculture & Food | Popular Science | Food & Society | Neurosciences | Food--sensory evaluation | Business & economics / industries / food industry | Cooking / methods / garnishing & food presentation | Technology & engineering / food science | Tx631 .s679 2017 | 641.01/3,eng,https://covers.openlibrary.org/b/id/13138970-M.jpg,https://openlibrary.org/works/OL19712248W,Open Library API,food business,
The Fannie Farmer baking book,Marion Cunningham,4.0,1.0,1984,2,Baking,eng,https://covers.openlibrary.org/b/id/320780-M.jpg,https://openlibrary.org/works/OL1921062W,Open Library API,baking,
Good enough to eat,Lizzy Rockwell | Rockwell,4.0,1.0,1997,6,"Juvenile literature | Nutrition | Food | Children | Nutrition, juvenile literature | Children, nutrition",eng,https://covers.openlibrary.org/b/id/24384-M.jpg,https://openlibrary.org/works/OL1826076W,Open Library API,nutrition,
Microorganisms in Foods 8,International Commission on Microbiological Specifications for Foods,,,2011,1,"Chemistry | Food, microbiology | Methods | Food | Food Industry | Food Inspection | Analysis | Standards | Food Microbiology | Food Safety | Food Analysis | Food, analysis | Food industry and trade | Food adulteration and inspection | Chemistry/Food Science, general",eng,https://covers.openlibrary.org/b/id/9908770-M.jpg,https://openlibrary.org/works/OL16995261W,Open Library API,food safety,
Essentials of agricultural economics,A. J. Adegeye,,,1982,3,Agriculture | Economic aspects | Economic aspects of Agriculture,eng,,https://openlibrary.org/works/OL5406028W,Open Library API,agriculture,
"Fermentation Microbiology and Biotechnology, Fourth Edition",E. M. T. El-Mansi | Jens Nielsen | David Mousdale | Ross P. Carlson,,,2018,5,Industrial microbiology | Fermentation,eng,https://covers.openlibrary.org/b/id/12438695-M.jpg,https://openlibrary.org/works/OL25225794W,Open Library API,fermentation,
Meet Me At The Cupcake Cafe,Jenny Colgan | Jenny Colgan,3.3333333,3.0,2011,9,"Bakers | New business enterprises | Fiction | Fiction, women | Confectioners | Life change events | Conduct of life | Women in the food industry | Fiction, general | Fiction, humorous, general | Fiction, romance, general",eng,https://covers.openlibrary.org/b/id/7825423-M.jpg,https://openlibrary.org/works/OL17561924W,Open Library API,food business,
Artisan bread in five minutes a day,Jeff Hertzberg,4.6666665,3.0,2007,5,Bread | Baking,eng,https://covers.openlibrary.org/b/id/7316076-M.jpg,https://openlibrary.org/works/OL9392539W,Open Library API,baking,
Nutrition,Joan Salge Blake,,,2009,20,Textbooks | Nutrition,eng,https://covers.openlibrary.org/b/id/10123322-M.jpg,https://openlibrary.org/works/OL18634124W,Open Library API,nutrition,
Essentials of food safety and sanitation,David Zachary McSwane,,,1998,2,Food service | Safety measures | Food handling | Sanitation,eng,https://covers.openlibrary.org/b/id/1114229-M.jpg,https://openlibrary.org/works/OL23646268W,Open Library API,food safety,
Principles of agribusiness management,James G. Beierlein,3.5,4.0,1986,5,"Agricultural industries | Management | Finance | Agriculture, economic aspects",eng,https://covers.openlibrary.org/b/id/1933180-M.jpg,https://openlibrary.org/works/OL3150795W,Open Library API,agriculture,
Nutritional ecology of the ruminant,Peter J. Van Soest,,,1982,4,Animal nutrition | Feeding and feeds | Feeds | Rumen fermentation | Ruminants,eng,https://covers.openlibrary.org/b/id/3873199-M.jpg,https://openlibrary.org/works/OL3463538W,Open Library API,fermentation,
Food and Beverage Cost Control,Jack E. Miller,,,2001,5,"Food service | Cost control | Industries | TRAVEL | Hospitality, Travel & Tourism | BUSINESS & ECONOMICS | Restaurants | Food industry and trade | Beverage industry | Services alimentaires | Coût | Contrôle",eng,https://covers.openlibrary.org/b/id/1244509-M.jpg,https://openlibrary.org/works/OL1802199W,Open Library API,food business,
How Baking Works,Paula I. Figoni,,,2003,7,Cooking & Food | Nonfiction | Baking,eng,https://covers.openlibrary.org/b/id/1250541-M.jpg,https://openlibrary.org/works/OL8227472W,Open Library API,baking,
Nourishing traditions,Sally Fallon,4.5,2.0,1995,5,Nutrition | Cookery | Cooking,eng,https://covers.openlibrary.org/b/id/732441-M.jpg,https://openlibrary.org/works/OL2846748W,Open Library API,nutrition,
Food Safety,Sharon Gordon,,,2001,2,Safety measures | Safety | Picture books | Food adulteration and inspection | Safety education | Food handling | Juvenile literature,eng,https://covers.openlibrary.org/b/id/1264166-M.jpg,https://openlibrary.org/works/OL4965466W,Open Library API,food safety,
Agricultural Research Updates,Prathamesh Gorawala,,,2012,19,"Agriculture | Agriculture, research",eng,https://covers.openlibrary.org/b/id/8942129-M.jpg,https://openlibrary.org/works/OL20284185W,Open Library API,agriculture,
Cultured Foods for Your Kitchen: 100 Recipes Featuring the Bold Flavors of Fermentation,Leda Scheintaub,,,2014,1,Fermented foods | Fermentation | Cooking | COOKING / General,eng,https://covers.openlibrary.org/b/id/8462109-M.jpg,https://openlibrary.org/works/OL19349796W,Open Library API,fermentation,
Hospitality marketing management,Robert D. Reid | David C. Bojanic,,,1989,8,"Accueil (Tourisme) | Business | Food service | Hospitality industry | Marketing | Nonfiction | Restaurants | Services alimentaires | Industries - Hospitality, Travel & Tourism | Business / Economics / Finance | Sales & marketing management | Food Service Management | Cooking | Business/Economics | Business & Economics / Hospitality, Travel & Tourism | Methods - Professional | Study and teaching | Hotel management | Restaurants, marketing",eng | und,https://covers.openlibrary.org/b/id/4142284-M.jpg,https://openlibrary.org/works/OL4807197W,Open Library API,food business,
Beard on bread,James Beard | Karl Stuecklen,,,1973,5,Bread | Baking,eng,https://covers.openlibrary.org/b/id/4507627-M.jpg,https://openlibrary.org/works/OL1925014W,Open Library API,baking,
Let's Get Well,Adelle Davis,4.0,4.0,1965,17,"Diet in disease | Diet in diseases | Popular Works | Nutritional Physiological Phenomena | Diet Therapy | Self-care, health | Nutrition",chi | eng,https://covers.openlibrary.org/b/id/6629531-M.jpg,https://openlibrary.org/works/OL99158W,Open Library API,nutrition,
A colony for an Indian reserve in Kansas,C. C. Hutchinson,3.75,4.0,1863,1,Agricultural colonies -- Kansas. | Ottawa Indians.,eng,,https://openlibrary.org/works/OL15437558M,Open Library API,agriculture,
Yeast,Chris White,,,2010,1,Brewing | Fermentation | Yeast,eng,https://covers.openlibrary.org/b/id/12184515-M.jpg,https://openlibrary.org/works/OL16651463W,Open Library API,fermentation,
The food truck handbook,David Weber,,,2012,1,Food service | Management | BUSINESS & ECONOMICS / Entrepreneurship | New business enterprises | Food industry and trade | Industrial management,eng,https://covers.openlibrary.org/b/id/14362919-M.jpg,https://openlibrary.org/works/OL16499629W,Open Library API,food business,
BakingStyle,Lisa Yockelson,,,2011,6,Baking,eng,https://covers.openlibrary.org/b/id/9435762-M.jpg,https://openlibrary.org/works/OL15632802W,Open Library API,baking,
Nutrition and physical degeneration,Weston A. Price | Weston Andrew Price,,,1938,15,Anthropology | Cariogenic Diet | Civilization | Diet | Diseases | Nutrition and dental health | Nutrition disorders | Nutritional anthropology | Nutritionally induced diseases | Primitive societies | Teeth | Tooth Diseases | Ernährungskrankheit | Ernährungsgewohnheit | Zahnkrankheit | Ernährung | Ureinwohner | Nutritional Physiological Phenomena | Physical Anthropology | Prehistoric peoples | Nutrition | Degeneration (Pathology) | Hygiene | Oral Health,eng,https://covers.openlibrary.org/b/id/676267-M.jpg,https://openlibrary.org/works/OL98980W,Open Library API,nutrition,
The certified HACCP auditor handbook,John G. Surak | Steven Wilson,,,2007,2,"Safety measures | Food adulteration and inspection | Hazard Analysis and Critical Control Point (Food safety system) | Food industry and trade | Food handling | Handbooks, manuals",eng,https://covers.openlibrary.org/b/id/2673210-M.jpg,https://openlibrary.org/works/OL18693388W,Open Library API,food safety,
The People of Sparks (Book of Ember #2),Jeanne DuPrau,3.8125,16.0,2004,11,Agriculture | Juvenile Fiction | Fiction | Traditional farming | Fantasy | War | Vandalism | Refugees | Children's fiction | Science fiction | Fantasy fiction | New York Times reviewed,spa | eng,https://covers.openlibrary.org/b/id/234047-M.jpg,https://openlibrary.org/works/OL4132757W,Open Library API,agriculture,
Brewing Yeast Fermentation Performance,Katherine Smart,,,2000,6,Fermentation | Yeast,eng,https://covers.openlibrary.org/b/id/1329284-M.jpg,https://openlibrary.org/works/OL8233200W,Open Library API,fermentation,
Feeding the World,Vaclav Smil,5.0,2.0,2000,3,Agricultural productivity | Food supply | Agriculture | Productivité | BUSINESS & ECONOMICS | Industries | Agribusiness | TECHNOLOGY & ENGINEERING | Sustainable Agriculture,eng,https://covers.openlibrary.org/b/id/150701-M.jpg,https://openlibrary.org/works/OL1855339W,Open Library API,food business,
Bunny Cakes (Max and Ruby),Rosemary Wells,4.6666665,3.0,1997,12,"Children's fiction | Rabbits, fiction | Baking | Brothers and sisters | Cake | Rabbits | Juvenile fiction | Fiction | Siblings | Brothers and sisters, fiction | Baking, fiction | Birthday cakes | Food, fiction | Siblings, fiction",spa | eng | ita | chi,https://covers.openlibrary.org/b/id/105467-M.jpg,https://openlibrary.org/works/OL32569W,Open Library API,baking,
Ilmu gizi,Sumarmo Sunaryo Poorwo Soedarmo | Achmad Djaeni Sediaoetama,4.0,2.0,1974,1,Nutrition | Diet | Food supply,ind,,https://openlibrary.org/works/OL22600114W,Open Library API,nutrition,
Methods in Food Analysis,Rui M. S. Cruz | Igor Khmelinski | Margarida Viera,,,2014,4,"Food, analysis | Food Analysis | Methods | Food | Analysis | BUSINESS & ECONOMICS | Infrastructure | SOCIAL SCIENCE | General | Safety measures | Food -- Safety measures",eng,https://covers.openlibrary.org/b/id/14496338-M.jpg,https://openlibrary.org/works/OL21260698W,Open Library API,food safety,
The Pests of Crops in Indonesia,Louis George Edmund Kalshoven,4.5,2.0,1950,4,Agricultural pests | Plant parasites | Beneficial insects | Insect pests | Zoology,ger | eng | dut,https://covers.openlibrary.org/b/id/14560299-M.jpg,https://openlibrary.org/works/OL6206697W,Open Library API,agriculture,
The Art of Making Fermented Sausages,Stanley Marianski,,,2008,3,Preservation | Sausages | Meat | Fermentation | Cookery (Sausages) | Cooking (Sausages),eng,https://covers.openlibrary.org/b/id/6304863-M.jpg,https://openlibrary.org/works/OL14955922W,Open Library API,fermentation,
Coffeeland,Augustine Sedgewick,5.0,1.0,2020,7,Beverage industry | Coffee trade | Coffee industry | History | Economic aspects | Globalization | HISTORY / Latin America / General | BUSINESS & ECONOMICS / Globalization | BUSINESS & ECONOMICS / Industries / Food Industry | Case studies,eng,https://covers.openlibrary.org/b/id/9416326-M.jpg,https://openlibrary.org/works/OL20730701W,Open Library API,food business,
The King Arthur Flour Baker's Companion,King Arthur Flour,,,2003,3,Baking | Baked products,eng,https://covers.openlibrary.org/b/id/678582-M.jpg,https://openlibrary.org/works/OL8587839W,Open Library API,baking,
Nutrition for dummies,Carol Ann Rinzler,,,2007,12,Nutrition | Dietetics,eng,https://covers.openlibrary.org/b/id/12414997-M.jpg,https://openlibrary.org/works/OL20029421W,Open Library API,nutrition,
Introduction to the US Food System,Roni Neff,,,2014,2,"Public health, united states | Food supply | Ecology | Food industry and trade | Environment | Food Industry | Nutritional Physiological Phenomena | Public Health | Food | Safety measures | Nutrition | Environmental aspects",eng,https://covers.openlibrary.org/b/id/9013361-M.jpg,https://openlibrary.org/works/OL20347793W,Open Library API,food safety,
Farm machinery,Claude Culpin,5.0,1.0,1952,15,Agricultural machinery | Machines agricoles,eng,https://covers.openlibrary.org/b/id/12653731-M.jpg,https://openlibrary.org/works/OL6722465W,Open Library API,agriculture,
Traditionally fermented foods,Shannon Stonger,,,2017,2,Cooking (Fermented foods) | Fermentation,eng,https://covers.openlibrary.org/b/id/14526880-M.jpg,https://openlibrary.org/works/OL19762337W,Open Library API,fermentation,
How to start & manage a sandwich shop/deli business,Jerre G. Lewis,,,1996,6,Management | New business enterprises | Small business | Food industry and trade | Delicatessens,eng,https://covers.openlibrary.org/b/id/5186953-M.jpg,https://openlibrary.org/works/OL3012835W,Open Library API,food business,
Baking,Emma Patmore,,,1998,6,Baking,eng,https://covers.openlibrary.org/b/id/10196071-M.jpg,https://openlibrary.org/works/OL20874537W,Open Library API,baking,
Advanced nutrition,Carolyn D. Berdanier | Janos Zempleni,4.0,2.0,1995,22,"Diet in disease | Dietary Carbohydrates | Dietary Fats | Dietary Proteins | Energy metabolism | Metabolism | Micronutrients | Minerals in nutrition | Nutrition | Nutrition Physiology | Trace elements | Vitamins | Food Science | Physiology | Medical / Nutrition | Life Sciences - Biochemistry | Medical | Medical / Nursing | Nutritional Physiological Phenomena | Métabolisme énergétique | Métabolisme | Physiologie de la nutrition | Nutrition, research | Low-protein diet | Dietary supplements | Energy Metabolism | American Cooking | Southwestern style | Cooking | Social life and customs",eng,https://covers.openlibrary.org/b/id/1598836-M.jpg,https://openlibrary.org/works/OL2736370W,Open Library API,nutrition,
Haccp,Sara E. Mortimore | Carol A. Wallace,,,2007,5,Food adulteration and inspection | Food handling | Hazard Analysis and Critical Control Point (Food safety system) | Safety measures | TECHNOLOGY & ENGINEERING / Food Science,eng,https://covers.openlibrary.org/b/id/13842123-M.jpg,https://openlibrary.org/works/OL21553022W,Open Library API,food safety,
"Agroforestry, principles and practices","Dwivedi, A. P.",,,1992,1,Agroforestry | Agriculture,eng,https://covers.openlibrary.org/b/id/13312834-M.jpg,https://openlibrary.org/works/OL3433698W,Open Library API,agriculture,
Economic analysis of fermentation processes,Harold B. Reisman,,,1988,7,Fermentation,eng,https://covers.openlibrary.org/b/id/4117793-M.jpg,https://openlibrary.org/works/OL4964665W,Open Library API,fermentation,
Homemade for sale,Lisa Kivirist | John Ivanko,,,2015,7,Marketing | Home-based businesses | Management | New business enterprises | Food industry and trade,eng,https://covers.openlibrary.org/b/id/12467413-M.jpg,https://openlibrary.org/works/OL20001838W,Open Library API,food business,
Bake from scratch,Brian Hart Hoffman,,,2018,5,Cake | Desserts | Baking | Pastry | Bread | Cooking | American Cooking | Southern style | Baked products | Pies | Cookies,eng,https://covers.openlibrary.org/b/id/12636763-M.jpg,https://openlibrary.org/works/OL19747699W,Open Library API,baking,
Nutrition,Janice Thompson | Janice Thompson | Melinda Manore,,,2008,6,Nutrition,eng,https://covers.openlibrary.org/b/id/2383983-M.jpg,https://openlibrary.org/works/OL12375910W,Open Library API,nutrition,
Aflatoxin and food safety,Hamed K. Abbas,,,2005,6,Food | Aflatoxins | Safety measures,eng,https://covers.openlibrary.org/b/id/13853331-M.jpg,https://openlibrary.org/works/OL19278883W,Open Library API,food safety,
A Painted House,John Grisham,4.0666666,15.0,2000,59,"Boys | Cotton farmers | Migrant labor | Nineteen fifties | Farm life | Fiction | Large type books | Rural families | Arkansas, fiction | Fiction, historical | New York Times reviewed | American fiction | Bildungsromans | Fiction, historical, general | Fiction, thrillers, suspense | Muchachos | Ficción | Vida agrícola | Familias rurales | Granjeros de algodón | Domestic fiction | Cotton growing | Tenant farmers | Mexican American migrant agricultural laborers | Migrant agricultural laborers | Baseball stories | Children's secrets",pol | por | rus | eng | ger | fre | spa | ita,https://covers.openlibrary.org/b/id/9322890-M.jpg,https://openlibrary.org/works/OL76991W,Open Library API,agriculture,
Fermented milks,A. Y. Tamime,,,2006,2,Fermented milk | Yogurt,eng,https://covers.openlibrary.org/b/id/1329259-M.jpg,https://openlibrary.org/works/OL19807942W,Open Library API,fermentation,
Food Sovereignty in International Context,Amy Trauger,,,2015,7,Food supply | Food security | SOCIAL SCIENCE / Agriculture & Food | Sécurité alimentaire | BUSINESS & ECONOMICS | Industries | General,eng,,https://openlibrary.org/works/OL21279705W,Open Library API,food business,
The Hummingbird Bakery Cookbook,Tarek Malouf,,,2009,4,Cakes | Cupcakes | Baking | Desserts | Hummingbird Bakery | Baked products | Cooking,eng,https://covers.openlibrary.org/b/id/7070063-M.jpg,https://openlibrary.org/works/OL13654063W,Open Library API,baking,
Medicinal secrets of your food,Aman,5.0,1.0,1969,2,Deficiency diseases | Diet therapy | Food | Nutrition | Nutrition Physiology,eng,,https://openlibrary.org/works/OL6998135W,Open Library API,nutrition,
International Food Safety Handbook,Kees Van der Heijden,,,2019,4,"Food adulteration and inspection | Handbooks, manuals | Food industry and trade | Safety measures | TECHNOLOGY | Food Science",eng,,https://openlibrary.org/works/OL28334277W,Open Library API,food safety,
Handy farm devices and how to make them,Rolfe Cobleigh,,,1910,21,"Handbooks, manuals | Design and construction | Farm equipment | Farm buildings | Agricultural implements | Agricultural machinery | Do-it-yourself work | Agriculture | Landbouwwerktuigen | Geschiedenis | Agriculture, handbooks, manuals, etc.",eng,https://covers.openlibrary.org/b/id/782418-M.jpg,https://openlibrary.org/works/OL2959120W,Open Library API,agriculture,
Food and gender,Carole Counihan | Steven L. Kaplan,,,1998,7,Infrastructure | SOCIAL SCIENCE | Food | Food habits | General | Social aspects | Psychological aspects | BUSINESS & ECONOMICS | Nutrition,eng,https://covers.openlibrary.org/b/id/8650164-M.jpg,https://openlibrary.org/works/OL19850720W,Open Library API,food business,
100 Great Breads,Paul Hollywood,,,2004,6,Bread | Baking | Cooking (Bread) | Baked products,eng,https://covers.openlibrary.org/b/id/893682-M.jpg,https://openlibrary.org/works/OL8494033W,Open Library API,baking,
How Not to Die,Michael Greger | Gene Stone,4.5333333,15.0,2015,7,"Nutrition | Self-care, Health | HEALTH & FITNESS / Nutrition | HEALTH & FITNESS / Healthy Living | HEALTH & FITNESS / Food Content Guides | Food preferences | Chronic diseases | Popular works | Longevity | nyt:advice-how-to-and-miscellaneous=2015-12-27 | New York Times bestseller",eng,https://covers.openlibrary.org/b/id/7398330-M.jpg,https://openlibrary.org/works/OL17319629W,Open Library API,nutrition,
Food Safety Management,Yasmine Motarjemi | Huub Lelieveld,,,2013,5,"Food handling | Food industry and trade | Food supply | Safety measures | Management | Risk factors | Food adulteration and inspection | Standards | Industry | Food science | Professional, career & trade -> food technology -> food science",eng,https://covers.openlibrary.org/b/id/13816716-M.jpg,https://openlibrary.org/works/OL21063473W,Open Library API,food safety,
Consolidação das leis do trabalho,Brazil,,,1943,102,Labor laws and legislation | Digests | Agricultural laborers | Labor courts,por | eng | spa,https://covers.openlibrary.org/b/id/12958956-M.jpg,https://openlibrary.org/works/OL15112624W,Open Library API,agriculture,
Microbiology and Technology of Fermented Foods,Robert W. Hutkins,,,2007,6,Fermentation,eng,https://covers.openlibrary.org/b/id/9233292-M.jpg,https://openlibrary.org/works/OL20592282W,Open Library API,fermentation,
Economics of agricultural development,George W. Norton,,,2009,23,"Agriculture | Economic aspects | Agriculture, economic aspects, developing countries | Food supply | Poverty | Sustainable agriculture | Sustainable development | Globalization | Developing countries, economic conditions | Agriculture, economic aspects | BUSINESS & ECONOMICS / General | BUSINESS & ECONOMICS / Development / Economic Development | BUSINESS & ECONOMICS / International / Economics | BUSINESS & ECONOMICS | Industries | Agribusiness | TECHNOLOGY & ENGINEERING | Sustainable Agriculture | General | Development | Economic Development | International | Economics",eng,https://covers.openlibrary.org/b/id/11624203-M.jpg,https://openlibrary.org/works/OL15626797W,Open Library API,food business,
The best mouse cookie,Laura Joffe Numeroff,5.0,2.0,1999,8,"Fiction | Cookies | Mice | Juvenile fiction | Baking | Mice, fiction | Baking, fiction | Children's fiction | Toy and movable books | Picture books",eng,https://covers.openlibrary.org/b/id/444628-M.jpg,https://openlibrary.org/works/OL61447W,Open Library API,baking,
Advances in applied microbiology,Allen I. Laskin | Geoffrey Michael Gadd | Sima Sariaslani,5.0,1.0,2008,80,Industrial microbiology | Microbiology | Biotechnology | Cell biology | Infectious diseases | Biological sciences & nutrition -> biology -> biotechnology | Allied health & medical -> medical -> infectious diseases | Biological sciences & nutrition -> biology -> molecular & cell biology | Biological sciences & nutrition -> biology -> general,eng,https://covers.openlibrary.org/b/id/8614384-M.jpg,https://openlibrary.org/works/OL19824143W,Open Library API,nutrition,
Fruits & vegetables,Paula Kurtzweil,,,1998,8,Safety measures | Food handling | Fruit | Vegetables,eng,,https://openlibrary.org/works/OL10355741W,Open Library API,food safety,
Apples,Gail Gibbons | Bonnie Kelley-Young,5.0,2.0,2000,12,"Deaf | Growth | Apples | Parties | Juvenile literature | Apples, juvenile literature | Agriculture",eng,https://covers.openlibrary.org/b/id/625438-M.jpg,https://openlibrary.org/works/OL51715W,Open Library API,agriculture,
Personal reminiscences of the Duke of Wellington,Francis Egerton Earl of Ellesmere,,,1903,4,Zymase | Fermentation,eng | ger,https://covers.openlibrary.org/b/id/5712918-M.jpg,https://openlibrary.org/works/OL1113119W,Open Library API,fermentation,
One hungry cat,Joanne Rocklin,,,1997,4,"Fiction | Division | Cats | Baking | Juvenile fiction | Children's fiction | Baking, fiction | Cats, fiction",chi | eng,https://covers.openlibrary.org/b/id/385842-M.jpg,https://openlibrary.org/works/OL121002W,Open Library API,baking,
"Nutrition, health, and safety for young children",Joanne Sorte,,,2010,14,"Health Promotion | Health and hygiene | Children- | Methods | Nutritional Requirements | Textbooks | Child Nutritional Physiology Phenomena | Infant | Nutrtion | Child Care | Child | Child Welfare | Children, health and hygiene | Children, nutrition | Child care | Child welfare | Health promotion | Nutrition | Children | Child nutritional physiology phenomena | Nutritional requirements",eng,https://covers.openlibrary.org/b/id/9021436-M.jpg,https://openlibrary.org/works/OL18667569W,Open Library API,nutrition,
The poison squad,Deborah Blum,5.0,1.0,2018,1,"United States | Safety measures | Government policy | Food additives | Food | Officials and employees | Safety regulations | Chemists | Food inspectors | United States. Bureau of Chemistry | Biography | History | New York Times reviewed | POLITICAL SCIENCE | Public Affairs & Administration | Public Policy | Agriculture & Food Policy | SOCIAL SCIENCE | Agriculture & Food | BUSINESS & ECONOMICS | Industries | Food Industry | Employees | Additifs alimentaires | Histoire | Approvisionnement en nourriture | Contrôle des aliments | Department of Agriculture (USA) | Lebensmittelüberwachung | Wiley, harvey washington, 1844-1930",eng,https://covers.openlibrary.org/b/id/14509885-M.jpg,https://openlibrary.org/works/OL19753509W,Open Library API,food safety,
Dinamika kelompok,Sunarru Samsi Hariadi,5.0,1.0,2011,1,Cooperative Agriculture | Rural development,ind,,https://openlibrary.org/works/OL16264442W,Open Library API,agriculture,
Fermentation biotechnology,Owen P. Ward,,,1988,3,Industrial microbiology | Fermentation,eng,https://covers.openlibrary.org/b/id/5391839-M.jpg,https://openlibrary.org/works/OL11738898W,Open Library API,fermentation,
Opportunities in culinary careers,Mary Deirdre Donovan,,,1990,4,"Vocational guidance | Business | Food service | Nonfiction | Careers | Food service, vocational guidance",eng,https://covers.openlibrary.org/b/id/58591-M.jpg,https://openlibrary.org/works/OL2670356W,Open Library API,food business,
Betty Crocker cookie book,Betty Crocker,,,2003,2,"Cookies | Cakes, baking, icing & sugarcraft | Methods - Baking | Baking - Confectionery | Cooking / Wine | Cooking | Courses & Dishes - Cookies | General | Cooking / Cookies",eng,https://covers.openlibrary.org/b/id/521092-M.jpg,https://openlibrary.org/works/OL15030288W,Open Library API,baking,
Prescription for nutritional healing,James F. Balch | Phyllis A. Balch | Stacey J. Bell,5.0,1.0,1990,25,"Nutrition | Diet therapy | Vitamin therapy | Herbs | Therapeutic use | Popular works | Vitamins | Herbal Medicine | Formulated Food | Nutritional Physiological Phenomena | Dietary supplements | Terapéutica dietética | Uso terapéutico | Obras populares | Nutrición | Vitaminoterapia | Hierbas medicinales y aromáticas | Handbooks, manuals | Handbooks, manuals, etc | Fitness & diet | Popular medicine | Healing | Holism | Health & Fitness | Consumer Health | Health/Fitness | Health & Fitness / Nutrition | Diet - | Vitamins - | Nutrition -",chi | eng,https://covers.openlibrary.org/b/id/4021092-M.jpg,https://openlibrary.org/works/OL551319W,Open Library API,nutrition,
Food safety in shrimp processing,Laxman Kanduri,,,2002,4,Food | Food adulteration and inspection | Safety measures | Shrimp industry,eng,https://covers.openlibrary.org/b/id/1602460-M.jpg,https://openlibrary.org/works/OL5963380W,Open Library API,food safety,
Permaculture one,Bill Mollison | David Holmgren,,,1978,4,Agriculture & related industries | Agricultural science,eng | fre,https://covers.openlibrary.org/b/id/702268-M.jpg,https://openlibrary.org/works/OL8658016W,Open Library API,agriculture,
Handbook of fermented meat and poultry,Fidel Toldrá | Y. H. Hui,,,2008,7,"Handbooks, manuals | Fermented foods | Fermentation | Preservation | Meat | TECHNOLOGY & ENGINEERING / Food Science",eng,https://covers.openlibrary.org/b/id/8533882-M.jpg,https://openlibrary.org/works/OL19612347W,Open Library API,fermentation,
Managing Risk and Performance,Thomas Stanton | Douglas W. Webster,,,2014,5,Risk management | Government executives | BUSINESS & ECONOMICS / Government & Business | Food | History | Food habits | Administrative agencies,eng,https://covers.openlibrary.org/b/id/10822688-M.jpg,https://openlibrary.org/works/OL21518311W,Open Library API,food business,
Betty Crocker's breads,Betty Crocker,,,1974,1,Baking | Bread,,https://covers.openlibrary.org/b/id/8256795-M.jpg,https://openlibrary.org/works/OL17928391W,Open Library API,baking,
Nutrition,Janice Thompson | Melinda Manore,,,2005,22,Nutrition | Diet,eng,https://covers.openlibrary.org/b/id/582070-M.jpg,https://openlibrary.org/works/OL21403593W,Open Library API,nutrition,
Aviation food safety,Erica Sheward,,,2006,3,Safety measures | Food contamination | Food | Food service | Food handling | Airlines | Prevention,eng,https://covers.openlibrary.org/b/id/9489261-M.jpg,https://openlibrary.org/works/OL16948299W,Open Library API,food safety,
The encyclopedia of country living,Carla Emery,4.5,2.0,1975,8,"Home economics | homesteading | recipes | Handbooks, manuals | how-to books | Agriculture | Gardening | American Cookery | Cookery | Country life | Agriculture, handbooks, manuals, etc. | Cooking",eng,https://covers.openlibrary.org/b/id/703603-M.jpg,https://openlibrary.org/works/OL2026168W,Open Library API,agriculture,
"Kombucha, Kefir, and Beyond",Alex Lewin | Raquel Guajardo,,,2017,2,Fermentation | Beverages,eng,https://covers.openlibrary.org/b/id/8850811-M.jpg,https://openlibrary.org/works/OL20200768W,Open Library API,fermentation,
Environment & Food,Colin Sage,,,2009,8,"Food habits | Environmental aspects | Food supply | Food preferences | Food | Human beings, effect of environment on | BUSINESS & ECONOMICS | Infrastructure | SOCIAL SCIENCE | General",eng,,https://openlibrary.org/works/OL9351775W,Open Library API,food business,
Everybody Bakes Bread,Norah Dooley,,,1996,3,"Baking | Bread | Fiction | Baking, fiction | Children's fiction",eng,https://covers.openlibrary.org/b/id/1628597-M.jpg,https://openlibrary.org/works/OL3746180W,Open Library API,baking,
The care and feeding of children,"Holt, L. Emmett | L. Emmett Holt | Luther Emmett Holt | Luther Emmett Holt",0.0,0.0,1894,72,Care and hygiene | Child Nutrition Physiology | Child care | Child care. | Children | Health and hygiene | Infant Nutrition Physiology | Infants | Nutrition | Child Nutrition | Niños | Nutrición | Salud e higiene | Feeding Behavior | Child Nutrition Disorders | Child Nutritional Physiological Phenomena | Popular works | Care | Child | Infant Nutritional Physiological Phenomena | Child Nutrition Sciences | Infant Care | Infant | Diet | Infant Food,eng | spa,https://covers.openlibrary.org/b/id/10679907-M.jpg,https://openlibrary.org/works/OL15230140W,Open Library API,nutrition,
"100,000,000 guinea pigs",Arthur Kallet,,,1932,9,Food adulteration and inspection | Drug adulteration | Patent medicines | Cosmetics | Cosmetics industry | Drugs | Analysis | Foodborne Diseases | Food Inspection | Drug Contamination | Poisoning | Testing | Food Contamination | Food Analysis | Pharmaceutical Preparations | Nonprescription Drugs | Nostrums | Adverse effects | Food Additives | Consumer Product Safety | Clock and watch making | Goldwork,fre | eng,https://covers.openlibrary.org/b/id/9693522-M.jpg,https://openlibrary.org/works/OL171759W,Open Library API,food safety,
A concept of agribusiness,John Herbert Davis,1.0,1.0,1957,1,Economic aspects | Agriculture | Economic aspects of Agriculture,eng,https://covers.openlibrary.org/b/id/9760695-M.jpg,https://openlibrary.org/works/OL7437935W,Open Library API,agriculture,
Fermented,Jill Ciciarelli | Bill Staley | Diane Sanfilippo,,,2013,2,Fermentation | Food | Dietary supplements | Fermented foods | Canning and preserving | Tp371.44 .c53 2013,eng,https://covers.openlibrary.org/b/id/11368483-M.jpg,https://openlibrary.org/works/OL21245424W,Open Library API,fermentation,
"Good food, great business",Susie Wyshak,,,2014,2,Cottage industries | Food industry and trade | Small business | Food service management,eng,https://covers.openlibrary.org/b/id/12936946-M.jpg,https://openlibrary.org/works/OL19998794W,Open Library API,food business,
Flour Water Salt Yeast,Ken Forkish,4.8,5.0,2012,2,Bread | COOKING / Courses & Dishes / Bread | COOKING / Methods / Baking | COOKING / Courses & Dishes / Pizza | Pizza | Cooking | nyt:advice-how-to-and-miscellaneous=2020-04-26 | New York Times bestseller | Baking | U.s. cooking,eng,https://covers.openlibrary.org/b/id/8163031-M.jpg,https://openlibrary.org/works/OL16626586W,Open Library API,baking,
Bigger Leaner Stronger,Michael Matthews,4.5,2.0,2012,4,Bodybuilding | Nutrition | Requirements | Physical fitness | Weight training | Exercise,eng,https://covers.openlibrary.org/b/id/10656236-M.jpg,https://openlibrary.org/works/OL24209011W,Open Library API,nutrition,
Pocket Dictionary Of Food Safety,Jeffrey T. Solate,,,2010,5,Food | Dictionaries | Safety measures,eng,https://covers.openlibrary.org/b/id/7573400-M.jpg,https://openlibrary.org/works/OL17435539W,Open Library API,food safety,
"Booker T. Whatley's handbook on how to make $100,000 farming 25 acres",Booker T. Whatley,5.0,1.0,1987,2,"Small Farms | Management | Agriculture | Handbooks, manuals",eng,https://covers.openlibrary.org/b/id/15117330-M.jpg,https://openlibrary.org/works/OL4973658W,Open Library API,agriculture,
Topics in Enzyme and Fermentation Biotechnology,Alan Wiseman,,,1977,10,Enzymes | Biochemical engineering | Fermentation | Biochemistry | Biotechnology,eng,https://covers.openlibrary.org/b/id/5050464-M.jpg,https://openlibrary.org/works/OL145577W,Open Library API,fermentation,
"Principles of Food, Beverage, and Labor Cost Controls",Paul R. Dittmer,,,2002,3,Business | Cost control | Food service | Nonfiction,eng,https://covers.openlibrary.org/b/id/304313-M.jpg,https://openlibrary.org/works/OL8226725W,Open Library API,food business,
Bake!,Nick Malgieri,,,2010,2,Baking | Pastry,eng,https://covers.openlibrary.org/b/id/13059378-M.jpg,https://openlibrary.org/works/OL19942044W,Open Library API,baking,
6 weeks to a Hollywood body,Steve Zim,4.6,5.0,2006,2,Nutrition | Health and hygiene | Celebrities | Physical fitness | Bodybuilding | Exercise,eng,https://covers.openlibrary.org/b/id/306500-M.jpg,https://openlibrary.org/works/OL5827745W,Open Library API,nutrition,
Advances in food diagnostics,Leo M. L. Nollet | Fidel Toldrá | Y. H. Hui,,,2007,7,Food | Safety measures | Quality | Analysis | Food adulteration and inspection,eng,https://covers.openlibrary.org/b/id/8524931-M.jpg,https://openlibrary.org/works/OL19558997W,Open Library API,food safety,
Commercial Hydroponics,John Mason - undifferentiated,5.0,1.0,1990,4,Hydroponics | Agriculture,eng,https://covers.openlibrary.org/b/id/654647-M.jpg,https://openlibrary.org/works/OL2849361W,Open Library API,agriculture,
Fermentation and Enzyme Technology (Techniques in Pure and Applied Microbiology),Charles L. Cooney | Arnold L. Demain | Peter Dunnill,,,1979,1,Enzymes | Microbiology | Chemical engineering | Fermentation | Industrial applications | Chemical Engineering,eng,https://covers.openlibrary.org/b/id/4432365-M.jpg,https://openlibrary.org/works/OL19335068W,Open Library API,fermentation,
Food Security Policy Evaluation and Impact Assessment,Sheryl. L. Hendriks,,,2019,6,"Food supply, government policy | Food security | Food supply | Government policy | BUSINESS & ECONOMICS | Development | Sustainable Development",eng,https://covers.openlibrary.org/b/id/13724656-M.jpg,https://openlibrary.org/works/OL21650701W,Open Library API,food business,
Baking and Pastry,Culinary Institute of America.,,,2004,1,Desserts | Baking | Pastry,eng,https://covers.openlibrary.org/b/id/304831-M.jpg,https://openlibrary.org/works/OL8226629W,Open Library API,baking,
Mental and Elemental Nutrients,Carl C. Pfeiffer,,,1976,1,Nutrition | Nutritional aspects | Diet | Mental illness,eng,https://covers.openlibrary.org/b/id/4734343-M.jpg,https://openlibrary.org/works/OL8565107W,Open Library API,nutrition,
Food Safety and Technology Governance,Ching-Fu Lin | Kuei-Jung Ni,,,2022,5,Home economics | Food | Safety measures | Food industry and trade | Safety regulations,eng,,https://openlibrary.org/works/OL28024957W,Open Library API,food safety,
Mini farming,Brett L. Markham,,,2010,9,"Small Farms | Agriculture | Self-reliant living | Handbooks, manuals | Agriculture, handbooks, manuals, etc. | Family farms",eng,https://covers.openlibrary.org/b/id/9259707-M.jpg,https://openlibrary.org/works/OL15568312W,Open Library API,agriculture,
Fermented,Charlotte Pike,,,2015,1,Fermentation,eng,,https://openlibrary.org/works/OL27795955W,Open Library API,fermentation,
In-N-Out Burger,Stacy Perman,,,2009,6,Biography & Autobiography | Business | Fast food restaurants | History | In-N-Out Burger (Firm) | Nonfiction,eng,https://covers.openlibrary.org/b/id/11652807-M.jpg,https://openlibrary.org/works/OL7951428W,Open Library API,food business,
How to bake,Nick Malgieri,,,1995,4,Baking,eng,https://covers.openlibrary.org/b/id/22192-M.jpg,https://openlibrary.org/works/OL2756130W,Open Library API,baking,
Wardlaw's perspectives in nutrition,Carol Byrd-Bredbenner,,,2008,9,Nutrition | Nutritional Physiological Phenomena,eng,https://covers.openlibrary.org/b/id/8733423-M.jpg,https://openlibrary.org/works/OL16567384W,Open Library API,nutrition,
Essentials of Food Safety and Sanitation,David McSwane | Nancy R. Rue | Richard Linton | Anna Graf Willliams | FMI Staff,,,2004,1,Food service | Food handling | Sanitation | Safety measures,eng,https://covers.openlibrary.org/b/id/12192763-M.jpg,https://openlibrary.org/works/OL21394005W,Open Library API,food safety,
"Agricultural machines, theory and construction",Henryk Bernacki,5.0,1.0,1972,1,Agricultural machinery,eng,,https://openlibrary.org/works/OL10782709W,Open Library API,agriculture,
Microbial technology,Henry J. Peppler,,,1967,2,Industrial microbiology | Fermentation | Microorganisms,eng,https://covers.openlibrary.org/b/id/14374327-M.jpg,https://openlibrary.org/works/OL22586061W,Open Library API,fermentation,
The book of yields,Francis Talyn Lynch,,,2004,5,"Food | Tables | Weights and measures | Analysis | Food, analysis | Food, tables | Business &amp; economics | Industries",eng,https://covers.openlibrary.org/b/id/12695468-M.jpg,https://openlibrary.org/works/OL2150662W,Open Library API,food business,
Betty Crocker Baking for Today,Betty Crocker,,,2005,2,Baking,eng,https://covers.openlibrary.org/b/id/522714-M.jpg,https://openlibrary.org/works/OL268730W,Open Library API,baking,
"ASPEN Parenteral Nutrition Handbook, Third Edition",Phil Ayers | Elizabeth Bobo | Ryan Hurt | Andrew Mays | Patricia Worthington,,,2020,3,Medicine | Nutrition,eng,,https://openlibrary.org/works/OL20767901W,Open Library API,nutrition,
Improving Import Food Safety,Darryl Sullivan,,,2012,5,Safety measures | TECHNOLOGY & ENGINEERING / Food Science | Food | Safety regulations | Food industry and trade | Standards,eng,https://covers.openlibrary.org/b/id/7640421-M.jpg,https://openlibrary.org/works/OL17469111W,Open Library API,food safety,
Under the feet of Jesus,Helena María Viramontes,3.3333333,3.0,1995,6,"Fiction | Mexican American families | Mexican American women | Migrant agricultural laborers | Mexican Americans | Migrant agricultural laborers -- United States -- Fiction | Mexican American families -- Fiction | Mexican American women -- Fiction | Mexican Americans -- Fiction | Jesus christ | Jesus christ, biography",eng,https://covers.openlibrary.org/b/id/3888921-M.jpg,https://openlibrary.org/works/OL3086852W,Open Library API,agriculture,
Microbiology and Technology of Fermented Foods,Robert Hutkins,,,2006,1,Textbooks | Fermented foods | Microbiology | Fermentation,eng,https://covers.openlibrary.org/b/id/1541657-M.jpg,https://openlibrary.org/works/OL8499116W,Open Library API,fermentation,
Human Resource Management in the Hotel and Catering Industry,M. J. Boella,,,1987,7,Hospitality industry | Personnel management | Hotels | Food service | Services alimentaires | Personnel | Direction | BUSINESS & ECONOMICS | Small Business,eng,https://covers.openlibrary.org/b/id/10202119-M.jpg,https://openlibrary.org/works/OL8461675W,Open Library API,food business,
The Baking Cookbook,Parragon,,,2011,1,Baking | Cookbooks,eng,https://covers.openlibrary.org/b/id/12493328-M.jpg,https://openlibrary.org/works/OL26455502W,Open Library API,baking,
Let's have healthy children,Adelle Davis,,,1951,13,"Nutrition | Nutritional aspects | Pregnancy | Nutritional aspects of Pregnancy | Infants | Infants, nutrition | Pregnancy, nutritional aspects | Child Nutritional Physiological Phenomena | Infant Nutritional Physiological Phenomena",eng,https://covers.openlibrary.org/b/id/4523930-M.jpg,https://openlibrary.org/works/OL99159W,Open Library API,nutrition,
Food preservation techniques,P. Zeuthen,,,2003,2,"Food | Safety measures | Preservation | Food, preservation",eng,https://covers.openlibrary.org/b/id/2053745-M.jpg,https://openlibrary.org/works/OL16920894W,Open Library API,food safety,
Agricultural Relief,United States. Congress. House. Committee on Agriculture,,,1971,43,"Agricultural cooperative credit associations | Agricultural price supports | Agricultural prices | Agriculture | Agriculture, Cooperative | American Surplus agricultural commodities | Cooperative Agriculture | Economic aspects | Economic aspects of Agriculture | Farm produce | Law and legislation | Marketing | Surplus agricultural commodities, American",eng,,https://openlibrary.org/works/OL10875763W,Open Library API,agriculture,
Études sur la bière,Louis Pasteur,5.0,1.0,1876,1,Beer | Fermentation,fre,https://covers.openlibrary.org/b/id/6343656-M.jpg,https://openlibrary.org/works/OL17775940W,Open Library API,fermentation,
Sweetness and power,Sidney Wilfred Mintz | Tom Perkins,4.0,2.0,1985,3,History | Social aspects | Social aspects of Sugar | Social aspects of Sugar trade | Sugar | Sugar trade | Sucre | Industrie | Histoire | Aspect social | Commerce | ASPECTOS SOCIALES | AZUCAR | Feeding Behavior | Antropologische aspecten | HISTORIA | Voedingsgewoonten | Sociale aspecten | Suiker | Carbohydrates | INDUSTRIA AZUCARERA | BUSINESS & ECONOMICS | Industries | General | Caribbean & West Indies | Geschichte | Kultur | Zucker | Suikerhandel | Food,eng,https://covers.openlibrary.org/b/id/94242-M.jpg,https://openlibrary.org/works/OL1413516W,Open Library API,food business,
Homemade cookies cook book,Nancy Morton,,,1975,2,Cookies | Baking,eng,https://covers.openlibrary.org/b/id/6512376-M.jpg,https://openlibrary.org/works/OL15142218W,Open Library API,baking,
How to live 365 days a year,John A. Schindler,4.142857,14.0,1954,20,"Health | Longevity | Mental health | Popular Medicine | Psychosomatic Medicine | Rejuvenation | Nutrition | Self-help techniques | Psychology, applied | Interpersonal relations | Conduct of life",spa | vie | eng | ger,https://covers.openlibrary.org/b/id/513413-M.jpg,https://openlibrary.org/works/OL7497934W,Open Library API,nutrition,
What's the beef,Christopher K. Ansell | David Vogel,,,2006,2,Food service | Safety measures | Food handling,eng,https://covers.openlibrary.org/b/id/1153554-M.jpg,https://openlibrary.org/works/OL19167503W,Open Library API,food safety,
The agricultural revolution,Eric Kerridge,5.0,1.0,1967,10,"Agriculture | History | Agriculture, great britain, history",eng,https://covers.openlibrary.org/b/id/13004852-M.jpg,https://openlibrary.org/works/OL4115220W,Open Library API,agriculture,
The theory and practice of brewing illustrated ...,William Littell Tizard,,,1846,6,Beer | Fermentation,eng,https://covers.openlibrary.org/b/id/7954325-M.jpg,https://openlibrary.org/works/OL17680907W,Open Library API,fermentation,
Label halal,Muhammad,,,2009,1,Food | Muslims | Dietary laws | Business | Islam,ind,,https://openlibrary.org/works/OL16191972W,Open Library API,food business,
Practical baking,William J. Sultan,,,1965,7,Baking,und | eng,https://covers.openlibrary.org/b/id/11697740-M.jpg,https://openlibrary.org/works/OL4646286W,Open Library API,baking,
Visualizing nutrition,Mary B. Grosvenor,,,2010,19,Textbooks | Nutrition,eng,https://covers.openlibrary.org/b/id/10124853-M.jpg,https://openlibrary.org/works/OL15440775W,Open Library API,nutrition,
Food Regulation,Neal D. Fortin,,,2008,12,Food law and legislation | Food industry and trade | Food adulteration and inspection | Safety regulations | TECHNOLOGY & ENGINEERING | Food Science | SOCIAL SCIENCE | Agriculture & Food | LAW | Agricultural,eng,https://covers.openlibrary.org/b/id/12437178-M.jpg,https://openlibrary.org/works/OL21107226W,Open Library API,food safety,
Agribusiness management,Jay T. Akridge,,,2012,5,"Agricultural industries | Management | Agriculture | Economic aspects | Industrial management | Agriculture, economic aspects",eng,https://covers.openlibrary.org/b/id/12591382-M.jpg,https://openlibrary.org/works/OL16152916W,Open Library API,agriculture,
Bacterial fermentations,Horace Albert Barker,,,1956,3,Bacteria | Fermentation,eng,https://covers.openlibrary.org/b/id/7028013-M.jpg,https://openlibrary.org/works/OL7518385W,Open Library API,fermentation,
Weekend baking,Sarah Randell,,,2010,2,Desserts | Baking,eng,https://covers.openlibrary.org/b/id/9462978-M.jpg,https://openlibrary.org/works/OL15975401W,Open Library API,baking,
Nutrition and diet therapy,"Williams, Sue Rodwell. | Sue Rodwell Williams",1.0,1.0,1969,10,Diet therapy | Dietetics | Nutrition | Nutrition. 2 | Popular works | Diétothérapie | Nutritional Physiological Phenomena | Physiologie de la nutrition | Régimes | Diet in disease,eng,https://covers.openlibrary.org/b/id/3931358-M.jpg,https://openlibrary.org/works/OL2231038W,Open Library API,nutrition,
Food Policy,Arlene Spark,,,2012,4,Nutrition policy | Food consumption | Food supply | Government policy | Food security | Food | Safety measures | Food industry and trade,eng,https://covers.openlibrary.org/b/id/14384383-M.jpg,https://openlibrary.org/works/OL21241276W,Open Library API,food safety,
Ilmu usaha-tani,R. Anwas Adiwilaga,,,1972,1,Agriculture,ind,,https://openlibrary.org/works/OL6657227W,Open Library API,agriculture,
The soluble ferments and fermentation,J. Reynolds Green,,,1899,3,Enzymes | Fermentation,eng,https://covers.openlibrary.org/b/id/7919149-M.jpg,https://openlibrary.org/works/OL1470273W,Open Library API,fermentation,
Dining room and banquet management,Anthony J. Strianese | Pamela P. Strianese,,,1990,6,"Food service management | Administracion | Servicio de alimentos | Careers guidance | Hotel And Restaurant Management | Business & Economics | Careers / Job Opportunities | Business/Economics | Careers - General | Industries - Hospitality, Travel & Tourism | Banquet; Banquet Management; Dining Room Management; Strianese; Dining Room; Plate Settings; Business Management | Business & Economics / Careers",eng,https://covers.openlibrary.org/b/id/1574312-M.jpg,https://openlibrary.org/works/OL3276990W,Open Library API,food business,
President of the whole fifth grade,Sherri Winston,5.0,3.0,2010,9,"Baking | Elections | Fiction | Leadership | Schools | Juvenile fiction | Children's fiction | Elections, fiction | Baking, fiction | Schools, fiction | African Americans",eng,https://covers.openlibrary.org/b/id/9907594-M.jpg,https://openlibrary.org/works/OL15631919W,Open Library API,baking,
Understanding Nutrition,Eleanor Noss Whitney | ELLIE WHITNEY / SHARON RADY ROLFES | Whitney | Sharon Rady Rolfes,5.0,2.0,1977,52,"Nutrition | Metabolism | open_syllabus_project | Alimentation | Nutritional Physiological Phenomena | Metabolisme | Food | Voeding | Diet Therapy | Diet | Textbooks | Flute | Methods | Early works to 1800 | Flute music | Interpretation (Phrasing, dynamics, etc.) | Musical accompaniment | Instruction and study | Physiology",eng | ger,https://covers.openlibrary.org/b/id/10679950-M.jpg,https://openlibrary.org/works/OL1953253W,Open Library API,nutrition,
Food Safety,Nina E. Redman,,,2000,5,"Safety measures | Food industry and trade | Handbooks, manuals | Food adulteration and inspection | Food adulteration and inspection -- Handbooks, manuals, etc | Food industry and trade -- Safety measures -- Handbooks, manuals, etc | Food industry and trade -- Safety measures | Lebensmittel | Qualitätssicherung | Sicherheit",eng,https://covers.openlibrary.org/b/id/829741-M.jpg,https://openlibrary.org/works/OL8924904W,Open Library API,food safety,
The Vertical Farm,Dickson D. Despommier,4.0,1.0,2010,1,Green Revolution | Urban Land use | Agricultural innovations | Environmental aspects | Agriculture | Alternative agriculture | Urban agriculture,eng,https://covers.openlibrary.org/b/id/6608061-M.jpg,https://openlibrary.org/works/OL15394496W,Open Library API,agriculture,
Fermentation Microbiology and Biotechnology,C. F. A. Bryce | E. M. T. El-Mansi,,,1999,3,Fermentation | Enzymes,eng,,https://openlibrary.org/works/OL22053369W,Open Library API,fermentation,
Food City,C. J. Lim,,,2014,6,"Food industry and trade | Food, transportation | Food service | City planning | Case studies | Food | Transportation | ARCHITECTURE / General | Aliments | Études de cas | Transport | Services alimentaires | BUSINESS & ECONOMICS | Industries | General",eng,https://covers.openlibrary.org/b/id/13311056-M.jpg,https://openlibrary.org/works/OL21246243W,Open Library API,food business,
The Pillsbury bake-off cookbook,Pillsbury Company | Diane B. Anderson | Elaine Christiansen,,,1990,2,Baking,eng,https://covers.openlibrary.org/b/id/8104346-M.jpg,https://openlibrary.org/works/OL17815569W,Open Library API,baking,
Introduction to human nutrition,Michael J. Gibney,,,2009,7,"Food | Nutrition | Nutritional Physiological Phenomena | Nutrition, psychological aspects",eng,https://covers.openlibrary.org/b/id/8665070-M.jpg,https://openlibrary.org/works/OL16937042W,Open Library API,nutrition,
Food-related services,United States. General Accounting Office,,,1997,7,Costs | Food | Safety measures | User charges | Food adulteration and inspection,eng,,https://openlibrary.org/works/OL564892W,Open Library API,food safety,
Farm management pocketbook,John Nix,5.0,1.0,1966,34,"Farm management | Handbooks, manuals | Agriculture, great britain",eng,https://covers.openlibrary.org/b/id/8825660-M.jpg,https://openlibrary.org/works/OL4187827W,Open Library API,agriculture,
Novel Food Fermentation Technologies,K. Shikha Ojha | Brijesh K. Tiwari,,,2016,3,Food | Fermentation,eng,https://covers.openlibrary.org/b/id/10119640-M.jpg,https://openlibrary.org/works/OL20817814W,Open Library API,fermentation,
Sustainable Diets,Pamela Mason | Tim Lang,,,2017,6,Food supply | Nutrition | Diet | Environmental aspects | Food consumption | Agrobiodiversity | Aliments | Consommation | Aspect de l'environnement | Alimentation | Biodiversité agricole | BUSINESS & ECONOMICS | Industries | General | Food | Economics | Food Preferences | Ecology,eng,https://covers.openlibrary.org/b/id/8873313-M.jpg,https://openlibrary.org/works/OL20220922W,Open Library API,food business,
Baking at home with the Culinary Institute of America,Culinary Institute of America.,5.0,1.0,2004,1,Baking | Cake | Bread,eng,https://covers.openlibrary.org/b/id/304914-M.jpg,https://openlibrary.org/works/OL18151463W,Open Library API,baking,
Let's cook it right.,Adelle Davis,,,1947,21,Nutrition | Popular Works | Cookery | whole-food recipes | American Cookery | Diet | Food | Nutrition Physiology | American Cooking | Cooking | Cooking (natural foods),eng,https://covers.openlibrary.org/b/id/6525034-M.jpg,https://openlibrary.org/works/OL15144803W,Open Library API,nutrition,
Food safety,Joan Kalbacken,,,1998,2,Foodborne diseases | Food handling | Juvenile literature | Safety measures | Food adulteration and inspection | Food,eng,https://covers.openlibrary.org/b/id/6783430-M.jpg,https://openlibrary.org/works/OL15800577W,Open Library API,food safety,
"Fields, Factories, and Workshops",Peter Kropotkin,,,1899,89,"Agriculture | Anarchism | Anarchist Thought | Economic aspects | Economic aspects of Agriculture | Economic history | Economics | Industries | Technical education | Histoire e conomique | Économie politique | Aspect économique | Industrie | Factories | Workshops | Economic history, 1750-1918 | Anarchisme | Enseignement technique | BUSINESS & ECONOMICS / Economic History | BUSINESS & ECONOMICS / Economics / General | Philosophy | Agriculture, economic aspects | Agriculture, economic aspects, europe | Industries, europe",fre | ger | ita | spa | dut | jpn | yid | dan | rus | eng,https://covers.openlibrary.org/b/id/10147288-M.jpg,https://openlibrary.org/works/OL1105381W,Open Library API,agriculture,
Fermented foods for vitality & health,Dunja Gulin,,,2015,1,Fermented foods | Probiotics | Cooking (Fermented foods) | Health aspects | Cooking,eng,https://covers.openlibrary.org/b/id/13033864-M.jpg,https://openlibrary.org/works/OL20003784W,Open Library API,fermentation,
Setting up a food drying business,Fabrice Thuillier,,,2002,2,"Dried food industry | New business enterprises | Food, drying | Business planning",eng,https://covers.openlibrary.org/b/id/2048391-M.jpg,https://openlibrary.org/works/OL6060847W,Open Library API,food business,
Bake Good Things,Williams-Sonoma Editors,,,2017,1,Baking,eng,https://covers.openlibrary.org/b/id/10609706-M.jpg,https://openlibrary.org/works/OL21095625W,Open Library API,baking,
Nutrition through the life cycle,Judith E. Brown | Janet Isaacs | Beate Krinke | Maureen Murtaugh | Carolyn Sharbaugh,,,2004,10,"Nutrition | Children | Older people | Dietetics & nutrition | Health/Fitness | Health & Fitness | Medical / Nursing | Textbooks | Physiology | Medical / Nutrition | Older people, nutrition | Children, nutrition | Nutritional Physiological Phenomena | Human Development | Children -- Nutrition | Older people -- Nutrition | Human Development -- physiology | Study and teaching | Evaluation | Human Life cycle",eng,https://covers.openlibrary.org/b/id/1274621-M.jpg,https://openlibrary.org/works/OL19101888W,Open Library API,nutrition,
Microbial Food Safety and Preservation Techniques,V. Ravishankar Rai | Jamuna A. Bai,,,2014,5,"Food, microbiology | Food handling | Food presentation | Food Microbiology | Food Safety | Food Handling | Food Preservation | Methods",eng,,https://openlibrary.org/works/OL21264738W,Open Library API,food safety,
The food of the gods and how it came to earth,H. G. Wells,3.7777777,18.0,1900,194,"Fiction | Giants | Growth factors | Food supply | Science fiction | Agriculture | Experimentation | Fiction, science fiction, general | British and irish fiction (fictional works by one author) | Scientists | Artificial foods | English literature | English fiction | English Science fiction | Giants -- Fiction",por | eng,https://covers.openlibrary.org/b/id/314687-M.jpg,https://openlibrary.org/works/OL52195W,Open Library API,agriculture,
Fermentation processes engineering in the food industry,Carlos Ricardo Soccol | Ashok Pandey | Christian Larroche,,,2013,6,Food industry and trade | Fermentation | Food | Fermented foods | TECHNOLOGY & ENGINEERING | Food Science,eng,https://covers.openlibrary.org/b/id/8086640-M.jpg,https://openlibrary.org/works/OL17802057W,Open Library API,fermentation,
Endless appetites,Alan Bjerga,,,2011,5,Food prices | Food security | BUSINESS & ECONOMICS / Finance | Food supply | Hunger,eng,,https://openlibrary.org/works/OL16486235W,Open Library API,food business,
The unofficial hunger games cookbook,Emily Ansara Baines,,,2011,3,Cooking | Baking,eng,https://covers.openlibrary.org/b/id/12489932-M.jpg,https://openlibrary.org/works/OL16589208W,Open Library API,baking,
Superhero Nutrition,Steve Zim | Steven Stiefel,4.25,4.0,2018,1,weight loss | health | Wellness | nutrition | recipes,,https://covers.openlibrary.org/b/id/9209373-M.jpg,https://openlibrary.org/works/OL20567504W,Open Library API,nutrition,
Food safety,Carol Ballard,,,2010,1,"Food | Safety measures | Juvenile literature | Food, juvenile literature",eng,https://covers.openlibrary.org/b/id/7085210-M.jpg,https://openlibrary.org/works/OL2626795W,Open Library API,food safety,
Agricultural process engineering,S. M. Henderson,,,1955,3,Agricultural engineering | Agricultural machinery | Agricultural processing | Food | Farm produce | Preservation,eng,https://covers.openlibrary.org/b/id/4451935-M.jpg,https://openlibrary.org/works/OL2771413W,Open Library API,agriculture,
Practical fermentation technology,B. McNeil,,,2008,2,Fermentation,eng,https://covers.openlibrary.org/b/id/2423251-M.jpg,https://openlibrary.org/works/OL13288421W,Open Library API,fermentation,
The Complete Idiots Guide To Starting A Food Truck Business,Scott Baitinger,,,2012,1,Food service | New business enterprises | Food trucks | Management,,https://covers.openlibrary.org/b/id/7494378-M.jpg,https://openlibrary.org/works/OL17395740W,Open Library API,food business,
Baking bible,Robert P. Winston,,,2008,1,Baking | Cookery,eng,https://covers.openlibrary.org/b/id/11956070-M.jpg,https://openlibrary.org/works/OL25068703W,Open Library API,baking,
Advanced nutrition and human metabolism,James L. Groff,,,1995,4,Nutrition | Nutrition Physiology | Metabolism,eng,https://covers.openlibrary.org/b/id/1173892-M.jpg,https://openlibrary.org/works/OL3492595W,Open Library API,nutrition,
Culinary Infrastructure,Jeffrey Pilcher,,,2017,5,Food industry and trade | Food supply | History | Food | Safety measures,eng,,https://openlibrary.org/works/OL21302416W,Open Library API,food safety,
Agricultural microbiology,G. Rangaswami,3.0,1.0,1966,2,Agricultural microbiology,eng,,https://openlibrary.org/works/OL63664W,Open Library API,agriculture,
Advances in Fermented Foods and Beverages,W. Holzapfel,,,2014,2,Fermentation | Beverages | Fermented foods | Microbiology,eng,,https://openlibrary.org/works/OL25686672W,Open Library API,fermentation,
Successful wine marketing,Kirby S Moulton | James Lapsley | Kirby Moulton,,,2001,4,"Marketing | Wine industry | Wine | Fermented foods | Safety measures | Food industry and trade | Food & beverage technology | Industries - Agribusiness | Business / Economics / Finance | Business & Economics | Business/Economics | Beverages - Wine & Spirits | Marketing - General | Business & Economics / Marketing / General | Business & Economics-Industries - Agribusiness | Cooking-Beverages - Wine & Spirits | Technology / Food Industry & Science | wine, viticulture | Development - Business Development | Fermentation | Wine and wine making",eng,https://covers.openlibrary.org/b/id/8648638-M.jpg,https://openlibrary.org/works/OL18208017W,Open Library API,food business,
Baking,Chuck Williams,,,2005,1,Baking,eng,https://covers.openlibrary.org/b/id/644664-M.jpg,https://openlibrary.org/works/OL20139533W,Open Library API,baking,
Food code,Oregon. Food Safety Division.,,,2002,2,Government policy | Food | Food handling | Safety measures,eng,,https://openlibrary.org/works/OL11665204W,Open Library API,food safety,
Publication Cancelled,Cancelled Publication,,,2015,53,Agriculture,eng | rus,,https://openlibrary.org/works/OL25386363W,Open Library API,agriculture,
The fermented man,Derek Dellinger,,,2016,5,Functional foods | Probiotics | Fermented foods | Food | Dietary supplements,eng,https://covers.openlibrary.org/b/id/13093440-M.jpg,https://openlibrary.org/works/OL20032476W,Open Library API,fermentation,
Home baking,Jo Wheatley,,,2014,1,Cookbooks | Baking | Baked products,eng,https://covers.openlibrary.org/b/id/10182756-M.jpg,https://openlibrary.org/works/OL20865378W,Open Library API,baking,
Nutritional assessment,"Lee, Robert D. | Robert D Lee | David C. Nieman",,,1993,5,Diagnosis | Evaluation | Nutrition | Nutrition Assessment | Nutrition disorders | Nutrition surveys | Nutritional Status | Dietetics & nutrition | Diets - General | Nutrition | Medical / Nutrition | Medical | Medical / Nursing | Textbooks | Diagnosis | Evaluation | Nutrition disorders | Nutrition surveys | Nutrition Disorders | Ernährungserhebung | Nutritional Physiological Phenomena | Health &amp; fitness,eng,https://covers.openlibrary.org/b/id/4010754-M.jpg,https://openlibrary.org/works/OL2936993W,Open Library API,nutrition,
Supervisor's Guide to Food Safety and Sanitation,David McSwane | Nancy R. Rue | Richard Linton | Anna Graf Willliams,,,2003,2,Food handling | Food service | Sanitation | Safety measures,eng,https://covers.openlibrary.org/b/id/1103292-M.jpg,https://openlibrary.org/works/OL17836866W,Open Library API,food safety,
Permaculture,Bill Mollison,4.0,2.0,1998,1,"Permaculture | Organic farming | Agricultural ecology | Handbooks, manuals | Organic gardening",eng,https://covers.openlibrary.org/b/id/14811982-M.jpg,https://openlibrary.org/works/OL16975983W,Open Library API,agriculture,
Fermented beverage production,John R. Piggott,,,2003,6,Fermentation | Alcoholic beverage industry | Beverages,eng,https://covers.openlibrary.org/b/id/1164614-M.jpg,https://openlibrary.org/works/OL18265368W,Open Library API,fermentation,
Halal Logistics and Supply Chain Management in Southeast Asia,Nor Aida Abdul Rahman | Azizul Hassan | Mohammad Fakhrulnizam Mohammad,,,2020,6,Economics | Halal food industry | Business | Islam | Business logistics | Aliments halal | Industrie | Logistique (Organisation) | BUSINESS & ECONOMICS / General,eng,,https://openlibrary.org/works/OL20753288W,Open Library API,food business,
BakeWise,Shirley O. Corriher,,,2008,2,Cake | Desserts | Cookies | Baking,eng,https://covers.openlibrary.org/b/id/12180281-M.jpg,https://openlibrary.org/works/OL12006820W,Open Library API,baking,
Sport Nutrition,Asker Jeukendrup | Michael Gleeson,,,2018,6,Sports | Nutrition | Biological sciences & nutrition -> health -> nutrition & weight management,eng,https://covers.openlibrary.org/b/id/9226392-M.jpg,https://openlibrary.org/works/OL20584966W,Open Library API,nutrition,
The Unhealthy Truth: One Mother's Shocking Investigation into the Dangers of America's Food Supply-- and What Every Family Can Do to Protect Itself,Robyn O'Brien | Rachel Kranz,,,2010,1,Genetically modified foods | Safety measures | Food additives | Food adulteration and inspection | Toxicology | Food supply | Food allergy in children | Toxins,,https://covers.openlibrary.org/b/id/8453195-M.jpg,https://openlibrary.org/works/OL19340263W,Open Library API,food safety,
Plant biotechnology,Adrian Slater | Nigel W. Scott | Mark R. Fowler,4.0,3.0,2003,4,"Plant genetic engineering | Genetics | Genetically Modified Plants | Plant biotechnology | Agricultural Crops | Plants | Biotechnology | Plant genetics | Plants, genetically modified | Crops, agricultural | Tp248.27.p55 s59 2003 | 631.5/23",eng,https://covers.openlibrary.org/b/id/133235-M.jpg,https://openlibrary.org/works/OL6046440W,Open Library API,agriculture,
Fermentation essentials,Sandi Lane,,,2015,1,"Fermented foods | Handbooks, manuals | Fermentation | Health aspects | Aliments fermentés | Guides, manuels",eng,https://covers.openlibrary.org/b/id/12959879-M.jpg,https://openlibrary.org/works/OL29230479W,Open Library API,fermentation,
Introduction to foodservice,June Payne-Palacio | June PaynePalacio | Monica Theis,,,2005,4,"Food service management | Food manufacturing & related industries | Food And Beverage Industries (Economic Aspects) | Quantity Food Production And Service | Business & Economics | Business / Economics / Finance | Business/Economics | Business & Economics / Hospitality, Travel & Tourism | Food Science | Industries - Hospitality, Travel & Tourism | Services alimentaires | Gestion | Storkök",eng,https://covers.openlibrary.org/b/id/1103764-M.jpg,https://openlibrary.org/works/OL2938415W,Open Library API,food business,
Italian Home Baking,Gino D'Acampo,,,2011,2,Baked products | Baking | Italian Cooking,eng | dut,https://covers.openlibrary.org/b/id/7578460-M.jpg,https://openlibrary.org/works/OL17438077W,Open Library API,baking,
Food rules,Michael Pollan | Laura Manero Jiménez;,3.6,15.0,2009,18,Nutrition | Food habits | food | eating | consumption | health | Diet | Health & Fitness | Nonfiction | New York Times bestseller | nyt:hardcover_advice=2011-11-05 | Alimentation | Régimes alimentaires | Habitudes alimentaires | Coutumes alimentaires | Diets - better health | Nutrition - popular works | Public health,eng | spa,https://covers.openlibrary.org/b/id/6305235-M.jpg,https://openlibrary.org/works/OL14873323W,Open Library API,nutrition,
Eat well,Linda Bacon,,,2006,2,Nutrition | Safety measures | Food additives | Health aspects of Food additives | Food | Diet | Health aspects | Food habits,eng,https://covers.openlibrary.org/b/id/2764837-M.jpg,https://openlibrary.org/works/OL9710325W,Open Library API,food safety,
The Permaculture Plot,Simon Pratt,,,1996,3,Directories | Sustainable agriculture | Alternative agriculture | Permaculture,eng,https://covers.openlibrary.org/b/id/3006828-M.jpg,https://openlibrary.org/works/OL6541219W,Open Library API,agriculture,
Fermentation,B. McNeil,,,1990,4,Fermentation,eng,https://covers.openlibrary.org/b/id/12786710-M.jpg,https://openlibrary.org/works/OL19128967W,Open Library API,fermentation,
Food lovers' guide to Wisconsin,Martin Hintz,,,2014,1,"Restaurants | Guidebooks | Food | TRAVEL | BUSINESS & ECONOMICS | Small Business | Wisconsin, guidebooks",eng,https://covers.openlibrary.org/b/id/10756079-M.jpg,https://openlibrary.org/works/OL24265557W,Open Library API,food business,
Baking Bible,Rose Levy Beranbaum,5.0,1.0,2014,2,Baking,eng,,https://openlibrary.org/works/OL21796000W,Open Library API,baking,
Life extension,Durk Pearson | Sandy Shaw,4.5,2.0,1982,6,Longevity | Health | Popular works | Nutrition | Aging | Nutritional Physiological Phenomena,eng | und,https://covers.openlibrary.org/b/id/6526128-M.jpg,https://openlibrary.org/works/OL5111660W,Open Library API,nutrition,
"Regulation of cancer-causing food additives, time for a change?",United States. General Accounting Office,,,1981,6,Safety regulations | Carcinogens | Food additives | Standards,eng,,https://openlibrary.org/works/OL564836W,Open Library API,food safety,
We Are the Weather,Jonathan Safran Foer,,,2019,7,Sustainable agriculture | Livestock | Vegetarianism,eng,https://covers.openlibrary.org/b/id/9924242-M.jpg,https://openlibrary.org/works/OL20780432W,Open Library API,agriculture,
Fermented Meat Products,Nevijo Zdolec,,,2016,6,Fermentation | Meat industry and trade | Fermented foods | Meat | Preservation | TECHNOLOGY & ENGINEERING | Food Science,eng,,https://openlibrary.org/works/OL21298696W,Open Library API,fermentation,
Dabbawala of Mumbai,Pawan G. Agrawal,,,2009,1,Precooked foods | Transportation | Business logistics,eng,,https://openlibrary.org/works/OL16627785W,Open Library API,food business,
Baking,Parragon - Love Food Editors,,,2014,1,Baking | Cookbooks,eng,https://covers.openlibrary.org/b/id/11593153-M.jpg,https://openlibrary.org/works/OL24814824W,Open Library API,baking,
Advanced nutrition and human metabolism,Sareen Annora Stepnick Gropper,5.0,1.0,2009,2,Nutrition | Metabolism,eng,https://covers.openlibrary.org/b/id/10048704-M.jpg,https://openlibrary.org/works/OL11993462W,Open Library API,nutrition,
Food safety,Lawrence J. Dyckman,,,1998,10,Administrative agencies | Appropriations and expenditures | Economic aspects of Food adulteration and inspection | Egg processing | Eggs | Food | Food adulteration and inspection | Food contamination | Food service | Government policy | Prevention | Reorganization | Safety measures | Safety regulations | Salmonella enteritidis | States | Storage | United States | United States. Food Safety and Inspection Service | United States. Food and Drug Administration,eng,,https://openlibrary.org/works/OL8480812W,Open Library API,food safety,
Agricultural economics,Feliciano R. Fajardo,,,1982,2,Agriculture | Economic aspects of Agriculture,eng,,https://openlibrary.org/works/OL5177010W,Open Library API,agriculture,
Basic Fermentation,Sandor Ellix Katz,,,2017,1,Fermentation | Food,,https://covers.openlibrary.org/b/id/8850640-M.jpg,https://openlibrary.org/works/OL20200624W,Open Library API,fermentation,
Raising the bar,Gary Erickson | Lois Lorentzen,,,2004,3,Clif Bar Inc | Snack food industry | Food manufacturing & related industries | Infrastructure | Business/Economics | Business & Economics | Business / Economics / Finance | USA | Leadership | Entrepreneurship | General | Business & Economics / Leadership | Snack foods,eng,https://covers.openlibrary.org/b/id/549597-M.jpg,https://openlibrary.org/works/OL8575038W,Open Library API,food business,
Nancy Silverton's breads from the La Brea Bakery,Nancy Silverton,,,1996,1,Bread | Baking | Cooking,eng,https://covers.openlibrary.org/b/id/417414-M.jpg,https://openlibrary.org/works/OL2908185W,Open Library API,baking,
Nutricide,Llaila O. Afrika | Llaila Olela Afrika,4.5,2.0,1994,4,Nutrition | Blacks | Nutritionally induced diseases,eng,https://covers.openlibrary.org/b/id/2088053-M.jpg,https://openlibrary.org/works/OL1808041W,Open Library API,nutrition,
"Functional Polymers in Food Science : From Technology to Biology, Volume 2",Giuseppe Cirillo | Umile Gianfranco Spizzirri | Francesca Iemma,,,2015,4,"Polymers | Food, packaging | Food Packaging | Food Safety | Food Technology | Food, biotechnology",eng,https://covers.openlibrary.org/b/id/10497600-M.jpg,https://openlibrary.org/works/OL21577301W,Open Library API,food safety,
Pembangunan pertanian,Soekartawi.,5.0,2.0,1995,1,Agriculture | Agriculture and state | Economic aspects | Economic aspects of Agriculture | Social aspects,ind,,https://openlibrary.org/works/OL3223699W,Open Library API,agriculture,
Micro-organisms and fermentation,Alfred Jörgensen,,,1893,7,Bacteria | Bibliography | Fermentation | Yeast | Pleasure principle (Psychology) | Psychoanalysis,eng,https://covers.openlibrary.org/b/id/5737790-M.jpg,https://openlibrary.org/works/OL6973425W,Open Library API,fermentation,
Innovation and Future Trends in Food Manufacturing and Supply Chain Technologies,Craig Leadley,,,2015,2,Food industry and trade | Business logistics | Food supply,eng,,https://openlibrary.org/works/OL25691243W,Open Library API,food business,
"Flicka, Ricka, Dicka bake a cake",Maj Lindman,,,1955,3,"Sisters | Triplets | Baking | Fiction | Children: Grades 2-3 | Children's fiction | Baking, fiction | Sisters, fiction | Sweden, fiction",eng,https://covers.openlibrary.org/b/id/1316519-M.jpg,https://openlibrary.org/works/OL3235621W,Open Library API,baking,
Food and Nutrition,Anita Tull,5.0,1.0,1983,7,Food | Juvenile literature | Nutrition,eng | wel,https://covers.openlibrary.org/b/id/5037467-M.jpg,https://openlibrary.org/works/OL8012003W,Open Library API,nutrition,
Food Safety in China,Linhai Wu | Dian Zhu,,,2014,6,"Food adulteration and inspection | Food supply, government policy | Food contamination | China, politics and government | Food | Safety measures | Government policy | TECHNOLOGY & ENGINEERING / Food Science | Food Industry | Nutrition Policy | Food Safety",eng,https://covers.openlibrary.org/b/id/13724671-M.jpg,https://openlibrary.org/works/OL21271167W,Open Library API,food safety,
Características mesológicas de Angola,A. Castanheira Diniz,1.0,1.0,1973,1,Agricultural ecology | Agricultural geography | Physical geography | Plant ecology | Soils,por,,https://openlibrary.org/works/OL3842573W,Open Library API,agriculture,
Entwicklung Von Laborfermentoren,Manfred Ringpfeil | Lothar Dimter,,,1980,5,Fermentation | Congresses,ger,,https://openlibrary.org/works/OL28357169W,Open Library API,fermentation,
Bartending Inside-Out,Lori Marcus,,,1997,5,"Hospitality industry | Bartending | Management | Handbooks, manuals | Business | Cooking & Food | Nonfiction | Miscellanea",eng,https://covers.openlibrary.org/b/id/1694501-M.jpg,https://openlibrary.org/works/OL3375665W,Open Library API,food business,
The Magic School Bus Gets Baked in a Cake,Linda Ward Beech,4.0,1.0,1995,13,"Cake | Juvenile literature | Baking | Chemistry | Chemistry, juvenile literature | Cooking, juvenile literature | Cooking",fre | spa | kor | eng,https://covers.openlibrary.org/b/id/383209-M.jpg,https://openlibrary.org/works/OL83047W,Open Library API,baking,
The China Study,"T. Colin Campbell, PhD | T. Colin Campbell | Thomas M. Campbell",4.5,8.0,2004,4,"Health & Fitness | Nonfiction | Nutrition | Nutritionally induced diseases | diet in disease | Methods | Maladies d'origine nutritionnelle | Food Habits | Disease | Diet | Etiology | Preventive Medicine | Adverse effects | Régimes alimentaires | Diet Therapy | Popular Works | Vegetarian Diet | Dietetics & nutrition | Health/Fitness | Nutrition And Diet | Nutrition And Public Health | Consumer Health | Healthy Living | Health & Fitness / Nutrition | Diets - General | Diseases - General | Diet / Health / Fitness | mirror | pdf.yt | Diet, Vegetarian",eng,https://covers.openlibrary.org/b/id/7254516-M.jpg,https://openlibrary.org/works/OL15176142W,Open Library API,nutrition,
"Communication Practices in Engineering, Manufacturing, and Research for Food and Water Safety",David Wright | Traci Nathans-Kelly,,,2015,4,Communication in organizations | food safety | water safety,eng,https://covers.openlibrary.org/b/id/8975315-M.jpg,https://openlibrary.org/works/OL20314336W,Open Library API,food safety,
Farming,Gail Gibbons,,,1988,5,"Juvenile literature | Farms | Farm life | Agriculture | Agriculture, juvenile literature",eng,https://covers.openlibrary.org/b/id/3364453-M.jpg,https://openlibrary.org/works/OL51662W,Open Library API,agriculture,
"Food, Fermentation, and Micro-Organisms",Charles W. Bamforth | David J. Cook,,,2007,7,"Fermentation | Food, microbiology | Yeast | Alcoholic beverages",eng,,https://openlibrary.org/works/OL21039877W,Open Library API,fermentation,
Food Price Policy in an Era of Market Instability,Per Pinstrup-Andersen,,,2016,3,"Economics, finance, business & management | Development economics & emerging economies | Environmental economics | Food prices | Food supply, government policy | Food, history | Government policy | Food industry and trade | Food supply | History",eng,https://covers.openlibrary.org/b/id/12596228-M.jpg,https://openlibrary.org/works/OL20931950W,Open Library API,food business,
Baking Illustrated,Editors of Cook's Illustrated Magazine,5.0,1.0,2004,2,Baking | Pastry | Bread | Cake | Cookies | Desserts | Pies,eng,https://covers.openlibrary.org/b/id/714594-M.jpg,https://openlibrary.org/works/OL8723577W,Open Library API,baking,
Feed me! I'm yours,Vicki Lansky,4.0,1.0,1974,23,"Infants | Nutrition | Children | Cookery | Cookery (Baby foods) | Nutrición | Niños | Niños lactantes | Cocina | Alimentos para bebés | Baby foods | Cooking | Children, nutrition | Infants, nutrition | Alimentación | Recetas",eng | spa,https://covers.openlibrary.org/b/id/6498487-M.jpg,https://openlibrary.org/works/OL16480411W,Open Library API,nutrition,
Chickenizing farms & food,Ellen K. Silbergeld,,,2016,2,Food | Safety measures | Food Safety | Food supply | Animal culture | Factory farms | Health aspects | Environmental aspects,eng,,https://openlibrary.org/works/OL19664371W,Open Library API,food safety,
Your Successful Farm Business,Joel Salatin,,,2017,1,Agriculture,,https://covers.openlibrary.org/b/id/8870788-M.jpg,https://openlibrary.org/works/OL20218800W,Open Library API,agriculture,
Technologies for Converting Biomass to Useful Energy,Erik Dahlquist,,,2013,7,Biomass energy | Combustion | Fermentation | Chemical reactions,eng,,https://openlibrary.org/works/OL21329643W,Open Library API,fermentation,
Food wars,Tim Lang | Michael Heasman,,,2003,11,Food supply | Nutrition policy | Agriculture & related industries | Dietetics & nutrition | Food manufacturing & related industries | Globalization | Nutrition And Public Health | Agricultural Economics | Technology & Industrial Arts | Health & Fitness | Nutrition | Health/Fitness | International - Marketing | Agriculture - General | Food Science | Technology / Food Industry & Science | Diet | Environmental Health | Public health | Food industry and trade | Food Industry | Nutrition Disorders | BUSINESS & ECONOMICS | Infrastructure | SOCIAL SCIENCE | General,eng,https://covers.openlibrary.org/b/id/903711-M.jpg,https://openlibrary.org/works/OL3936552W,Open Library API,food business,
The Big Bake Sale Cookbook,Cookbook Resources,,,2007,1,Cake | Cookies | Cooking | Baked products,eng,https://covers.openlibrary.org/b/id/10342885-M.jpg,https://openlibrary.org/works/OL8952997W,Open Library API,baking,
Nutrition in clinical dentistry,Abraham E. Nizel,5.0,1.0,1960,2,Nutrition | Zahnmedizin | Nutrition and dental health | Ernährung | Dentistry | Nutritional Physiological Phenomena | Alimentation et santé dentaire | Dental Care,eng,https://covers.openlibrary.org/b/id/4065270-M.jpg,https://openlibrary.org/works/OL4643179W,Open Library API,nutrition,
Genetically modified and non-genetically modified food supply chains,Yves Bertheau,,,2012,5,Genetically modified foods | Food supply | TECHNOLOGY & ENGINEERING / Food Science | Food Safety | Genetically Modified Food,eng,,https://openlibrary.org/works/OL16592003W,Open Library API,food safety,
Agronomy,Detroy E. Green,,,1981,2,Field crops | Agriculture,eng,https://covers.openlibrary.org/b/id/9816083-M.jpg,https://openlibrary.org/works/OL9598061W,Open Library API,agriculture,
Microbiology of Fermented Food,Brian J. B. Wood,,,1985,2,"Fermented foods | Microbiology | Fermentation | Food, microbiology",eng,,https://openlibrary.org/works/OL8650266W,Open Library API,fermentation,
"55 surefire food-related businesses you can start for under $5,000",Cheryl Kimball,,,2009,1,Management | Food industry and trade | New business enterprises | Small business | Food service management | Success in business | Entrepreneurship,eng,https://covers.openlibrary.org/b/id/6458499-M.jpg,https://openlibrary.org/works/OL5824620W,Open Library API,food business,
Amelia Bedelia bakes off,Herman Parish,5.0,2.0,2009,6,"Children's fiction | Baking, fiction | Contests, fiction | Humorous stories | Fiction | Contests | Baking | Amelia-bedelia (fictitious character), fiction | Picture books | Amelia-Bedelia (Fictitious character) | Juvenile fiction",eng,https://covers.openlibrary.org/b/id/6675749-M.jpg,https://openlibrary.org/works/OL1984641W,Open Library API,baking,
The cancer prevention diet,Michio Kushi | Alex Jack,4.5,2.0,1983,8,"Cancer | Diet therapy | Macrobiotic diet | Nutritional aspects | Nutritional aspects of Cancer | Prevention | Recipes | Coping with illness | Diets & dieting | Cancer, diet therapy | Cancer, prevention | Dieettherapie | Kanker | Preventie | Neoplasms | Prevention & control | Cancer, nutritional aspects | Diet in disease | Macrobiotic diet, recipes",eng,https://covers.openlibrary.org/b/id/1167163-M.jpg,https://openlibrary.org/works/OL877286W,Open Library API,nutrition,
Foundations of EU Food Law and Policy,Alberto Alemanno | Simone Gabbi,,,2014,6,"Food law and legislation | Law, european union countries | European Food Safety Authority | International Agencies | Legislation as Topic | Food Safety",eng,,https://openlibrary.org/works/OL21246962W,Open Library API,food safety,
Captain Swing,Eric Hobsbawm | George Rudé | Marísa González de Oleaga | Jesús Izquierdo Martín | Ofelia Castillo | Saúl Martínez | Julián Casanova | Marísa González de Oleaga,4.0,1.0,1968,22,"Agricultural laborers | Agriculture | Economic aspects of Agriculture | England | History | Riots | Rural conditions | Social conditions | Conditions rurales | Economic aspects | Aspect économique | Travailleurs agricoles | Émeutes | Boerenbewegingen | Opstanden | Industriële revolutie | HISTORIA | Agricultural laborers, great britain | Riots, great britain | Agriculture, economic aspects, great britain | Great britain, rural conditions",spa | eng,https://covers.openlibrary.org/b/id/889093-M.jpg,https://openlibrary.org/works/OL495657W,Open Library API,agriculture,
Principles and Applications of Fermentation Technology,Arindam Kuila | Vinay Sharma,,,2018,4,Fermentation | Biotechnology | Industrial microbiology,eng,,https://openlibrary.org/works/OL21622197W,Open Library API,fermentation,
Urban Food Planning,Rositsa T. Ilieva,,,2016,6,"Food supply | City planning, developing countries | Food security | City planning | Sécurité alimentaire | BUSINESS & ECONOMICS | Industries | General",eng,,https://openlibrary.org/works/OL21311292W,Open Library API,food business,
English Bread and Yeast Cookery (Cookery Library),Elizabeth David,,,1977,9,"Bread | Cooking, english | Baking | English Cooking | History | Cooking (Bread) | Cooking",eng,https://covers.openlibrary.org/b/id/101219-M.jpg,https://openlibrary.org/works/OL727624W,Open Library API,baking,
Deep nutrition,Catherine Shanahan,,,2017,3,Nutrition | Popular works | Diet | Nutrition -- Popular works | Diet -- Popular works,eng,https://covers.openlibrary.org/b/id/13174891-M.jpg,https://openlibrary.org/works/OL20047522W,Open Library API,nutrition,
Dietary Reference Intakes,Committee on Use of Dietary Reference Intakes in Nutrition Labeling,,,2004,3,"Nutrition | Fortified Food | HEALTH & FITNESS | Food | Labeling | Standards | Recommended Dietary Allowances | Etiquetage | Safety | Aliments | Food Labeling | Food, labeling | Étiquetage | MEDICAL",eng,https://covers.openlibrary.org/b/id/5404900-M.jpg,https://openlibrary.org/works/OL9390779W,Open Library API,food safety,
Five acres and independence,Maurice Grenville Kains,4.0,3.0,1948,1,Farms | Agriculture | Self-sustainability | self-reliance,eng,https://covers.openlibrary.org/b/id/6499754-M.jpg,https://openlibrary.org/works/OL15139751W,Open Library API,agriculture,
Fermented Foods in Health and Disease Prevention,Juana ías | Cristina Martínez-Villaluenga | Elena Peñas,,,2016,3,Fermentation | Natural foods,eng,,https://openlibrary.org/works/OL25050095W,Open Library API,fermentation,
At your service,Culinary Institute of America. | John W. Fischer,,,2005,2,"Food service | Food & Drink / Cookery | Restaurant & pub guides | Business / Economics / Finance | Cooking | Customer Service | Industries - Hospitality, Travel & Tourism | Methods - Professional | Cooking / Professional | Dining rooms",eng,https://covers.openlibrary.org/b/id/522007-M.jpg,https://openlibrary.org/works/OL18861080W,Open Library API,food business,
Vintage Cakes,Jane Brocket,,,2012,4,Cake | Baking,eng,https://covers.openlibrary.org/b/id/9069192-M.jpg,https://openlibrary.org/works/OL20401692W,Open Library API,baking,
Advisory Committee on the Microbiological Safety of Food,Dept.of Health,,,1993,8,"Food Contamination | Poultry | Microbiology | Poultry industry | Safety regulations | Escherichia coli infections | Pathophysiology | Verocytotoxins | Foodborne diseases | Environmental health and safety | Food technology, food microbiology and industry | Food, microbiology",eng,https://covers.openlibrary.org/b/id/11832030-M.jpg,https://openlibrary.org/works/OL7925418W,Open Library API,food safety,
Outlines of Dairy Technology,Sukumar De,3.5,14.0,2002,2,dairy technology | food science | agriculture | food processing | milk processing | milk products | dairy industry | dairy chemistry | dairy microbiology | dairy engineering | dairy economics,eng,https://covers.openlibrary.org/b/id/14428234-M.jpg,https://openlibrary.org/works/OL9330438W,Open Library API,agriculture,
Fed-Batch Fermentation,Garner G. Moulton,,,2014,3,Fermentation | Escherichia coli,eng,https://covers.openlibrary.org/b/id/13197028-M.jpg,https://openlibrary.org/works/OL21036977W,Open Library API,fermentation,
Internet of Things with Raspberry Pi and Arduino,Rajesh Singh | Anita Gehlot | Lovi Raj Gupta | Bhupendra Singh | Mahendra Swain,,,2019,6,Food waste | Food industry and trade | Food supply | Food security | BUSINESS & ECONOMICS / Development / Sustainable Development | NATURE / Ecology | Internet of things | Raspberry Pi (Computer) | Arduino (Programmable controller) | Internet des objets | Raspberry Pi (Ordinateur) | Arduino (Automate programmable) | Livres numériques | E-books | TECHNOLOGY | Electricity | Electronic books,eng,https://covers.openlibrary.org/b/id/12439952-M.jpg,https://openlibrary.org/works/OL25219498W,Open Library API,food business,
Cookie,Jacqueline Wilson,5.0,1.0,2009,4,"Fiction | Baking | Family problems | Teasing | Schools | Self-esteem | Juvenile Fiction | Children's fiction | Runaways, fiction | Fathers and daughters, fiction | Self-esteem, fiction | Family life, fiction | Schools, fiction | Baking, fiction",eng,https://covers.openlibrary.org/b/id/7144438-M.jpg,https://openlibrary.org/works/OL14911474W,Open Library API,baking,
Are you confused?,Paavo O. Airola,,,1971,6,Nutrition | Health | Diet | Santé | Naturopathy | Nutrition Physiology,eng,https://covers.openlibrary.org/b/id/4201018-M.jpg,https://openlibrary.org/works/OL127405W,Open Library API,nutrition,
The food safety handbook (level 2),Richard A. Sprenger,,,2007,1,Food handling | Food | Safety measures,eng,https://covers.openlibrary.org/b/id/10756092-M.jpg,https://openlibrary.org/works/OL24265565W,Open Library API,food safety,
Scientific Farm Animal Production,Thomas Field | Robert Taylor - undifferentiated,,,2013,2,Livestock | Agriculture,eng,https://covers.openlibrary.org/b/id/10889066-M.jpg,https://openlibrary.org/works/OL24361640W,Open Library API,agriculture,
Handbook of dough fermentations,Karel Kulp,,,2003,7,Cookery (Sourdough) | Fermentation | Bread | Sourdough bread | Cooking (Sourdough) | Food industry and trade,eng,https://covers.openlibrary.org/b/id/6463604-M.jpg,https://openlibrary.org/works/OL18541737W,Open Library API,fermentation,
Changing the Food Game,Lucas Simons,,,2014,12,Sustainable agriculture | Food industry and trade | Voedingsgewoonten | Voedselproductie | Duurzame landbouw | Marketing | Levensmiddelenindustrie | Agriculture durable | BUSINESS & ECONOMICS | Business Ethics | Motivational | Industries | General,eng,https://covers.openlibrary.org/b/id/12399603-M.jpg,https://openlibrary.org/works/OL21092210W,Open Library API,food business,
Betty Crocker baking basics,Betty Crocker,,,2008,2,Baking,eng,https://covers.openlibrary.org/b/id/12889898-M.jpg,https://openlibrary.org/works/OL15030432W,Open Library API,baking,
Hot point fitness,Steve Zim,5.0,2.0,2001,1,Nutrition | Physical fitness | Exercise,eng,https://covers.openlibrary.org/b/id/6628493-M.jpg,https://openlibrary.org/works/OL5827746W,Open Library API,nutrition,
Food safety issues in the 106th Congress,Donna U. Vogt,,,1999,4,Food | Food law and legislation | Safety measures,eng,,https://openlibrary.org/works/OL6223941W,Open Library API,food safety,
Agroecology,Stephen R. Gliessman,,,1990,17,Sustainable agriculture | Agricultural ecology | Research | Agricultural systems | TECHNOLOGY & ENGINEERING | Agriculture | Agronomy | Crop Science | General,eng,https://covers.openlibrary.org/b/id/13031705-M.jpg,https://openlibrary.org/works/OL18246534W,Open Library API,agriculture,
Bacterial Starter Cultures for Food,Stanley E. Gilliland,,,2017,5,Food additives | Fermentation | Bacterial starter cultures | Fermented foods | Ferments bactériens | Aliments fermentés | Aliments | Additifs | TECHNOLOGY & ENGINEERING | Food Science,eng,,https://openlibrary.org/works/OL21353342W,Open Library API,fermentation,
The fight for food,Harold E. Croxall,,,1984,7,Agricultural productivity | Food crops | Food supply | Agriculture | Productivité | Cultures vivrières | BUSINESS & ECONOMICS | General,eng,https://covers.openlibrary.org/b/id/8366681-M.jpg,https://openlibrary.org/works/OL5356828W,Open Library API,food business,
"Great Coffee Cakes, Sticky Buns, Muffins & More",Carole Walter,5.0,1.0,2007,3,Coffee cakes | Baking,eng,https://covers.openlibrary.org/b/id/1165145-M.jpg,https://openlibrary.org/works/OL2699233W,Open Library API,baking,
Caribbean Food and Nutrition for CSEC 2nd Edition,Anita Tull | Antonia Coward,,,2016,1,"Nutrition, study and teaching",eng,,https://openlibrary.org/works/OL21303236W,Open Library API,nutrition,
Food safety issues in the 107th Congress,Donna U. Vogt,,,2001,4,Food | Food law and legislation | Safety measures,eng,,https://openlibrary.org/works/OL6223942W,Open Library API,food safety,
The Living Soil Handbook,Jesse Frost,,,2021,2,Agriculture,eng,https://covers.openlibrary.org/b/id/11521960-M.jpg,https://openlibrary.org/works/OL24769298W,Open Library API,agriculture,
Weck small-batch preserving,Stephanie Thurow,,,2018,2,Canning and preserving | Fruit | Pickled foods | Fermentation | Vegetables | Fermented foods | Preservation,eng,,https://openlibrary.org/works/OL19763707W,Open Library API,fermentation,
From scratch,Allen Salkin,,,2013,1,"PERFORMING ARTS | SOCIAL SCIENCE | Television cooking shows | Food | Food habits | Food Network (Firm) | Television | American Cooking | General | Social aspects | Biography | Popular Culture | BUSINESS & ECONOMICS | History | SOCIAL SCIENCE / Popular Culture | PERFORMING ARTS / Television / General | BUSINESS & ECONOMICS / General | Food, history | Television broadcasting, united states",eng,https://covers.openlibrary.org/b/id/8203723-M.jpg,https://openlibrary.org/works/OL17890955W,Open Library API,food business,
Baking chez moi,Dorie Greenspan,,,2014,2,"Desserts | French Cooking | Baking | Cooking, french | COOKING / Regional & Ethnic / French | COOKING / Methods / Baking",eng,https://covers.openlibrary.org/b/id/10649109-M.jpg,https://openlibrary.org/works/OL19986623W,Open Library API,baking,
Vitamin bible,Earl Mindell | Time Warner Electronic Publishing,4.5,2.0,1979,22,Health | Physiological effect | Vitamins | Vitamins in human nutrition | Vitamin therapy | Preventive nutrition | Nutrient requirements | Disease prevention | Nutrient-drug interactions | Therapeutic nutrition | Supplements (Nutrient) | Popular works,eng,https://covers.openlibrary.org/b/id/9712339-M.jpg,https://openlibrary.org/works/OL1867260W,Open Library API,nutrition,
Food Hygiene for Scottish Qualifications,Alistair MacGregor,,,2006,1,Food | Safety measures,,https://covers.openlibrary.org/b/id/12153623-M.jpg,https://openlibrary.org/works/OL9465798W,Open Library API,food safety,
Agribusiness Management,Freddie L. Barnard | Elizabeth A. Yeager | John Foltz,,,2012,11,"Agricultural industries | Agriculture, economic aspects",eng,https://covers.openlibrary.org/b/id/13884682-M.jpg,https://openlibrary.org/works/OL21574766W,Open Library API,agriculture,
Principles of fermentation technology,Peter F. Stanbury,,,1984,8,"Fermentation | Food science | Chemical & biochemical | Professional, career & trade -> food technology -> food science | Professional, career & trade -> engineering -> chemical engineering | 034 | 308 | L0140401670 | 030 | 660.28449",eng,https://covers.openlibrary.org/b/id/3884039-M.jpg,https://openlibrary.org/works/OL3507385W,Open Library API,fermentation,
Small batch,Suzanne Cope,4.0,1.0,2014,3,"Cottage industries | Food industry and trade | Small business | Small business, united states",eng,https://covers.openlibrary.org/b/id/12988958-M.jpg,https://openlibrary.org/works/OL19992680W,Open Library API,food business,
Baking,Jacqueline Bellafontaine,,,2011,1,Cookbooks | Baking,eng,https://covers.openlibrary.org/b/id/10314822-M.jpg,https://openlibrary.org/works/OL20976838W,Open Library API,baking,
Nutrition for healthy living,Wendy Schiff,,,2009,6,Textbooks | Human nutrition | Nutrition,eng,https://covers.openlibrary.org/b/id/8701272-M.jpg,https://openlibrary.org/works/OL18347892W,Open Library API,nutrition,
Disaster and Emergency Preparedness in Foodservice Operations,Ruby P. Puckett,,,2003,1,Food service | Safety measures | Disaster Planning | Food | Decontamination | Safety,eng,https://covers.openlibrary.org/b/id/13644669-M.jpg,https://openlibrary.org/works/OL3690650W,Open Library API,food safety,
Aeroponics,Thomas W. Gurley,,,2020,6,Agriculture,eng,,https://openlibrary.org/works/OL20751871W,Open Library API,agriculture,
Himalayan fermented foods,Jyoti Prakash Tamang,,,2009,5,"Fermented foods | Food Microbiology | Fermentation | Food, microbiology | Nutrition",eng,https://covers.openlibrary.org/b/id/9549373-M.jpg,https://openlibrary.org/works/OL16984070W,Open Library API,fermentation,
Hershey,Michael D'Antonio,2.0,1.0,2006,3,"Biography | Businesspeople | Chocolate industry | Hershey Chocolate Corporation | History | Businessmen | BIOGRAPHY & AUTOBIOGRAPHY / Business | BIOGRAPHY & AUTOBIOGRAPHY / Historical | BIOGRAPHY & AUTOBIOGRAPHY / Rich & Famous | Schokoladenindustrie | Hershey's Foods Corporation | Businesspeople, biography | Hershey foods corporation | Hershey, milton snavely, 1857-1945 | Businesspersons & entrepreneurs - biography | Business biography - specific individuals",eng,https://covers.openlibrary.org/b/id/474396-M.jpg,https://openlibrary.org/works/OL3913267W,Open Library API,food business,
The Great British Bake Off How To Bake The Perfect Victoria Sponge And Other Baking Secrets,Paul Hollywood,,,2011,1,Great British bake off | Baking,,https://covers.openlibrary.org/b/id/7689609-M.jpg,https://openlibrary.org/works/OL17493904W,Open Library API,baking,
Gut and psychology syndrome,Natasha Campbell-McBride,4.0,1.0,2004,1,Mental health | Nutritional aspects of Mental illness | Nutritional aspects | Mental illness | Diet therapy | Nutritional aspects of Mental health,eng,https://covers.openlibrary.org/b/id/9962105-M.jpg,https://openlibrary.org/works/OL11745248W,Open Library API,nutrition,
The produce contamination problem,Karl R. Matthews,,,2009,6,"Safety measures | Fruit | Food contamination | Microbial contamination | Vegetables | Produce trade | Microbiology | Pollution | Pollutants | Foodborne diseases | Food, microbiology | Prevention | Food | Food Microbiology | Food Industry | Standards | Food Safety | Methods | Farm produce | Food adulteration and inspection | Food Contamination | Aliments | Contamination | Produits agricoles | HEALTH & FITNESS | Safety",eng,https://covers.openlibrary.org/b/id/9547498-M.jpg,https://openlibrary.org/works/OL16959192W,Open Library API,food safety,
Agribisnis,Bungaran Saragih,,,2010,1,Agricultural industries | Agriculture,ind,,https://openlibrary.org/works/OL15477791W,Open Library API,agriculture,
The everyday fermentation handbook,Branden Byers,,,2014,2,Fermented foods | Cooking (Fermented foods) | Cooking | Food,eng,,https://openlibrary.org/works/OL19983174W,Open Library API,fermentation,
The sports event management and marketing playbook,Frank Supovitz | Joe Goldblatt,,,2004,9,"Economic aspects of Sports | Handbooks, manuals | Marketing | Sports | Sports administration | Food & Drink / Cookery | Business & Economics | Business / Economics / Finance | Business/Economics | Industries - Hospitality, Travel & Tourism | Management - General | Reference | Business & Economics / Hospitality, Travel & Tourism | Economic aspects | Handbooks, manuals, etc | Management | Sport | Evenementen | Sports, marketing | Sports, economic aspects | Professional sports | Guides, manuels | Gestion | Aspect économique | Aspect economique",eng,https://covers.openlibrary.org/b/id/1247292-M.jpg,https://openlibrary.org/works/OL9261475W,Open Library API,food business,
Bake,Alison Thompson,5.0,1.0,2011,1,Desserts | Baking,eng,https://covers.openlibrary.org/b/id/8375255-M.jpg,https://openlibrary.org/works/OL17926875W,Open Library API,baking,
Real Food for Pregnancy,Lily Nichols,,,2018,1,Nutrition | Health | Pregnancy | Nutritional aspects | Pregnant women | Health and hygiene | Food | Prenatal care | Prenatal Nutritional Physiological Phenomena | Nutrition Therapy,eng,https://covers.openlibrary.org/b/id/8831013-M.jpg,https://openlibrary.org/works/OL20183059W,Open Library API,nutrition,
Supervising food safety (level 3),Richard A. Sprenger,,,2008,2,Food handling | Food | Safety measures | Study and teaching,eng,https://covers.openlibrary.org/b/id/12700117-M.jpg,https://openlibrary.org/works/OL27705492W,Open Library API,food safety,
Pertanian,Soleh Solahuddin,,,2009,1,Agriculture and state | Agriculture,ind,,https://openlibrary.org/works/OL15599194W,Open Library API,agriculture,
Letters on natural magic,Sir David Brewster,,,1883,1,Scientific recreations | Fermentation,eng,https://covers.openlibrary.org/b/id/7949231-M.jpg,https://openlibrary.org/works/OL15608067W,Open Library API,fermentation,
Theory of Hospitality and Catering,David Foskett | Patricia Paskins | Andrew Pennington | Neil Rippington,,,2011,3,Hospitality industry | Caterers and catering | Food service management | BUSINESS & ECONOMICS | Small Business | Travel and Tourism,eng,https://covers.openlibrary.org/b/id/12694851-M.jpg,https://openlibrary.org/works/OL21126267W,Open Library API,food business,
Cookie and cracker technology,Samuel A. Matz,5.0,1.0,1968,5,Biscuits | Cookies | Baking | Baked products | Food industry and trade | Cookie industry,eng,https://covers.openlibrary.org/b/id/1231106-M.jpg,https://openlibrary.org/works/OL2470691W,Open Library API,baking,
Introduction to Nutrition and Metabolism,David A. Bender,,,1997,13,Nutrition | Nutrition Physiology | Metabolism | Physiology,eng,https://covers.openlibrary.org/b/id/1806223-M.jpg,https://openlibrary.org/works/OL3259749W,Open Library API,nutrition,
Food safety,Dana Meachen Rau,,,2009,2,"Food | Safety measures | Juvenile literature | Food, juvenile literature",eng,https://covers.openlibrary.org/b/id/10229492-M.jpg,https://openlibrary.org/works/OL14859835W,Open Library API,food safety,
Ferment for Good,Sharon Flynn,,,2017,1,Fermentation | Natural foods,eng,,https://openlibrary.org/works/OL21139741W,Open Library API,fermentation,
Shopped,Joanna Blythman,,,2004,7,"Food | Product management | Supermarkten | Quality | Food industry and trade | Supermarkets | Business enterprises, great britain",eng,https://covers.openlibrary.org/b/id/11335-M.jpg,https://openlibrary.org/works/OL263861W,Open Library API,food business,
Nestle Toll House Recipe Collection,Nestle,,,1988,3,Cake | Desserts | Cookies | Cooking (Chocolate) | Baking,eng,https://covers.openlibrary.org/b/id/6946450-M.jpg,https://openlibrary.org/works/OL8301951W,Open Library API,baking,
Nutrition and You,Joan Salge Blake,,,2007,15,Nutrition,eng,https://covers.openlibrary.org/b/id/13241440-M.jpg,https://openlibrary.org/works/OL25615214W,Open Library API,nutrition,
Genetically Engineered Crops,"Committee on Genetically Engineered Crops: Past Experience and Future Prospects | Board on Agriculture and Natural Resources | Division on Earth and Life Studies | National Academies of Sciences, Engineering, and Medicine",,,2016,4,Transgenic plants | Crops | Genetic engineering | History | Environmental aspects | Health aspects | Safety measures | Genetically modified foods | Crop zones | Genetically Modified Food | Genetically Modified Plants | Agricultural Crops | Food Safety | Plantes transgéniques | Histoire | Aspect de l'environnement | Sécurité | Mesures | Cultures | Génie génétique | Aliments transgéniques | Zones de cultures | TECHNOLOGY & ENGINEERING | Agriculture | General,eng,https://covers.openlibrary.org/b/id/12946467-M.jpg,https://openlibrary.org/works/OL21594961W,Open Library API,food safety,
Agricultural economics and agribusiness,Gail L. Cramer,,,1979,11,"Agricultural industries | Agriculture | Economic aspects | Economic aspects of Agriculture | Agriculture, economic aspects, united states | Agriculture, economic aspects",eng,https://covers.openlibrary.org/b/id/1242773-M.jpg,https://openlibrary.org/works/OL3286828W,Open Library API,agriculture,
Studies on fermentation,Louis Pasteur,,,1879,4,Beer | Fermentation,eng,https://covers.openlibrary.org/b/id/5965276-M.jpg,https://openlibrary.org/works/OL3037536W,Open Library API,fermentation,
Refashioning nature,"Goodman, David | David Goodman | Michael Redclift | M. R. Redclift",,,1991,11,"Agricultural innovations | Agriculture | Environmental aspects | Environmental aspects of Agriculture | Food additives | Food habits | Food industry and trade | Food supply | Health aspects | Health aspects of Food additives | Technological innovations | Agriculture, environmental aspects | Feeding Behavior | Innovations | Habitudes alimentaires | Aspect de l'environnement | SOCIAL SCIENCE | General | BUSINESS & ECONOMICS | Infrastructure",eng,https://covers.openlibrary.org/b/id/1203394-M.jpg,https://openlibrary.org/works/OL4459703W,Open Library API,food business,
One more slice,Leila Lindholm,,,2011,4,Baking,eng,https://covers.openlibrary.org/b/id/12627110-M.jpg,https://openlibrary.org/works/OL20040113W,Open Library API,baking,
Textbook of community nutrition,Indian Council of Agricultural Research. Directorate of Information and Publications on Agriculture,5.0,1.0,2007,1,Textbooks | Nutrition | Nutrition policy | Nutritional Status | Malnutrition | Nutritional Physiological Phenomena,eng,,https://openlibrary.org/works/OL18658262W,Open Library API,nutrition,
HACCP and ISO 22000,Ioannis S. Arvanitoyannis,,,2009,4,Hazard Analysis and Critical Control Point (Food safety system) | Food of animal origin | Contamination | Animal products,eng,https://covers.openlibrary.org/b/id/8656486-M.jpg,https://openlibrary.org/works/OL18345140W,Open Library API,food safety,
Engineering principles of agricultural machines,Ajit K. Srivastava,2.0,1.0,1993,2,Agricultural engineering | Agricultural machinery | Design and construction | Agricultural & food processing machinery,eng,https://covers.openlibrary.org/b/id/7154792-M.jpg,https://openlibrary.org/works/OL4327342W,Open Library API,agriculture,
Practical management of pure yeast,Alfred Jörgensen,,,1903,4,Fermentation | Yeast,eng,https://covers.openlibrary.org/b/id/5740801-M.jpg,https://openlibrary.org/works/OL6973424W,Open Library API,fermentation,
Causes of Supply Chain Disruptions,Verena Brenner,,,2015,2,"Business logistics | Food, marketing | Drugs, marketing",eng,https://covers.openlibrary.org/b/id/9349148-M.jpg,https://openlibrary.org/works/OL20678367W,Open Library API,food business,
The King Arthur Flour baker's companion,King Arthur Flour (Firm),,,2003,1,Baking,eng,https://covers.openlibrary.org/b/id/12627836-M.jpg,https://openlibrary.org/works/OL18438549W,Open Library API,baking,
Principles of nutritional assessment,Rosalind S. Gibson,5.0,1.0,1990,2,Evaluation | Nutrition | Nutrition and dietetics | Nutrition Assessment | Nutritional Status | Nutritional Physiological Phenomena | Food | Eating | Appetite Regulation | Starvation | Nutrition--evaluation | Rc621 .g52 2005 | 2005 g-827 | Qu 145 g449p 2005 | 613.2,eng,https://covers.openlibrary.org/b/id/1124375-M.jpg,https://openlibrary.org/works/OL3900613W,Open Library API,nutrition,
Food labeling,Institute of Medicine (U.S.). Committee on State Food Labeling. | Committee on State Food Labeling | Institute of Medicine,,,1992,3,"Food | Labeling | Law and legislation | Biotechnology | Food & Drink / Cookery | Food & beverage technology | Food Biotechnology | Diet / Health / Fitness | Politics/International Relations | Administrative Law & Regulatory Practice | Nutrition | Safety | Dietetics & nutrition | Technology / Food Industry & Science | States | United States | HEALTH & FITNESS | Legislation & jurisprudence | Food Labeling | Food law and legislation | Food, labeling | Food Legislation",eng,https://covers.openlibrary.org/b/id/2361364-M.jpg,https://openlibrary.org/works/OL4322939W,Open Library API,food safety,
Getting agriculture moving,Arthur Theodore Mosher,,,1966,1,Agriculture and state | Agricultural development,eng,https://covers.openlibrary.org/b/id/8081547-M.jpg,https://openlibrary.org/works/OL6141964W,Open Library API,agriculture,
Trends in Food Safety and Protection,Rai V. Ravishankar | Jamuna Bai Aswathanarayan | Jamuna A. Bai,,,2017,5,"Food, preservation | Food | Safety measures | Food industry and trade | Food contamination | Prevention | BUSINESS & ECONOMICS | Infrastructure | SOCIAL SCIENCE | General | TECHNOLOGY | Food Science",eng,,https://openlibrary.org/works/OL21325510W,Open Library API,food business,
The King Arthur Flour 200th anniversary cookbook,Brinna B. Sands,,,1992,1,Baking,eng,https://covers.openlibrary.org/b/id/678409-M.jpg,https://openlibrary.org/works/OL4289743W,Open Library API,baking,
Nutrition,Lori A. Smolin | Mary B. Grosvenor,,,2004,33,Nutrition,eng,https://covers.openlibrary.org/b/id/13262791-M.jpg,https://openlibrary.org/works/OL29066249W,Open Library API,nutrition,
Food safety,United States. General Accounting Office,0.0,0.0,1990,34,Administrative agencies | Adverse effects | Antibiotics | Antibiotics in agriculture | Appropriations and expenditures | Bacteria | Bacterial diseases | Bovine spongiform encephalopathy | Centers for Disease Control (U.S.) | Consumer protection | Contamination | Costs | Databases | Decision making | Dietary supplements | Dioxins | Drug Residues | Drug resistance in microorganisms | Economic aspects of Food adulteration and inspection | Evaluation | Feeds | Food | Food adulteration and inspection | Food contamination | Foodborne diseases | Functional foods | Government policy | Health aspects of Antibiotics in agriculture | Imports | Inspection,eng,https://covers.openlibrary.org/b/id/12800342-M.jpg,https://openlibrary.org/works/OL565200W,Open Library API,food safety,
Who took the farmer's hat?,Joan L. Nodset,4.0,2.0,1963,5,"Hats | Animals | Fiction | Children's fiction | Agriculture, fiction",eng,https://covers.openlibrary.org/b/id/1578649-M.jpg,https://openlibrary.org/works/OL3282715W,Open Library API,agriculture,
Vergleichende Untersuchungen an drei obergärigen Arten von Bierhefe,Paul Regensburger,,,1906,4,Fermentation | Yeast,ger,https://covers.openlibrary.org/b/id/6199890-M.jpg,https://openlibrary.org/works/OL18099149W,Open Library API,fermentation,
Stolen Harvest,Vandana Shiva,,,1999,9,"Alimentos | Empresas | Industria y comercio | Big business | Abastecimiento | Food industry and trade | Food supply | Agrarwelthandel | Ernährungssicherung | Qualität | Agro-industrie | Welternährung | Ecology | Voedselvoorziening | Genetic Engineering | Agrarproduktion | Lebensmittelindustrie | Genetische manipulatie | Agricultural ecology | Landbouw | Agriculture & related industries | International economic relations | Food supply, government policy",eng | spa,https://covers.openlibrary.org/b/id/4910497-M.jpg,https://openlibrary.org/works/OL1054924W,Open Library API,food business,
Bake,Parragon | Love Food Editors,,,2013,1,Baking,eng,https://covers.openlibrary.org/b/id/8288546-M.jpg,https://openlibrary.org/works/OL18019408W,Open Library API,baking,
Nutrition,Janice Thompson,,,2011,1,Nutrition,eng,https://covers.openlibrary.org/b/id/9681687-M.jpg,https://openlibrary.org/works/OL15538004W,Open Library API,nutrition,
"HACCP, a systematic approach to food safety",Kenneth E. Stevenson,,,2006,1,Safety measures | Sanitation | Food adulteration and inspection | Food | Food handling | Food industry and trade | Microbiology | Hazard Analysis and Critical Control Point (Food safety system),eng,https://covers.openlibrary.org/b/id/6617262-M.jpg,https://openlibrary.org/works/OL18603069W,Open Library API,food safety,
Sugar Snow,Laura Ingalls Wilder | Doris Ettlinger,4.25,4.0,1998,7,"Juvenile fiction | Fiction | Maple sugar | Frontier and pioneer life | Children's fiction | Snow, fiction | Agriculture, fiction",eng,https://covers.openlibrary.org/b/id/6765957-M.jpg,https://openlibrary.org/works/OL15851999W,Open Library API,agriculture,
"Handbook on High Value Fermentation Products, Volume 2",Saurabh Saran | Vikash Babu | Asha Chaubey,,,2019,3,Fermentation,eng,https://covers.openlibrary.org/b/id/14739737-M.jpg,https://openlibrary.org/works/OL21640046W,Open Library API,fermentation,
McIlhenny's Gold,Jeffrey Rothfeder,,,2007,12,"History | McIlhenny Co | Hot pepper sauce industry | Tabasco sauce | Biography & Autobiography | Business | Cooking & Food | Nonfiction | McIlhenny Company | Sauces | Louisiana, biography | Industries, louisiana | Condiments | Family-owned business enterprises",eng,https://covers.openlibrary.org/b/id/4940331-M.jpg,https://openlibrary.org/works/OL4273024W,Open Library API,food business,
John Whaite Bakes,John Whaite,,,2013,2,Baking | Baked products,eng,https://covers.openlibrary.org/b/id/12585222-M.jpg,https://openlibrary.org/works/OL25157421W,Open Library API,baking,
Nutrition,Mary B. Grosvenor,,,2001,24,Nutrition | Health | Nutritionally induced diseases | Literary collections,eng,https://covers.openlibrary.org/b/id/11505794-M.jpg,https://openlibrary.org/works/OL270576W,Open Library API,nutrition,
"Principles of food, beverage, and labor cost controls",Paul Dittmer,,,2003,4,"Food service | Cost control | Services alimentaires | Coût | Contrôle | BUSINESS & ECONOMICS | Industries | Hospitality, Travel & Tourism | TRAVEL | Restaurants | Industrial health & safety | Trades & technology -> industrial health & safety -> industrial health & safety",eng,https://covers.openlibrary.org/b/id/8709499-M.jpg,https://openlibrary.org/works/OL1931610W,Open Library API,food safety,
Chemical equilibria in soils,Willard Lyman Lindsay,,,1979,2,Chemical equilibrium | Soil chemistry | Agricultural chemistry,eng,https://covers.openlibrary.org/b/id/8445510-M.jpg,https://openlibrary.org/works/OL6560011W,Open Library API,agriculture,
Practical Fermentation Technology,Brian McNeil | Linda Harvey,,,2008,3,Fermentation,eng,,https://openlibrary.org/works/OL21448107W,Open Library API,fermentation,
Inside the FDA,Fran Hawthorne,,,2005,6,"Drug Industry | Business | Food adulteration and inspection | Food | United States | Nonfiction | Pharmaceutical policy | Drug Approval | United States. Food and Drug Administration | United states, food and drug administration | Politics | Safety | United States Food and Drug Administration",eng,https://covers.openlibrary.org/b/id/305961-M.jpg,https://openlibrary.org/works/OL8226915W,Open Library API,food business,
How to bake everything,Mark Bittman,,,2016,2,Baking | Quick and easy cooking,eng,https://covers.openlibrary.org/b/id/13099911-M.jpg,https://openlibrary.org/works/OL20036138W,Open Library API,baking,
Food combining made easy,Herbert M. Shelton,4.0,1.0,1940,4,Diet | Digestion | Food combining | Nutrition | Nutrition Physiology | Popular works,eng,https://covers.openlibrary.org/b/id/7230177-M.jpg,https://openlibrary.org/works/OL3009660W,Open Library API,nutrition,
Preharvest and postharvest food safety,Ross C. Beier | Suresh D. Pillai | Timothy D. Phillips | Richard L. Ziprin,,,2004,4,"Food | Safety measures | Agricultural microbiology | Microbiology | Food, microbiology",eng,https://covers.openlibrary.org/b/id/11698253-M.jpg,https://openlibrary.org/works/OL19124313W,Open Library API,food safety,
Agricultural development principles,Robert D. Stevens,,,1988,1,"Agriculture | Economic aspects of Agriculture | Agriculture, economic aspects | Economic aspects",eng,https://covers.openlibrary.org/b/id/4125746-M.jpg,https://openlibrary.org/works/OL4981719W,Open Library API,agriculture,
"High Value Fermentation Products, Volume 1",Asha Chaubey | Vikash Babu | Saurabh Saran,,,2019,3,Fermentation,eng,https://covers.openlibrary.org/b/id/8800895-M.jpg,https://openlibrary.org/works/OL20155839W,Open Library API,fermentation,
Food Security in a Food Abundant World,Kwan Choi | Hamid Beladi | Andrew Schmitz | P. Lynn Kennedy | Troy G. Schmitz,,,2016,2,Food supply | Business | Food security | Economic aspects | Nutrition policy | Development economics | BUSINESS & ECONOMICS | Industries | General,eng,https://covers.openlibrary.org/b/id/12514235-M.jpg,https://openlibrary.org/works/OL21114665W,Open Library API,food business,
Nestlé toll house all-time favorite cookie and baking recipes,"Nestlé USA, Inc",,,2003,2,Cookies | Baking,eng,https://covers.openlibrary.org/b/id/11702331-M.jpg,https://openlibrary.org/works/OL19395582W,Open Library API,baking,
Food values of portions commonly used,Anna De Planter Bowes | Anna de Planter Bowes,,,1939,25,"Composition | Food | Food Analysis | Nutrition | Nutrition Physiology | Tables | Alimentation | Levensmiddelen | Aliments | Nutritional Physiological Phenomena | Voedingswaarde | Food, composition | Physiology | Reference Values | Food, tables | Diet therapy | Cooperative Agriculture",eng | spa,https://covers.openlibrary.org/b/id/6965680-M.jpg,https://openlibrary.org/works/OL4304829W,Open Library API,nutrition,
The philosophy of food,David M. Kaplan,,,2011,3,Food | Food Safety | Food Supply | Animal Welfare | Ethics,eng,https://covers.openlibrary.org/b/id/10346318-M.jpg,https://openlibrary.org/works/OL16142243W,Open Library API,food safety,
Sumberdaya lahan Indonesia dan pengelolaannya,Pusat Penelitian Tanah dan Agroklimat (Indonesia),5.0,1.0,2000,1,Agricultural resources | Rural Land use | Management | Agriculture | Agricultural ecology,ind,,https://openlibrary.org/works/OL19161134W,Open Library API,agriculture,
Modern Solid State Fermentation,Hongzhang Chen,,,2013,3,Fermentation,eng,https://covers.openlibrary.org/b/id/9366724-M.jpg,https://openlibrary.org/works/OL20692276W,Open Library API,fermentation,
Food Bank Nations,Graham Riches,,,2018,6,Food | Poverty | Social responsibility of business | Food banks | Food security | Banques alimentaires | Sécurité alimentaire | Pauvreté | Entreprises | Responsabilité sociale | BUSINESS & ECONOMICS | Infrastructure | SOCIAL SCIENCE | General,eng,,https://openlibrary.org/works/OL21335243W,Open Library API,food business,
The Great British bake off,Linda Collister,,,2015,1,Baking | Baked products,eng,https://covers.openlibrary.org/b/id/10323879-M.jpg,https://openlibrary.org/works/OL20037832W,Open Library API,baking,
A sociology of food & nutrition,John Germov | Lauren Williams,,,2004,2,Social aspects | Food | Food habits | Nutrition | Health | Nutrition and dietetics | Sociology,eng,https://covers.openlibrary.org/b/id/1129269-M.jpg,https://openlibrary.org/works/OL15893817W,Open Library API,nutrition,
Guide to Food Safety,David McSwane | Nancy R. Rue | Richard Linton | Anna Graf Willliams | FMI | David Zachary McSwane,,,2007,2,"Food service -- Safety measures -- Handbooks, manuals, etc. | Food service -- Sanitation -- Handbooks, manuals, etc. | Food handling -- Safety measures -- Handbooks, manuals, etc. | Food handling | Food service | Handbooks, manuals | Safety measures | Sanitation",eng,https://covers.openlibrary.org/b/id/1112407-M.jpg,https://openlibrary.org/works/OL17836865W,Open Library API,food safety,
Dirt to Soil,Gabe Brown,5.0,1.0,2018,2,"Organic farming | Agriculture, united states",eng,https://covers.openlibrary.org/b/id/8817749-M.jpg,https://openlibrary.org/works/OL20171211W,Open Library API,agriculture,
The chemistry of corn into alcohol,Dale Holm,5.0,1.0,1980,1,Alcohol as fuel | Fermentation,eng,https://covers.openlibrary.org/b/id/13961378-M.jpg,https://openlibrary.org/works/OL6104499W,Open Library API,fermentation,
Superbusiness,Fraser Doherty,,,2011,4,"SuperJam (Firm) | New business enterprises | Entrepreneurship | Food industry and trade | Industries, scotland",eng,https://covers.openlibrary.org/b/id/11080713-M.jpg,https://openlibrary.org/works/OL16590336W,Open Library API,food business,
Home baking,Jeffrey Alford | Naomi Duguid,,,2003,5,"Cookery, International | International Cookery | Baking | International cooking | Cakes, baking, icing & sugarcraft | Methods - Baking | Cooking | Cooking / Wine | Cooking / Baking",eng,https://covers.openlibrary.org/b/id/837600-M.jpg,https://openlibrary.org/works/OL1808306W,Open Library API,baking,
Biology,Neil Allison Campbell,3.8888888,27.0,1987,57,"Biology | Textbooks | Biology textbooks | Biologie | Science textbooks | Biology, Life Sciences | Biology (General) | Science | Science/Mathematics | Life Sciences - Biology - General | Problems, exercises | Biological Science Disciplines | Manuel | Biologi | Biological sciences & nutrition -> biology -> general | Qh308.2 .c34 2008 | 570 | Children's non-fiction | Science & technology",fre | spa | eng,https://covers.openlibrary.org/b/id/581911-M.jpg,https://openlibrary.org/works/OL1983087W,Open Library API,nutrition,
Thermal food processing,Da-Wen Sun,,,2005,7,"Food | Storage | Preservation | Food industry and trade | Food, preservation | Heating | Food Handling | Methods | Food Technology | Safety | Food Preservation | Aliments | Entreposage | Conservation | Chauffage | TECHNOLOGY & ENGINEERING | Food Science",eng,https://covers.openlibrary.org/b/id/1925823-M.jpg,https://openlibrary.org/works/OL18233210W,Open Library API,food safety,
The conditions of agricultural growth,Ester Boserup,,,1965,27,"Agriculture | Economic aspects | Economic aspects of Agriculture | Population | Agriculture, economic aspects | Economic development | Aspect économique | Jordbruk | Ekonomiska aspekter | Lantbruk | BUSINESS & ECONOMICS | Industries | General",eng,https://covers.openlibrary.org/b/id/1143078-M.jpg,https://openlibrary.org/works/OL4798174W,Open Library API,agriculture,
Mémoire sur la fermentation alcoolique,Louis Pasteur,,,1860,1,Fermentation,fre,https://covers.openlibrary.org/b/id/7206326-M.jpg,https://openlibrary.org/works/OL15522627W,Open Library API,fermentation,
Hooked,Michael Moss,2.0,1.0,2021,2,nyt:combined-print-and-e-book-nonfiction=2021-04-18 | New York Times bestseller | New York Times reviewed | Compulsive eating | Obesity | Food additives | Food industry and trade | Nutrition | Health aspects | Convenience foods | Marketing | Food Addiction | Diet | Adverse effects | Food-Processing Industry | Economics | Fast Foods | BUSINESS & ECONOMICS / Corporate & Business History | HEALTH & FITNESS / Diet & Nutrition / Nutrition | PSYCHOLOGY / Psychopathology / Addiction,eng,https://covers.openlibrary.org/b/id/10827495-M.jpg,https://openlibrary.org/works/OL21947343W,Open Library API,food business,
Nutritional sciences,Michelle McGuire | Kathy A. Beerman,,,2006,10,"Nutrition | Textbooks | Dietetics & nutrition | Medical / Nutrition | Medical | Medical / Nursing | Food | Food, carbohydrate content | Food, vitamin content",eng,https://covers.openlibrary.org/b/id/2473726-M.jpg,https://openlibrary.org/works/OL9389399W,Open Library API,nutrition,
Bacteria and foodborne illness,National Digestive Diseases Information Clearinghouse (U.S.),,,2007,2,Food poisoning | Prevention | Food handling | Safety measures | Foodborne diseases,eng,,https://openlibrary.org/works/OL32188355W,Open Library API,food safety,
A Corporate Tragedy,Barbara Marsh,5.0,1.0,1985,1,Agricultural machinery industry | International Harvester Company,eng,https://covers.openlibrary.org/b/id/4210350-M.jpg,https://openlibrary.org/works/OL5473527W,Open Library API,agriculture,
World Population and World Food Supplies,E. John Russell,,,2019,5,Food supply | Population | BUSINESS & ECONOMICS | International | Economics,eng,,https://openlibrary.org/works/OL25218308W,Open Library API,food business,
Bake,Rachel Allen,,,2008,1,Baking | Baked products | Cake | Cooking,eng,https://covers.openlibrary.org/b/id/10199973-M.jpg,https://openlibrary.org/works/OL20877272W,Open Library API,baking,
Healing with whole foods,Paul Pitchford,,,1993,7,"Chinese Medicine | Diet therapy | Medicine, Chinese | Nutrition | Chinese Traditional Medicine | Methods | Nutritional Physiological Phenomena | HEALTH & FITNESS / Naturopathy",eng | spa,https://covers.openlibrary.org/b/id/715985-M.jpg,https://openlibrary.org/works/OL3232291W,Open Library API,nutrition,
Genetic roulette,"Smith, Jeffrey M.",,,2007,1,Food | Biotechnology | Safety measures | Government policy | Genetically modified foods | Genetically Modified Food | Standards,eng,https://covers.openlibrary.org/b/id/11384605-M.jpg,https://openlibrary.org/works/OL6040777W,Open Library API,food safety,
Soil and Water Conservation Engineering,Glenn O. Schwab | Delmar D. Fangmeier | William J. Elliot | Richard K. Frevert,5.0,2.0,1955,2,Agricultural engineering | Soil conservation | Water conservation,eng,https://covers.openlibrary.org/b/id/1248780-M.jpg,https://openlibrary.org/works/OL19334438W,Open Library API,agriculture,
Die Bierbrauerei,Ludwig Narziss,,,1976,6,Beer | Brewing | Malt | Fermentation,ger,,https://openlibrary.org/works/OL19139710W,Open Library API,fermentation,
Multiresidue Methods for the Analysis of Pesticide Residues in Food,Horacio Heinzen | Leo M. L. Nollet | Amadeo R. Fernandez-Alba,,,2017,5,Pesticides | Pesticide residues in food | Food contamination | Food | Analysis | TECHNOLOGY & ENGINEERING | Food Science | BUSINESS & ECONOMICS | Infrastructure | SOCIAL SCIENCE | General,eng,https://covers.openlibrary.org/b/id/14268367-M.jpg,https://openlibrary.org/works/OL21297562W,Open Library API,food business,
Tate's Bake Shop Cookbook,Kathleen King,5.0,1.0,2005,2,Baking | Desserts,eng,https://covers.openlibrary.org/b/id/180357-M.jpg,https://openlibrary.org/works/OL9239192W,Open Library API,baking,
Ayurveda,Maya Tiwari,,,1994,4,"Ayurvedic Medicine | Health | Medicine, Ayurvedic | Nutrition | Medicine, ayurvedic | Nutritional Physiological Phenomena",eng,https://covers.openlibrary.org/b/id/691252-M.jpg,https://openlibrary.org/works/OL3001669W,Open Library API,nutrition,
International standards for food safety,Naomi Rees | David Watson,0.0,0.0,2000,1,Safety measures | Food adulteration and inspection | Food industry and trade | Standards | Food contamination,eng,https://covers.openlibrary.org/b/id/1579357-M.jpg,https://openlibrary.org/works/OL18648770W,Open Library API,food safety,
Hukum agraria,Rheena Effendy,5.0,1.0,1971,2,"Agricultural laws and legislation | Examinations, questions",ind,,https://openlibrary.org/works/OL7196391W,Open Library API,agriculture,
Ferment your vegetables,Amanda Feifer,,,2015,2,Fermented foods | Pickled foods | Food,eng,,https://openlibrary.org/works/OL22318401W,Open Library API,fermentation,
Opportunities in restaurant careers,Carol Ann Caprione Chmelynski | Carol Caprione Chemelynski,,,1990,6,"Vocational guidance | Business | Food service | Nonfiction | Careers | Industries | TRAVEL | Hospitality, Travel & Tourism | BUSINESS & ECONOMICS | Restaurants | Food service, vocational guidance",eng,https://covers.openlibrary.org/b/id/3725285-M.jpg,https://openlibrary.org/works/OL1811425W,Open Library API,food business,
Crumb,Ruby Tandoh,,,2001,3,Baking | Cake,eng,https://covers.openlibrary.org/b/id/11021898-M.jpg,https://openlibrary.org/works/OL20037288W,Open Library API,baking,
Grain Brain,David Perlmutter | Kristin Loberg,5.0,1.0,2013,18,"Dietary supplements | Brain, diseases | Mental health, nutritional aspects | Brain | Energy metabolism | Diseases | Carbohydrates | Nutritional aspects | Metabolism | Popular works | Prevention | nyt:combined-print-and-e-book-nonfiction=2013-10-06 | New York Times bestseller | Brain Diseases | Carbohydrate Metabolism | Nutritional Physiological Phenomena | Metabolismo | Aspectos nutritivos | Cerebro | Enfermedades | Prevencion | Metabolismo de la energia | Hidratos de carbono",chi | spa | eng,https://covers.openlibrary.org/b/id/7598066-M.jpg,https://openlibrary.org/works/OL17447903W,Open Library API,nutrition,
Handbook of food safety engineering,Da-Wen Sun,,,2011,5,"Safety measures | Sanitation | TECHNOLOGY & ENGINEERING / Food Science | Food | Food industry and trade | Microbiology | Food, microbiology",eng,https://covers.openlibrary.org/b/id/13753791-M.jpg,https://openlibrary.org/works/OL15980332W,Open Library API,food safety,
The Fatal Harvest Reader,Andrew Kimbrell,,,2002,6,"Organic farming | Environmental aspects | Agriculture | Agricultural ecology | Agriculture, environmental aspects | Agriculture, united states | Environment | Organic Food",eng,https://covers.openlibrary.org/b/id/787481-M.jpg,https://openlibrary.org/works/OL2718585W,Open Library API,agriculture,
"Fermented Foods, Part II",Ramesh C. Ray | Didier Montet,,,2017,6,"Food, biotechnology | Fermentation | Food | Fermented foods | Composition | Biochemistry | Biotechnology | Aliments fermentés | Biochimie | Aliments | Biotechnologie | TECHNOLOGY & ENGINEERING | Food Science",eng,,https://openlibrary.org/works/OL21300282W,Open Library API,fermentation,
ManageFirst,National Restaurant Association,,,2012,5,"Hospitality industry | Restaurant management | Nutrition | Food service management | Customer services | Management | Business ethics | Personnel management | Entrepreneurship | Problems, exercises",,https://covers.openlibrary.org/b/id/10142246-M.jpg,https://openlibrary.org/works/OL20835444W,Open Library API,food business,
Maida Heatter's cookies,Maida Heatter,,,2011,1,Cookies | Cookbooks | Baking | Cooking,eng,https://covers.openlibrary.org/b/id/12859720-M.jpg,https://openlibrary.org/works/OL19948438W,Open Library API,baking,
Human nutrition,Catherine Geissler | Hilary Powers,,,2010,1,Nutrition | Nutrition Disorders | Diet therapy | Nutrition disorders | Nutritional Physiological Phenomena | Diet Therapy | Dietetics | Diets | Allied health & medical -> nursing -> nutrition,eng,https://covers.openlibrary.org/b/id/12592356-M.jpg,https://openlibrary.org/works/OL16767034W,Open Library API,nutrition,
Safety and sanitation,Michael Pepper | Gilbert Pratt | Alice Winnick,,,1984,3,Food service | Safety measures,eng,,https://openlibrary.org/works/OL19127260W,Open Library API,food safety,
Poison Path Herbal,Coby Michael,,,2021,2,Agriculture,eng,,https://openlibrary.org/works/OL25795783W,Open Library API,agriculture,
Current Developments in Biotechnology and Bioengineering,Ashok Pandey | Sudhir P. Singh | Sudesh Kumar Yadav | Guocheng Du,,,2016,19,"Bioengineering | Biotechnology | Cell culture | Fermentation | Biomass energy | Waste products | Chemistry, technical | Long Now Manual for Civilization",eng,https://covers.openlibrary.org/b/id/9238815-M.jpg,https://openlibrary.org/works/OL20598139W,Open Library API,fermentation,
Irrational Persistence,Dave Zilko,,,2016,4,Snack foods | Entrepreneurship | Success in business,eng,,https://openlibrary.org/works/OL21582697W,Open Library API,food business,
Sarabeth's bakery,Sarabeth Levine,,,2010,1,Desserts | Baking | Baked products,eng,https://covers.openlibrary.org/b/id/12629132-M.jpg,https://openlibrary.org/works/OL16282631W,Open Library API,baking,
Chemistry of Man,Bernard Jensen,,,1983,2,Nutrition | Homeopathy,eng,https://covers.openlibrary.org/b/id/7276720-M.jpg,https://openlibrary.org/works/OL1895390W,Open Library API,nutrition,
Cannabis Grower's Handbook,Ed Rosenthal | Robert Flannery | Angela Bacca,,,2021,2,Agriculture,eng,,https://openlibrary.org/works/OL25773842W,Open Library API,agriculture,
Chemicals from fermentation,Peter A. Hahn,,,1968,2,Chemical engineering | Fermentation,eng,https://covers.openlibrary.org/b/id/10738849-M.jpg,https://openlibrary.org/works/OL7204964W,Open Library API,fermentation,
Supply Chain Management for Sustainable Food Networks,Dionysis Bochtis | Eleftherios Iakovou | Dimitrios Vlachos | Dimitrios Aidonis,,,2016,4,Business logistics | Food industry and trade,eng,,https://openlibrary.org/works/OL21579566W,Open Library API,food business,
Baking,Not stated,,,2000,1,Cooking | Baking,eng,https://covers.openlibrary.org/b/id/8283517-M.jpg,https://openlibrary.org/works/OL18011788W,Open Library API,baking,
The Diet Myth,Professor Tim Spector,5.0,1.0,2016,1,"Nutrition | Diet therapy | Intestines, microbiology | Health behavior",eng,https://covers.openlibrary.org/b/id/9134252-M.jpg,https://openlibrary.org/works/OL20469388W,Open Library API,nutrition,
Introduction to Culinary Arts,Jerry Gleason | Culinary Institute of America.,,,2014,2,"Cooking, study and teaching | Food | Safety measures | Cooking | Study and teaching",eng,https://covers.openlibrary.org/b/id/10137375-M.jpg,https://openlibrary.org/works/OL20831730W,Open Library API,food safety,
English Pastoral,James Rebanks,,,2020,4,Agriculture,eng,,https://openlibrary.org/works/OL21682837W,Open Library API,agriculture,
Fermented foods of the world,Geoffrey Campbell-Platt,,,1987,2,Dictionaries | Fermented foods,eng,,https://openlibrary.org/works/OL5278551W,Open Library API,fermentation,
Food and Experiential Marketing,Wided Batat,,,2019,6,"Direct marketing | Customer relations | Food, marketing | Branding (Marketing) | Food | Marketing | BUSINESS & ECONOMICS | Consumer Behavior | Research | TECHNOLOGY | Food Science",eng,,https://openlibrary.org/works/OL25752759W,Open Library API,food business,
Diet and health,Walter J. Veith,,,1998,3,Cookery | Nutrition | Nutrition Physiology | Vegetarian Diet | Vegetarian cookery | Vegetarianism,eng,https://covers.openlibrary.org/b/id/2252881-M.jpg,https://openlibrary.org/works/OL9051301W,Open Library API,nutrition,
Food safety,Nina Redman,,,2007,3,"Current Events | Food adulteration and inspection | Food industry and trade | Handbooks, manuals | Handbooks, manuals, etc | Nonfiction | Safety measures | Science",eng,https://covers.openlibrary.org/b/id/6419555-M.jpg,https://openlibrary.org/works/OL1917024W,Open Library API,food safety,
Maison rustique du XIXe siècle,C. Bailly | Alexandre Bixio | François Malepeyre | Victor Frédéric Alexandre Ysabeau,,,1836,31,Agriculture | Dictionaries | French,fre,https://covers.openlibrary.org/b/id/6534280-M.jpg,https://openlibrary.org/works/OL15222720W,Open Library API,agriculture,
Amino Acid Fermentation,Atsushi Yokota | Masato Ikeda,,,2017,2,Amino acids | Fermentation,,https://covers.openlibrary.org/b/id/10167389-M.jpg,https://openlibrary.org/works/OL20854393W,Open Library API,fermentation,
Drying food for profit,B. L. Axtell | Barrie Axtell | Andrew Russell,,,2002,3,"Food | Drying | Agricultural science | Food & beverage technology | Food manufacturing & related industries | Technology | Technology & Industrial Arts | Science/Mathematics | Entrepreneurship | Food Science | New Business Enterprises | Technology / Food Industry & Science | Food, drying",eng,https://covers.openlibrary.org/b/id/2048400-M.jpg,https://openlibrary.org/works/OL3405921W,Open Library API,food business,
Taste of Home cookies,Taste of Home Books,,,2009,2,Desserts | Cookies | Baking,eng,https://covers.openlibrary.org/b/id/10344632-M.jpg,https://openlibrary.org/works/OL16595733W,Open Library API,baking,
"Foods That Harm, Foods That Heal",Reader's Digest Association,0.0,0.0,1997,3,Food | Nutrition | Popular works | Popular Works,eng,https://covers.openlibrary.org/b/id/512878-M.jpg,https://openlibrary.org/works/OL8064611W,Open Library API,nutrition,
Aflatoxin and Food Safety (Food Science and Technology (Crc Press)),Hamed K. Abbas,,,2005,1,Food | Aflatoxins | Safety measures,eng,https://covers.openlibrary.org/b/id/1564183-M.jpg,https://openlibrary.org/works/OL8561806W,Open Library API,food safety,
Principles of Agricultural Economics,Andrew Barkley | Paul W. Barkley,,,2013,17,"Economics | Agriculture, economic aspects, united states | Agriculture",eng,https://covers.openlibrary.org/b/id/13253012-M.jpg,https://openlibrary.org/works/OL20734617W,Open Library API,agriculture,
Fermented vegetables,Kirsten Shockey,,,2014,1,"Vegetables | Fermented foods | Canning and preserving | Preservation | Vegetables, preservation",eng,https://covers.openlibrary.org/b/id/14796137-M.jpg,https://openlibrary.org/works/OL19990292W,Open Library API,fermentation,
Organizing Supply Chain Processes for Sustainable Innovation in the Agri-Food Industry,Christopher Worley | Raffaella Cagliano | Frederico Caniato,,,2016,2,Business logistics | Food supply | Business,eng,,https://openlibrary.org/works/OL21133989W,Open Library API,food business,
Bakery Technology & Engineering,Samuel A. Matz,,,1960,5,Baking | Bakers and bakeries | Bakeries,eng,https://covers.openlibrary.org/b/id/1231104-M.jpg,https://openlibrary.org/works/OL2470693W,Open Library API,baking,
Nutrition,Mary B. Grosvenor | Lori A. Smolin,,,2005,10,Nutrition | Ernahrung | Nutritional Physiological Phenomena | Ernahrungserziehung | Ernahrungswissenschaft | Nutritionally induced diseases | Health,eng,https://covers.openlibrary.org/b/id/306223-M.jpg,https://openlibrary.org/works/OL12078101W,Open Library API,nutrition,
Sheng huo zhong bu ke bu zhi de shi pin an quan zhi shi,Yangqing Xiang,,,2009,1,Food | Safety measures | Microbiology,chi,https://covers.openlibrary.org/b/id/12480529-M.jpg,https://openlibrary.org/works/OL26449762W,Open Library API,food safety,
Introduction to Plant Biotechnology (3/e),H. S. Chawla,,,2011,7,Agricultural biotechnology,eng,,https://openlibrary.org/works/OL21643979W,Open Library API,agriculture,
Ancestral records and portraits,"Colonial Dames of America. Chapter I, Baltimore.",,,1910,1,Genealogy | Fermentation | Mycology | Insects,eng,https://covers.openlibrary.org/b/id/6272880-M.jpg,https://openlibrary.org/works/OL7706640W,Open Library API,fermentation,
The Fifth Risk,Michael Lewis | Ramón González Férriz,4.2,10.0,2018,11,"Politics and government | Civil service | Management | Administrative agencies | Public administration | Government executives | United states, politics and government, 2017- | Civil service, united states | nyt:combined-print-and-e-book-nonfiction=2018-10-21 | New York Times bestseller | New York Times reviewed | BUSINESS & ECONOMICS / Commercial Policy | POLITICAL SCIENCE / American Government / National | POLITICAL SCIENCE / Public Policy / Agriculture & Food Policy | POLITICAL SCIENCE / Public Policy / Energy Policy | nyt:paperback-nonfiction=2019-12-22 | United states, politics and government, 2017-2021",eng,https://covers.openlibrary.org/b/id/10285490-M.jpg,https://openlibrary.org/works/OL19754784W,Open Library API,food business,
Better Homes and Gardens Complete Book of Baking,Better Homes and Gardens,,,1995,2,Baking,eng,https://covers.openlibrary.org/b/id/445287-M.jpg,https://openlibrary.org/works/OL8194190W,Open Library API,baking,
Fundamentals of Meal Management,Margaret McWilliams,3.0,2.0,1978,7,Food | Table service | Grocery shopping | Food service | Nutrition,eng,https://covers.openlibrary.org/b/id/1103052-M.jpg,https://openlibrary.org/works/OL2154269W,Open Library API,nutrition,
Ready-to-eat foods,Lihan Huang,,,2009,3,Safety measures | Food contamination | Ready meals | Food | Convenience foods . | Microbiology | Foodborne diseases | Food law and legislation | Food adulteration and inspection | Convenience foods,eng,,https://openlibrary.org/works/OL18812898W,Open Library API,food safety,
The first farmers,Peter S. Bellwood,4.0,2.0,2004,6,"Origin | Prehistoric Agriculture | Cultivated Plants | Plants, Cultivated | Agriculture, Prehistoric | Agriculture | Landbouw | Agrarische maatschappij | Ontstaansgeschiedenis | Prehistorie",eng,https://covers.openlibrary.org/b/id/1326682-M.jpg,https://openlibrary.org/works/OL3344510W,Open Library API,agriculture,
Secrets of the still,Grace Firth,,,1983,1,Amateurs' manuals | Distillation | Fermentation,eng,https://covers.openlibrary.org/b/id/13176831-M.jpg,https://openlibrary.org/works/OL5599849W,Open Library API,fermentation,
Lawrie's Meat Science,Fidel Toldra,,,2017,3,"Meat industry and trade | Meat | Food science | Food industry | Microbiology | Professional, career & trade -> food technology -> food science | Business & economics -> business -> industries | Allied health & medical -> medical -> microbiology | 256 | 720 | L0140401607",eng,https://covers.openlibrary.org/b/id/12588664-M.jpg,https://openlibrary.org/works/OL25175043W,Open Library API,food business,
Nutrition Across Life Stages,Melissa Bernstein | Kimberley McMahon,,,2017,2,Nutrition | Diet | Nutritional physiological phenomena,eng,https://covers.openlibrary.org/b/id/13286642-M.jpg,https://openlibrary.org/works/OL21137890W,Open Library API,nutrition,
Practical Food Safety,Rajeev Bhat | Vicente M. Gómez-López,,,2014,2,Food Safety | Food Contamination | Food contamination,eng,https://covers.openlibrary.org/b/id/9012723-M.jpg,https://openlibrary.org/works/OL20347266W,Open Library API,food safety,
The Homesteading Handbook,Abigail R. Gehring,4.0,1.0,2011,2,"Agriculture | Handbooks, manuals | Rural Home economics | Family farms | Sustainable living | Agriculture, united states | Home economics, rural | Agriculture, handbooks, manuals, etc.",eng,https://covers.openlibrary.org/b/id/8035125-M.jpg,https://openlibrary.org/works/OL15936920W,Open Library API,agriculture,
Real food fermentation,Alex Lewin,4.0,1.0,2012,2,COOKING / Methods / Canning & Preserving | COOKING / General | Fermented foods | Fernentation | Fermentation | Food,eng,,https://openlibrary.org/works/OL16486444W,Open Library API,fermentation,
Starting a Small Food Processing Enterprise,Peter Fellows | Ernesto Franco | Walter Rios,,,1996,2,Food industry and trade | Management | New business enterprises | Small business,eng,https://covers.openlibrary.org/b/id/5165781-M.jpg,https://openlibrary.org/works/OL21715187W,Open Library API,food business,
Baking,Martha Day,,,2002,2,Baking | Baked products,eng,https://covers.openlibrary.org/b/id/12533557-M.jpg,https://openlibrary.org/works/OL27028039W,Open Library API,baking,
A cancer therapy,Max Gerson,,,1958,14,Alternative therapies | Cancer | Case studies | Diet therapy | Neoplasms | Nutritional aspects | Nutritional aspects of Cancer | Therapy,eng,https://covers.openlibrary.org/b/id/724920-M.jpg,https://openlibrary.org/works/OL3355005W,Open Library API,nutrition,
Biosensors In Food Processing Safety And Quality Control,Mehmet Mutlu,,,2010,5,Food | Biosensors | Safety measures | Quality | Food industry and trade | Food--Quality | Biosensing Techniques | Food Handling | Food Contamination | Prevention & control | Food Technology | Food handling | Aliments | Sécurité | Mesures | Qualité | Biocapteurs | Manipulation | HEALTH & FITNESS | Safety,eng,https://covers.openlibrary.org/b/id/7546701-M.jpg,https://openlibrary.org/works/OL17422125W,Open Library API,food safety,
Indian economy since independence,Uma Kapila,,,2008,4,"Economic policy | Agriculture | Economic development | Economic conditions | India, economic conditions, 1947- | India, economic policy",eng,https://covers.openlibrary.org/b/id/13428521-M.jpg,https://openlibrary.org/works/OL19746731W,Open Library API,agriculture,
On fermentation,Alonzo Engelbert Taylor,,,1907,4,Fermentation | Enzymes | Metabolism,eng,https://covers.openlibrary.org/b/id/5642439-M.jpg,https://openlibrary.org/works/OL1091120W,Open Library API,fermentation,
Global Foodscapes,Alistair Fraser,,,2016,6,Food industry and trade | Food supply | Social aspects | Economic aspects | BUSINESS & ECONOMICS | Industries | General,eng,,https://openlibrary.org/works/OL21298838W,Open Library API,food business,
Great Big Baking Book,Carole Clements,,,2002,2,Baking | Baked products,eng,https://covers.openlibrary.org/b/id/10759840-M.jpg,https://openlibrary.org/works/OL21115681W,Open Library API,baking,
Oceanography,Tom S. Garrison,,,1993,5,Textbooks | Nutrition | Oceanography | History | Dietetics | Nutritional Sciences | Nutritional Physiological Phenomena | Diététique,eng,https://covers.openlibrary.org/b/id/364033-M.jpg,https://openlibrary.org/works/OL8263849W,Open Library API,nutrition,
Biofilms in the food environment,Hua H. Wang | Meredith Agle,,,2007,3,Food | Safety measures | Biofilms | Microbiology | Food contamination,eng,https://covers.openlibrary.org/b/id/1542035-M.jpg,https://openlibrary.org/works/OL19577661W,Open Library API,food safety,
The Farming Handbook,Barry Smith,,,2006,1,"Conscience | Ethics | Agriculture | Handbooks, manuals | Agriculture, handbooks, manuals, etc. | Agriculture, south africa",eng,https://covers.openlibrary.org/b/id/9915569-M.jpg,https://openlibrary.org/works/OL2778750W,Open Library API,agriculture,
Sacred and herbal healing beers,Stephen Harrod Buhner,,,1998,1,"Beer | Brewing | Herbs, therapeutic use | Fermentation | Therapeutic use | Folklore | Herbal Medicine",eng,https://covers.openlibrary.org/b/id/715459-M.jpg,https://openlibrary.org/works/OL1870651W,Open Library API,fermentation,
Routledge Handbook of Food and Nutrition Security,Bill Pritchard | Rodomiro Ortiz | Meera Shekar,,,2016,6,Food supply | Nutrition policy | Food security | Sécurité alimentaire | Politique alimentaire | BUSINESS & ECONOMICS | Industries | General,eng,,https://openlibrary.org/works/OL21297725W,Open Library API,food business,
Gluten-Free Baking Classics,Annalise G. Roberts,,,2006,3,Baking | Gluten-free diet | Recipes,eng,https://covers.openlibrary.org/b/id/823523-M.jpg,https://openlibrary.org/works/OL8921494W,Open Library API,baking,
Eat to Beat Disease,William W. Li,3.0,2.0,2019,5,Nutritionally induced diseases | Nutrition | Diet therapy,eng,https://covers.openlibrary.org/b/id/8795370-M.jpg,https://openlibrary.org/works/OL20151094W,Open Library API,nutrition,
Enhancing the regulatory decision-making approval process for direct food ingredient technologies,Food Forum | Institute of Medicine,,,1999,4,Safety regulations | Congresses | Food additives | Food law and legislation,eng,https://covers.openlibrary.org/b/id/2362366-M.jpg,https://openlibrary.org/works/OL23708413W,Open Library API,food safety,
Legume Based Fermented Foods,N. R. Reddy,,,2018,5,Legumes as food | Fermented foods | Légumes secs | Aliments fermentés | COOKING | General,eng,,https://openlibrary.org/works/OL25219593W,Open Library API,fermentation,
The Routledge Handbook of Sustainable Food and Gastronomy,Philip Sloan | Willy Legrand,,,2015,6,Food supply | Food industry and trade | Gastronomy | Environmental aspects | Gastronomie | BUSINESS & ECONOMICS | Industries | General,eng,https://covers.openlibrary.org/b/id/8953011-M.jpg,https://openlibrary.org/works/OL20294307W,Open Library API,food business,
The complete idiot's guide to baking,Emily Nolan,,,1997,1,Baking | Baked products,eng,https://covers.openlibrary.org/b/id/16493-M.jpg,https://openlibrary.org/works/OL2769747W,Open Library API,baking,
Fast Food Facts,Marion J. Franz,1.0,1.0,1984,12,"Composition | Convenience foods | Diabetes | Fast food restaurants | Food | Nutritional aspects | Nutritional aspects of Diabetes | Tables | Nutritive Value | Diabetic Diet | Nutrition | Food, composition",eng,https://covers.openlibrary.org/b/id/931902-M.jpg,https://openlibrary.org/works/OL2653382W,Open Library API,nutrition,
Food Safety and Protection,V. Ravishankar Rai | Jamuna A. Bai,,,2017,5,"Food adulteration and inspection | Food, analysis | Food | Safety measures | Foodborne diseases | Packaging | Food Safety | Food Packaging | Methods | Prevention & control | Aliments | Sécurité | Mesures | Maladies d'origine alimentaire | Conditionnement | TECHNOLOGY / Food Science",eng,https://covers.openlibrary.org/b/id/13752587-M.jpg,https://openlibrary.org/works/OL21310059W,Open Library API,food safety,
Rural development,Katar Singh,,,1986,4,Agricultural development projects | Agriculture | Case studies | Economic aspects | Economic aspects of Agriculture | Rural development | Rural development projects,eng,https://covers.openlibrary.org/b/id/3734924-M.jpg,https://openlibrary.org/works/OL1934253W,Open Library API,agriculture,
The 100,Jorge Cruise | Fred Berman,4.0,1.0,2013,3,"Reducting diets | Weight loss | Sugar-free diet | Recipes | Reducing diets | Health | Food | Caloric content | Cholesterol content | Tables | nyt:advice-how-to-and-miscellaneous=2013-06-09 | New York Times bestseller | Food, caloric content | nyt:food-and-fitness=2015-02-08 | Children's fiction | Science fiction | Survival, fiction | Criminals, fiction | Business planning | Leadership",eng,https://covers.openlibrary.org/b/id/8367611-M.jpg,https://openlibrary.org/works/OL18820739W,Open Library API,food business,
Roses Heavenly Baking,Rose Levy Beranbaum,5.0,1.0,2014,1,Baking | COOKING / Methods / Baking,,https://covers.openlibrary.org/b/id/7801089-M.jpg,https://openlibrary.org/works/OL17549730W,Open Library API,baking,
The bodybuilder's nutrition book,Franco Columbu,5.0,1.0,1985,2,Bodybuilders | Nutrition | Bodybuilding,eng,https://covers.openlibrary.org/b/id/594247-M.jpg,https://openlibrary.org/works/OL5097214W,Open Library API,nutrition,
The God Gene,Dean H. Hamer,4.0,1.0,1980,6,"Nonfiction | Science | Genetic psychology | Psychology, religious | Agricultural innovations | Agriculture | Agricultural laborers | Agricultural productivity | Land tenure | Social aspects | Economic aspects | Agriculture and state | Croyance religieuse | Spiritualité | Glaube | Genetische psychologie | Aspect génétique | Religious Psychology | Religion | Psychologie religieuse | Religionspsychologie | Erbpsychologie | Aspect biologique | Geloof | Prédisposition héréditaire",eng,https://covers.openlibrary.org/b/id/243775-M.jpg,https://openlibrary.org/works/OL2701094W,Open Library API,agriculture,
Die Fermente und ihre Wirkungen,Carl Oppenheimer,0.0,0.0,1900,3,Enzymes | Fermentation,ger,https://covers.openlibrary.org/b/id/7965558-M.jpg,https://openlibrary.org/works/OL17691784W,Open Library API,fermentation,
Invisible Giant,Brewster Kneen,,,1995,3,Grain trade | Agricultural industries | Food industry and trade | International business enterprises | Inc Cargill | History,eng,https://covers.openlibrary.org/b/id/5012900-M.jpg,https://openlibrary.org/works/OL3879579W,Open Library API,food business,
Macarons at midnight,Suzanne Nelson | Suzanne Nelson,3.4285715,7.0,2015,4,"Bakeries | Boys | Baking | Bakers and bakeries | Juvenile fiction | Girls | Fiction | Impersonation | Infatuation | Stepfamilies | Student newspapers and periodicals | Children's fiction | Friendship, fiction",eng,https://covers.openlibrary.org/b/id/10552327-M.jpg,https://openlibrary.org/works/OL17875151W,Open Library API,baking,
Public health nutrition,Michael J. Gibney,,,2004,5,Nutrition | Public health | Nutritionally induced diseases | Dietetics | Nutritional Physiological Phenomena | Public Health,eng,https://covers.openlibrary.org/b/id/1329049-M.jpg,https://openlibrary.org/works/OL18231565W,Open Library API,nutrition,
Food safety,Barbara J. Patten,,,1996,2,Juvenile literature | Food handling | Safety measures | Safety | Food poisoning | Safety education,eng,https://covers.openlibrary.org/b/id/4786335-M.jpg,https://openlibrary.org/works/OL2927046W,Open Library API,food safety,
Right This Very Minute,Lisl H Detlefsen | Renée Kurilla,,,2019,4,"Food | Food, juvenile literature | Agriculture | Agriculture, juvenile literature",eng,https://covers.openlibrary.org/b/id/10898241-M.jpg,https://openlibrary.org/works/OL24368996W,Open Library API,agriculture,
Koumiss,Oaklands Jersey Dairy,,,1885,2,Fermented Milk | Lait fermenté,eng,https://covers.openlibrary.org/b/id/6589389-M.jpg,https://openlibrary.org/works/OL15375224W,Open Library API,fermentation,
Novel Food Packaging Techniques,R. Ahvenainen,,,2003,3,"Food, packaging | Food science | Packaging | Food industry | Professional, career & trade -> food technology -> food science | Trades & technology -> industrial design -> general | Business & economics -> business -> industries",eng,,https://openlibrary.org/works/OL27313989W,Open Library API,food business,
500 baking recipes,Igloo Books Ltd,,,2014,1,Baking,eng,https://covers.openlibrary.org/b/id/10604466-M.jpg,https://openlibrary.org/works/OL24180348W,Open Library API,baking,
Krause's food & the nutrition care process,L. Kathleen Mahan | Janice L. Raymond,,,2014,2,Diet therapy | Food | Nutrition | Diet Therapy | Nutritional Physiological Phenomena | Allied health & medical -> nursing -> nutrition,eng,https://covers.openlibrary.org/b/id/8935182-M.jpg,https://openlibrary.org/works/OL20277360W,Open Library API,nutrition,
Food Safety (Point/Counterpoint),Victoria Sherrow,,,2007,1,Safety measures | Food | Food industry and trade | Food industry,eng,https://covers.openlibrary.org/b/id/1490588-M.jpg,https://openlibrary.org/works/OL479747W,Open Library API,food safety,
Shizen nōhō wara ippon no kakumei,Masanobu Fukuoka,4.1666665,6.0,1978,8,"No-tillage | Organic farming | Agriculture, japan | Fukuoka, masanobu | No-tillage--japan | Organic farming--japan",eng,https://covers.openlibrary.org/b/id/6255962-M.jpg,https://openlibrary.org/works/OL4261633W,Open Library API,agriculture,
Fundamentals of polymer engineering,"Kumar, Anil",3.0,1.0,2003,2,Polymerization | Polymers | Engineering | Nonfiction | Polymer engineering | Chemical engineering | Fermentation,eng,https://covers.openlibrary.org/b/id/1563791-M.jpg,https://openlibrary.org/works/OL2635383W,Open Library API,fermentation,
Mumbai's dabbawala,Śobhā Bondre,4.0,1.0,2013,1,Precooked foods | Transportation | Business logistics | Management,eng,,https://openlibrary.org/works/OL23384416W,Open Library API,food business,
Favorite Gold Medal flour recipes,Betty Crocker,,,1984,1,Baking,eng,https://covers.openlibrary.org/b/id/6656717-M.jpg,https://openlibrary.org/works/OL15430599W,Open Library API,baking,
Nutritional epidemiology,Walter Willett,,,1990,3,"Methodology | Nutrition | Research | Nutrition surveys | Diet | Diet in disease | Epidemiologic Methods | Epidemiology | Nutritionally induced diseases | Adverse effects | Nutrition, research | Nutritional Physiological Phenomena",eng,https://covers.openlibrary.org/b/id/124272-M.jpg,https://openlibrary.org/works/OL2721885W,Open Library API,nutrition,
Acciones y experiencias de seguridad alimentaria en Ecuador,Jaime Durango Flores,,,2002,2,Food | Safety measures | Food supply,spa,,https://openlibrary.org/works/OL11822292W,Open Library API,food safety,
Sabrina and the calf-raising disaster,L. E. Blair | Susan Sloate,,,1992,1,Agricultural exhibitions | Fiction | Friendship,eng,https://covers.openlibrary.org/b/id/6614372-M.jpg,https://openlibrary.org/works/OL3693848W,Open Library API,agriculture,
The dynamics of innovation clusters,Magnus Lagnevik | Ingegerd Sjoholm | Anders Lareke | Jacob Ostberg,,,2003,4,Processed foods | Nutrition policy | Marketing | Competition | Research | Food preferences | Technological innovations | Big business | Food industry and trade | Food manufacturing & related industries | Food Science | Business & Economics | Technology & Industrial Arts | Business/Economics | Industries - Agribusiness | Industrial Management | Europe | Food service management,und | eng,https://covers.openlibrary.org/b/id/2026557-M.jpg,https://openlibrary.org/works/OL18270092W,Open Library API,food business,
The gingerbread man,Jim Aylesworth,,,1998,5,"Fairy tales | Folklore | Folklore, juvenile literature | Children's fiction | Juvenile literature | Foxes, fiction | Baking, fiction",eng,https://covers.openlibrary.org/b/id/385930-M.jpg,https://openlibrary.org/works/OL1857761W,Open Library API,baking,
Plant pathology,George N. Agrios,5.0,3.0,1969,7,Plant diseases | Field crops | Diseases and pests | Plants | Maladies et fleaux | Plantes | Genetic diseases | Maladies et fléaux | Phytopathologie | Anatomy & physiology | Botany | General | Trees | Biology | Horticulture | Microbiology | Entomology | Physical & earth sciences -> earth science -> earth science general | Biological sciences & nutrition -> biology -> human anatomy & physiology | Biological sciences & nutrition -> biology -> botany | Trades & technology -> agriculture -> general | Trades & technology -> horticulture -> introduction to horticulture | General interests & hobbies -> nature -> nature | Biological sciences & nutrition -> biology -> general | Biological sciences & nutrition -> biology -> zoology,eng,https://covers.openlibrary.org/b/id/79301-M.jpg,https://openlibrary.org/works/OL3286237W,Open Library API,nutrition,
Food supplies and food safety,Marion B. Walsch,,,2010,2,Food | Safety measures | Food security,eng,https://covers.openlibrary.org/b/id/14399239-M.jpg,https://openlibrary.org/works/OL16767264W,Open Library API,food safety,
"Animal, Vegetable, Junk",Mark Bittman,,,2021,7,"New York Times reviewed | Food habits | Agriculture, social aspects | Agriculture, environmental aspects | Agriculture, united states | Social sciences | History | Agriculture | SOCIAL SCIENCE / Agriculture & Food (see also POLITICAL SCIENCE / Public Policy / Agriculture & Food Policy) | HISTORY / Civilization | HEALTH & FITNESS / Diet & Nutrition / General | Environmental aspects | Social aspects",eng,https://covers.openlibrary.org/b/id/10596449-M.jpg,https://openlibrary.org/works/OL21887182W,Open Library API,agriculture,
Metodi moderni di panificazione e fenomeni fermentativi,Arnaldo Luraschi,,,1933,1,Bread | Fermentation,ita,,https://openlibrary.org/works/OL6167213W,Open Library API,fermentation,
Contemporary Issues in Food Supply Chain Management,Jane Eastham | Luís De Aguiar | Simon Thelwell,,,2017,3,Food supply | Management | Produce trade | Business logistics | Produits agricoles | Commerce | Gestion | Logistique (Organisation) | BUSINESS & ECONOMICS | Industries | General,eng,https://covers.openlibrary.org/b/id/13655396-M.jpg,https://openlibrary.org/works/OL27076473W,Open Library API,food business,
Tips For Better Baking,Lucy Young,,,2009,3,Baked products | Baking,eng,https://covers.openlibrary.org/b/id/6301548-M.jpg,https://openlibrary.org/works/OL14934807W,Open Library API,baking,
Exercise physiology,William D. McArdle,3.0,3.0,1981,13,"Exercise | Nutrition | Nutritional Physiological Phenomena | Physiological aspects | Physiological aspects of Exercise | Physiology | Sports medicine | Fysiologische aspecten | Aspect physiologique | Exercice | Lichamelijke inspanning | Physical Exertion | Ernährung | Leistungsphysiologie | Sport | Sportphysiologie | Idrottsfysiologi | Fysiologi | Medicin | Human physiology | Exercise, physiological aspects | Physical fitness",eng,https://covers.openlibrary.org/b/id/1337407-M.jpg,https://openlibrary.org/works/OL1970547W,Open Library API,nutrition,
The global challenge,M. N. Hall,,,2002,2,Food | Safety measures | Food supply,eng,https://covers.openlibrary.org/b/id/13354316-M.jpg,https://openlibrary.org/works/OL18881375W,Open Library API,food safety,
Introduction to agricultural economics,John B. Penson,,,2010,3,"Agriculture | Economic aspects | Agriculture, economic aspects",eng,https://covers.openlibrary.org/b/id/10114544-M.jpg,https://openlibrary.org/works/OL18797420W,Open Library API,agriculture,
Fermenting Food Step by Step,Adam Elabd,,,2015,1,Fermentation | Food,,https://covers.openlibrary.org/b/id/11521897-M.jpg,https://openlibrary.org/works/OL24769245W,Open Library API,fermentation,
Kosher and Halal Business Compliance,John Lever | Johan Fischer,,,2018,5,"Kosher food | Jews, dietary laws | Muslims, dietary laws | Food industry and trade | Handbooks, manuals | Kosher food industry | Halal food industry | Food adulteration and inspection | Food law and legislation | Aliments casher | Guides, manuels | Industrie | Aliments halal | BUSINESS & ECONOMICS | Infrastructure | SOCIAL SCIENCE | General",eng,,https://openlibrary.org/works/OL21361027W,Open Library API,food business,
Pastry Love,Joanne Chang,,,2019,2,Home economics | Baking | Pastry,eng,https://covers.openlibrary.org/b/id/10326966-M.jpg,https://openlibrary.org/works/OL21075302W,Open Library API,baking,
A laboratory handbook for dietetics,Mary Swartz Rose,3.3333333,3.0,1912,16,Dietaries | Alimentation | Nutrition | Food | Dietetics,eng,https://covers.openlibrary.org/b/id/10679960-M.jpg,https://openlibrary.org/works/OL1112900W,Open Library API,nutrition,
Functional Food: Safety Aspects,Senate Commission on Food Safety SKLM,,,2004,3,Nonfiction | Science | Technology | Food contamination | Food | Congresses | Nutrition | Consumer Product Safety | Functional foods | Safety measures,eng,https://covers.openlibrary.org/b/id/3224288-M.jpg,https://openlibrary.org/works/OL10055798W,Open Library API,food safety,
That Wild Country,Mark Kenyon,,,2019,3,Agriculture,,https://covers.openlibrary.org/b/id/10097083-M.jpg,https://openlibrary.org/works/OL20800412W,Open Library API,agriculture,
Fermentation Revolution,Sebastien Bureau | David Cote,,,2018,1,Cooking | Fermentation,,https://covers.openlibrary.org/b/id/9240203-M.jpg,https://openlibrary.org/works/OL20599476W,Open Library API,fermentation,
Nutrition for foodservice and culinary professionals,Karen Eich Drummond,,,2001,5,Nutrition | Foodservice | Food service | Lehrbuch | Catering | Engineering | Nonfiction | Ernährung | Technology | Food Services | Nutritional Sciences | Services alimentaires | Business &amp; economics | Industries,eng,https://covers.openlibrary.org/b/id/1249057-M.jpg,https://openlibrary.org/works/OL2886081W,Open Library API,food business,
Junior Baker,Williams Sonoma Test Kitchen,,,2018,1,Baking | Baking -- Juvenile literature | Cookbooks,,https://covers.openlibrary.org/b/id/8833370-M.jpg,https://openlibrary.org/works/OL20185000W,Open Library API,baking,
Essentials of food and nutrition,M. Swaminathan,5.0,1.0,1974,2,Food | Nutrition,eng,,https://openlibrary.org/works/OL335242W,Open Library API,nutrition,
Food safety handbook,Ronald H. Schmidt | Gary E. Rodrick,,,2003,3,Safety measures | Food industry and trade | Sanitation | Food Contamination | Prevention & control | Food Industry | Safety Management,eng,https://covers.openlibrary.org/b/id/8650204-M.jpg,https://openlibrary.org/works/OL19850744W,Open Library API,food safety,
Agriculture,Charles Canniff James,,,1898,5,Agriculture,eng,,https://openlibrary.org/works/OL1471222W,Open Library API,agriculture,
Fermentation microbiology and biotechnology,Mansi El-Mansi,,,2006,2,Fermentation | Microbial biotechnology | Industrial Microbiology | Physiology | Microbiological Techniques | Biotechnology | Microbiology,eng,https://covers.openlibrary.org/b/id/11485646-M.jpg,https://openlibrary.org/works/OL18411770W,Open Library API,fermentation,
"Postcolonialism, Indigeneity and Struggles for Food Sovereignty",Marisa Wilson,,,2016,5,Food supply | Indigenous peoples | Postcolonialism | Food sovereignty | Cross-cultural studies | Food | BUSINESS & ECONOMICS | Industries | General | Social aspects,eng,,https://openlibrary.org/works/OL21294580W,Open Library API,food business,
Walter the baker,Eric Carle,3.5714285,7.0,1972,20,"Pretzels | Juvenile fiction | Fiction | Bakers and bakeries | Bakers | Pictorial works | Children: Kindergarten | Children's fiction | Baking, fiction | Cooking, fiction | Bakeries | JUVENILE FICTION / Cooking & Food | JUVENILE FICTION / Legends, Myths, Fables | Food, fiction | Bretzels | Romans, nouvelles, etc. pour la jeunesse",eng | spa | ger,https://covers.openlibrary.org/b/id/433801-M.jpg,https://openlibrary.org/works/OL53019W,Open Library API,baking,
The complete idiot's guide to total nutrition,"M.S., R.D., C.D.N., Joy Bauer | Joy Bauer",,,1999,4,Nutrition,eng,https://covers.openlibrary.org/b/id/18159-M.jpg,https://openlibrary.org/works/OL18155378W,Open Library API,nutrition,
Food microbiology,M. R Adams,,,2008,1,"Food | Microbiology | Food, microbiology | Food & beverage technology | Microbiology (non-medical) | Chemistry | Technology | Microbiology & Immunology | Biology | Health & Biological Sciences | Food Microbiology | Food Technology | Environmental Microbiology | Food Contamination | Environmental Pollution | Food Safety | Food Industry | Public Health | Industry | Environment and Public Health | Delivery of Health Care | Biological Science Disciplines | Technology, Industry, and Agriculture | Natural Science Disciplines | Disciplines and Occupations",eng,https://covers.openlibrary.org/b/id/9832350-M.jpg,https://openlibrary.org/works/OL12099928W,Open Library API,food safety,
Plantation agriculture,P. P. Courtenay,2.0,1.0,1965,7,"Tropical crops | Plantations | Cultures tropicales | Plantagenwirtschaft | Agricultural geography | Agriculture, united states | Agriculture",eng,https://covers.openlibrary.org/b/id/10313118-M.jpg,https://openlibrary.org/works/OL2428519W,Open Library API,agriculture,
"A practical treatise on brewing, and on storing of beer. Deduced from forty years' experience","Black, William practical brewer",5.0,1.0,1835,1,Brewing | Beer | Fermentation,eng,https://covers.openlibrary.org/b/id/11032076-M.jpg,https://openlibrary.org/works/OL24443150W,Open Library API,fermentation,
Start your own restaurant and more,Jacquelyn Lynn,,,2012,1,New business enterprises | Food service management | Restaurant management,eng,https://covers.openlibrary.org/b/id/11848916-M.jpg,https://openlibrary.org/works/OL16521766W,Open Library API,food business,
The Taste of Home Baking Book,Janet Briggs,,,2007,3,Baking | Desserts | Bread,eng,https://covers.openlibrary.org/b/id/12859239-M.jpg,https://openlibrary.org/works/OL8805466W,Open Library API,baking,
Community nutrition in action,Marie A. Boyle | David H. Holben | Marie Boyle | Diane H. Morris,,,1994,13,"Community health services | Nutrition policy | Nutrition | Services communautaires de Sante | Nutrition Policy | Community Health Services | Politique alimentaire | Nutritional Physiological Phenomena | Personal & public health | Nursing - Nutrition | Medical / Nursing | Textbooks | Medical | Medical / Nursing / Nutrition | Community care | Dietetics & nutrition | Physiology | Nutrition And Public Health | Politics / Current Events | United States | General | Santé, Services communautaires de | Services communautaires de sante | Nutritional physiological phenomena | Nursing - nutrition | Medical / nursing | Medical / nursing / nutrition | Nutrition and public health | Politics / current events | United states",eng,https://covers.openlibrary.org/b/id/364073-M.jpg,https://openlibrary.org/works/OL1956796W,Open Library API,nutrition,
Intentional and unintentional contaminants in food and feed,Fadwa Al-Taher | Lauren S. Jackson | Jonathan W. DeVries,,,2009,2,"Safety measures | Food contamination | Food | Congresses | Safety regulations | Microbiology | Food, microbiology",eng,https://covers.openlibrary.org/b/id/12719836-M.jpg,https://openlibrary.org/works/OL15973741W,Open Library API,food safety,
Our plundered planet,Fairfield Osborn,,,1948,6,Agriculture | Erosion | Soil conservation | Soil erosion,eng,https://covers.openlibrary.org/b/id/9518331-M.jpg,https://openlibrary.org/works/OL6926091W,Open Library API,agriculture,
The essential book of fermentation,"Cox, Jeff",,,2013,1,Fermented foods | Probiotics | Fermentation | Food | Dietary supplements,eng,https://covers.openlibrary.org/b/id/13056719-M.jpg,https://openlibrary.org/works/OL19969059W,Open Library API,fermentation,
Start Run A Homebased Food Business,Mimi Shotland Fix,,,2009,3,Food industry and trade | Home-based businesses | Management | New business enterprises | Industrial management,eng,https://covers.openlibrary.org/b/id/7706704-M.jpg,https://openlibrary.org/works/OL17502466W,Open Library API,food business,
Country Baking,Ken Haedrich,,,1990,3,Baking | Cooking (Cereals),eng,https://covers.openlibrary.org/b/id/835886-M.jpg,https://openlibrary.org/works/OL2714708W,Open Library API,baking,
Essentials of nutrition and diet therapy,"Williams, Sue Rodwell.",,,1974,10,Diet therapy | Nutrition | Nutrition Physiology | Nutritional Physiological Phenomena,eng,https://covers.openlibrary.org/b/id/4149125-M.jpg,https://openlibrary.org/works/OL2231037W,Open Library API,nutrition,
Principles of aseptic processing and packaging,Dane T. Bernard,,,1980,4,Food | Packaging | Preservation | Food industry and trade | Sanitation | Food handling | Food contamination | Microbiology | Health risk assessment | Hazard Analysis and Critical Control Point (Food safety system),eng,https://covers.openlibrary.org/b/id/12476272-M.jpg,https://openlibrary.org/works/OL18848039W,Open Library API,food safety,
Soil microbiology,N. S. Subba Rao,,,1999,1,Agricultural microbiology | Soil microbiology,eng,https://covers.openlibrary.org/b/id/2930711-M.jpg,https://openlibrary.org/works/OL23706849W,Open Library API,agriculture,
Health Benefits of Fermented Foods and Beverages,Jyoti Prakash Tamang,,,2015,5,Food | Functional Food | Functional foods | Fermented beverages | Vegetables | Fermented foods | Microbiology | Soy Foods | Health aspects | Cultured Milk Products | Fermentation,eng,https://covers.openlibrary.org/b/id/13333454-M.jpg,https://openlibrary.org/works/OL21272517W,Open Library API,fermentation,
Britain's Food Supplies,K. G. Fenelon,,,2019,6,"Food supply | Great britain, social conditions | BUSINESS & ECONOMICS | General",eng,,https://openlibrary.org/works/OL25756426W,Open Library API,food business,
Muffins Galore,Catherine Atkinson,,,2006,4,Muffins | Baking,eng,https://covers.openlibrary.org/b/id/14321173-M.jpg,https://openlibrary.org/works/OL4569190W,Open Library API,baking,
How to eat well and stay well the Mediterranean way,Ancel Benjamin Keys | Margaret Keys,,,1975,1,Diet | Mediterranean Cookery | Nutrition surveys,eng,https://covers.openlibrary.org/b/id/12178898-M.jpg,https://openlibrary.org/works/OL6557766W,Open Library API,nutrition,
Food safety and toxicity,John De Vries,,,1996,4,Food | Toxicology | Safety measures | Food industry and trade | Food adulteration and inspection,eng,https://covers.openlibrary.org/b/id/1599213-M.jpg,https://openlibrary.org/works/OL18231352W,Open Library API,food safety,
Financial management in agriculture,Peter J. Barry | Paul N. Ellinger | John A. Hopkin | C. B. Baker,,,1999,2,"Management | Agriculture | Finance | Agriculture & Farming | Agriculture - General | Business & Economics | Technology & Industrial Arts | Textbooks | Business/Economics | Technology / Agriculture & Animal Husbandry | Agriculture, economic aspects | Agricultural sciences | Credit & debt | Public affairs & policies | Industries - general & miscellaneous",eng,https://covers.openlibrary.org/b/id/1540635-M.jpg,https://openlibrary.org/works/OL19240596W,Open Library API,agriculture,
Brewing yeast and fermentation,Chris Boulton,,,2001,2,Brewing | Yeast | Fermentation | Malt,eng,,https://openlibrary.org/works/OL8208123W,Open Library API,fermentation,
Start your own food truck business,Richard Mintzer,,,2011,1,"Food service | Management | New business enterprises | Food industry and trade | Food service management | Business enterprises, united states",eng,,https://openlibrary.org/works/OL16014040W,Open Library API,food business,
Professional Bread Baking,Culinary Institute of America.,,,2014,1,Bread | Baking,,https://covers.openlibrary.org/b/id/7597674-M.jpg,https://openlibrary.org/works/OL17447698W,Open Library API,baking,
Food regulation and safety,Kevin Hillstrom,,,2012,1,"Safety measures | Food contamination | Food | JUVENILE NONFICTION / Health & Daily Living / Safety | Juvenile literature | Prevention | JUVENILE NONFICTION / Health & Daily Living / Diseases, Illnesses & Injuries | Health & Daily Living | JUVENILE NONFICTION | Safety | Food Contamination | Diseases, Illnesses & Injuries | Food, juvenile literature",eng,https://covers.openlibrary.org/b/id/8249257-M.jpg,https://openlibrary.org/works/OL16563949W,Open Library API,food safety,
Global Obligations for the Right to Food,Kent George,,,2007,4,Prevention | Hunger | International cooperation | Social responsibility of business | Food relief | Food supply | Right to food,eng,https://covers.openlibrary.org/b/id/5423787-M.jpg,https://openlibrary.org/works/OL9478188W,Open Library API,food business,
Bake off cook book.,Pillsbury Company,,,1968,1,Baking,eng,https://covers.openlibrary.org/b/id/6384806-M.jpg,https://openlibrary.org/works/OL15158941W,Open Library API,baking,
Mental and elemental nutrients,Carl Curt Pfeiffer,,,1975,1,Diet | Mental illness | Nutrition | Nutritional aspects | Nutritional aspects of Mental illness | Nutritional Physiological Phenomena | Mental Disorders | Classification | Books | International law | Relations,eng,https://covers.openlibrary.org/b/id/4734342-M.jpg,https://openlibrary.org/works/OL4964744W,Open Library API,nutrition,
Food safety and quality,United States. General Accounting Office,,,1990,9,Evaluation | Inspection | United States | Food adulteration and inspection | Meat inspection | Standards | Food | Cheese | Imports | United States. Food and Drug Administration | Safety regulations | Aflatoxins | Rules and practice | Testing | Foreign trade regulation | Health aspects | Government policy | Bottled water | Milk contamination | Food contamination | Law and legislation | United States. Food Safety and Inspection Service | Produce trade | Technology innovations | Drinking water | Veterinary drug residues | Food poisoning | Food industry and trade | Quality | Milk,eng,,https://openlibrary.org/works/OL564984W,Open Library API,food safety,
Naar de Republiek Indonesia,Tan Malaka,4.5,2.0,1962,4,Republics | Indonesia | Agriculture | Economic aspects | Statistics,eng | ind,https://covers.openlibrary.org/b/id/14840637-M.jpg,https://openlibrary.org/works/OL311784W,Open Library API,agriculture,
"Les microbes, les ferments et les moisissures",Édouard Louis Trouessart,,,1886,2,Bacteria | Bacteriology | Fermentation | Fungi,fre,https://covers.openlibrary.org/b/id/9624166-M.jpg,https://openlibrary.org/works/OL7548197W,Open Library API,fermentation,
Taste trade and technology,Richard Perren,,,2006,6,Meat industry and trade | Government policy | History | BUSINESS & ECONOMICS | Industries | General | Food Supply | Food Industry,eng,https://covers.openlibrary.org/b/id/1410536-M.jpg,https://openlibrary.org/works/OL2377904W,Open Library API,food business,
Sarabeth's Good Morning Cookbook,Sarabeth Levine | Genevieve Ko,,,2016,2,Breakfasts | Brunches | Baking,eng,https://covers.openlibrary.org/b/id/8805686-M.jpg,https://openlibrary.org/works/OL20160253W,Open Library API,baking,
Clinical nutrition,Marinos Elia,,,2013,6,Nutrition Therapy | Nutritional Physiological Phenomena | Diet therapy,eng,,https://openlibrary.org/works/OL16673011W,Open Library API,nutrition,
Compliance manual for food quality & safety,J.J. Keller & Associates,,,1998,1,Food law and legislation | Safety measures | Safety regulations | Food industry and trade,eng,,https://openlibrary.org/works/OL18243959W,Open Library API,food safety,
Agroecology,Miguel A. Altieri,,,1987,16,Agricultural ecology | Agriculture | Sustainable agriculture | Ecology | Agrarökologie | Aufsatzsammlung | Biologische Landwirtschaft | Biologischer Landbau | Duurzame landbouw | Ecologie | S589.7 .a47 1995 | 338.16/2,spa | eng | ita,https://covers.openlibrary.org/b/id/3909931-M.jpg,https://openlibrary.org/works/OL3738187W,Open Library API,agriculture,
Membrane processes for the treatment of process streams in the corn wet milling and fermentation industries,Ting-Shiang Lee,,,1979,2,Membranes (Technology) | Distillation | Fermentation,eng,,https://openlibrary.org/works/OL31489595W,Open Library API,fermentation,
Food Production and Nature Conservation,Iain Gordon | Herbert Prins | Geoff R. Squire,,,2016,6,Food supply | Nature conservation | Food industry and trade | Environmental aspects | Food security | Environmental protection | Sustainable agriculture | BUSINESS & ECONOMICS | Industries | General,eng,,https://openlibrary.org/works/OL21281779W,Open Library API,food business,
Amy's baking year,Amy-Beth Ellice,,,2014,2,Desserts | Cookbooks | Baking,eng,https://covers.openlibrary.org/b/id/10199573-M.jpg,https://openlibrary.org/works/OL20877024W,Open Library API,baking,
Personal nutrition,Marie A. Boyle | Marie A. Boyle Struble | Sara Long,,,1989,11,Nutrition | Diets & dieting | Health/Fitness | Health & Fitness | Consumer Health | Health & Fitness / Nutrition | Nursing - Nutrition | Nutrition Physiology,eng,https://covers.openlibrary.org/b/id/2377987-M.jpg,https://openlibrary.org/works/OL1956797W,Open Library API,nutrition,
Food safety culture,Frank Yiannas,,,2007,3,Safety measures | Food service | Food handling | Food service employees | Training of | Food industry and trade | Standards | Organizational behavior | Food adulteration and inspection,eng,https://covers.openlibrary.org/b/id/8650203-M.jpg,https://openlibrary.org/works/OL9336068W,Open Library API,food safety,
Ten acres enough,"Morris, Edmund | Edmund Morris | Morris Edmund Morris | Ralph C Miller | Robert Plamondon | Roberts, Isaac Phillips | Lynn R. Miller | Rebecca Perkins | Edmund Morris | Isaac Phillips Roberts",,,1864,26,Small Farms | Farm management | Agriculture | Business | Popular works | Juvenile literature | Fruit-culture | Marketing | Farm produce | Economic aspects of Agriculture | Economic aspects | Farms,eng,https://covers.openlibrary.org/b/id/10934943-M.jpg,https://openlibrary.org/works/OL1961996W,Open Library API,agriculture,
Field Guide to Cheese,Tristan Sicard,,,2020,2,Home economics | Cheese | Fermentation,eng,,https://openlibrary.org/works/OL20744065W,Open Library API,fermentation,
Halal Business Management,Marco Tieman,,,2020,6,"Banks and banking, islamic countries | Agricultural industries | Food industry and trade | Health services administration | Corporations, growth | Halal food industry | Management | Marketing | Aliments halal | Industrie | Gestion | BUSINESS & ECONOMICS | Development | Business Development | Industries | General | RELIGION | Islam | Law",eng,,https://openlibrary.org/works/OL22156465W,Open Library API,food business,
Amy's Bread,Amy Scherber,4.0,1.0,1996,8,Bread | Amy's Bread (Bakery) | Baking,eng,https://covers.openlibrary.org/b/id/430947-M.jpg,https://openlibrary.org/works/OL3752828W,Open Library API,baking,
Peace over Pain,Kevin Reese,,,2022,2,Health | Nutrition,eng,,https://openlibrary.org/works/OL27871604W,Open Library API,nutrition,
Hospitality Industry Handbook on Hygiene and Safety,L. Gordon-Davis,,,1999,1,"Tourism | Handbooks, manuals | Hospitality industry | Safety measures | Employees | Health and hygiene | Industrial safety | Food science | Sanitation | Food handling",eng,https://covers.openlibrary.org/b/id/2550245-M.jpg,https://openlibrary.org/works/OL9563679W,Open Library API,food safety,
In Dubious Battle,John Steinbeck,3.6666667,6.0,1936,68,"Apple growers | Classic Literature | Fiction | Fiction in English | Labor movement | Literature | Migrant agricultural laborers | Strikes and lockouts | Agricultural laborers | Political fiction | Strikes | Ficiton | Migrant labor | Large type books | California, fiction | Fiction, political | American fiction (fictional works by one author) | Fiction, historical, general | Romans, nouvelles | Travailleurs agricoles | Grèves et lock-out | Mouvement ouvrier | Landarbeiter | Streik",dut | ita | tur | chi | ger | fre | eng,https://covers.openlibrary.org/b/id/6517309-M.jpg,https://openlibrary.org/works/OL23198W,Open Library API,agriculture,
Food Industries of Europe in the Nineteenth and Twentieth Centuries,Derek J. Oddy | Alain Drouard,,,2013,6,"Food industry and trade | Food habits | Food, preservation | Europe, history, 19th century | History | Food presentation | Industries, europe | BUSINESS & ECONOMICS | Industries | Agribusiness | TECHNOLOGY & ENGINEERING | Agriculture | Sustainable Agriculture | Food Industry",eng,,https://openlibrary.org/works/OL21248773W,Open Library API,food business,
Baking,James Peterson,,,2009,1,Baking | Baked products,,https://covers.openlibrary.org/b/id/6300547-M.jpg,https://openlibrary.org/works/OL14988313W,Open Library API,baking,
"How to Eat, Move and Be Healthy!",Paul Chek,5.0,2.0,2004,6,"Physical fitness | Handbooks, manuals | Exercise | Nutrition | Health",eng,https://covers.openlibrary.org/b/id/847549-M.jpg,https://openlibrary.org/works/OL8830539W,Open Library API,nutrition,
Reports on food safety 2005,"Brandt, Peter Prof. Dr. Dr",,,2007,2,"Food | Safety measures | Food handling | Food, analysis",eng,https://covers.openlibrary.org/b/id/3246735-M.jpg,https://openlibrary.org/works/OL18697534W,Open Library API,food safety,
Storia del paesaggio agrario italiano,Emilio Sereni,,,1961,9,Agriculture | History | Agriculture in art,ita,,https://openlibrary.org/works/OL1285499W,Open Library API,agriculture,
Examen critique d'un écrit posthume de Claude Bernard sur la fermentation,Louis Pasteur,,,1879,2,Fermentation,fre,https://covers.openlibrary.org/b/id/5971806-M.jpg,https://openlibrary.org/works/OL3037530W,Open Library API,fermentation,
Ação da cidadania,Napoleão Miranda,,,1994,2,Government business enterprises | Food relief | Food supply,por,,https://openlibrary.org/works/OL13206906W,Open Library API,food business,
Kraft Philadelphia 100 top-rated recipes,Publications International Ltd.,,,2010,1,Cream cheese | Cooking | Baking | Cookbooks,eng,https://covers.openlibrary.org/b/id/10773195-M.jpg,https://openlibrary.org/works/OL24275769W,Open Library API,baking,
There is a Cure for Arthritis,Paavo O. Airola,,,1968,4,Arthritis | Nutritional aspects | Nutritional aspects of Arthritis | Naturopathy | Therapy,eng,https://covers.openlibrary.org/b/id/1116408-M.jpg,https://openlibrary.org/works/OL8708369W,Open Library API,nutrition,
Food,Christina Fisanick,,,2010,2,Food | Safety measures | Food security | Food supply,,https://covers.openlibrary.org/b/id/7587404-M.jpg,https://openlibrary.org/works/OL17442562W,Open Library API,food safety,
Farmers of forty centuries,Franklin Hiram King,,,1973,6,Agriculture,eng,https://covers.openlibrary.org/b/id/9269672-M.jpg,https://openlibrary.org/works/OL13098191W,Open Library API,agriculture,
Lehrbuch der Gährungs-Chemie in elf Vorlesungen,Adolf Mayer,,,1874,2,Fermentation,ger,,https://openlibrary.org/works/OL6973096W,Open Library API,fermentation,
Food Supply Chains in Cities,Emel Aktas | Michael Bourlakis,,,2020,2,Food supply | Management | Food security | Business logistics,eng,https://covers.openlibrary.org/b/id/9333747-M.jpg,https://openlibrary.org/works/OL20666245W,Open Library API,food business,
Judy Gorman's Breads of New England,Judy Gorman,4.0,1.0,1958,3,Baking | Bread,eng,https://covers.openlibrary.org/b/id/9454824-M.jpg,https://openlibrary.org/works/OL5090565W,Open Library API,baking,
Perspectives in nutrition,Gordon M. Wardlaw,4.0,1.0,1990,9,Nutrition | Textbooks | Nutritional Physiological Phenomena | Nutricao | Ernährung | Diet,eng,https://covers.openlibrary.org/b/id/4969169-M.jpg,https://openlibrary.org/works/OL1853613W,Open Library API,nutrition,
Eating dangerously,Michael Booth,3.0,1.0,2014,1,Foodborne Diseases | Safety measures | Government policy | Food adulteration and inspection | Food | Food Inspection | Standards | Safety Management | Prevention & control | Food poisoning | Prevention,eng,https://covers.openlibrary.org/b/id/8227429-M.jpg,https://openlibrary.org/works/OL17908608W,Open Library API,food safety,
"Laws, etc",Massachusetts,5.0,1.0,1648,36,Agricultural laws and legislation | Bibliography | Boston (Mass.). | Boston (Mass.). City Council | Early works to 1800 | History | Law | Politics and government | Sources | Law and legislation | Agriculture | Massachusetts | Massachusetts. State Board of Agriculture | Societies,eng,https://covers.openlibrary.org/b/id/5621577-M.jpg,https://openlibrary.org/works/OL647581W,Open Library API,agriculture,
"Dissertatio physica, inauguralis, quaedam de fermentatione, et quibusdam mutationibus inde pendentibus proponens ...",John Carmichaell,,,1787,2,Fermentation,lat,https://covers.openlibrary.org/b/id/11779440-M.jpg,https://openlibrary.org/works/OL24884012W,Open Library API,fermentation,
Intelligent agrifood chains and networks,Michael Bourlakis | Ilias P. Vlachos | Vasileios Zeimpekis,,,2011,3,"Business logistics | Agricultural industries | Transportation | TECHNOLOGY & ENGINEERING / Food Science | Food | Storage | Food, transportation",eng,https://covers.openlibrary.org/b/id/8663635-M.jpg,https://openlibrary.org/works/OL19858169W,Open Library API,food business,
Basic Baking,Lora Brody,4.0,1.0,2000,3,Desserts | Baking,eng,https://covers.openlibrary.org/b/id/432540-M.jpg,https://openlibrary.org/works/OL2668986W,Open Library API,baking,
The big fat surprise,Nina Teicholz,3.0,1.0,2014,3,Nutrition | Lipids in human nutrition | Diet | Fat | Saturated fatty acids in human nutrition | nyt:e-book-nonfiction=2014-06-01 | New York Times bestseller,eng,https://covers.openlibrary.org/b/id/11340573-M.jpg,https://openlibrary.org/works/OL19977865W,Open Library API,nutrition,
Microbial safety of minimally processed foods,Gerald M. Sapers,,,2002,3,"Food industry and trade | Food, microbiology | Food | Microbiology | Safety measures",eng,https://covers.openlibrary.org/b/id/1956657-M.jpg,https://openlibrary.org/works/OL16955626W,Open Library API,food safety,
You can farm,Joel Salatin,,,1998,1,Success in business | New agricultural enterprises | Farmers,eng,https://covers.openlibrary.org/b/id/727384-M.jpg,https://openlibrary.org/works/OL2018043W,Open Library API,agriculture,
Advances in Solid State Fermentation,S. Roussos | B. K. Lonsane | M. Raimbault | G. Viniegra-Gonzalez,,,2010,2,Fermentation,eng,,https://openlibrary.org/works/OL25615420W,Open Library API,fermentation,
Competitiveness in the food industry,Eamonn Pitts | W. Bruce Traill,,,1991,2,"Food industry and trade | Competition | Food & beverage technology | Food manufacturing & related industries | Technology | Business / Economics / Finance | Science/Mathematics | Food Science | Industries - Agribusiness | International - General | Business & Economics / Industries / Agribusiness | Business & Economics : International - General | Competition, International | Science / Chemistry / General | Technology : Food Science | Case studies | Comparative advantage (Interna | Comparative advantage (International trade) | Europe | International Competition",eng,https://covers.openlibrary.org/b/id/1404998-M.jpg,https://openlibrary.org/works/OL19104312W,Open Library API,food business,
The Cook's illustrated baking book,America's Test Kitchen Staff,5.0,1.0,2013,1,"Baking | American Cooking | Cooking, american",eng,https://covers.openlibrary.org/b/id/12482224-M.jpg,https://openlibrary.org/works/OL20011330W,Open Library API,baking,
Animal nutrition,Leonard Amby Maynard,,,1937,8,Animal feeding | Animal nutrition | Feeds | Nutrition | Animals | Nutritional Physiological Phenomena | Domestic Animals | Animal Nutritional Physiological Phenomena,eng,https://covers.openlibrary.org/b/id/8274681-M.jpg,https://openlibrary.org/works/OL1481213W,Open Library API,nutrition,
Nondestructive evaluation of food quality,Shyam N. Jha,,,2010,4,Lebensmittelqualität | Zerstörungsfreie Werkstoffprüfung | Safety measures | Lebensmitteluntersuchung | Food | Nondestructive testing | Quality,eng,https://covers.openlibrary.org/b/id/10389382-M.jpg,https://openlibrary.org/works/OL16116416W,Open Library API,food safety,
Agroecologia,Stephen R. Gliessman,,,2002,1,Sustainable agriculture | Agricultural ecology,spa,https://covers.openlibrary.org/b/id/8615815-M.jpg,https://openlibrary.org/works/OL19825122W,Open Library API,agriculture,
The chemical changes and products resulting from fermentations,Robert Henry Aders Plimmer,,,1903,2,Fermentation,eng,https://covers.openlibrary.org/b/id/5864250-M.jpg,https://openlibrary.org/works/OL1473140W,Open Library API,fermentation,
Understanding Consumers of Food Products,Lynn Frewer | Hans Van Trijp,,,2006,2,"Consumer behavior | Food science | Food industry | Professional, career & trade -> food technology -> food science | Business & economics -> business -> industries",eng,https://covers.openlibrary.org/b/id/2996141-M.jpg,https://openlibrary.org/works/OL27327430W,Open Library API,food business,
Entenmann's big book of baking,Kathleen Robbins,,,2011,1,Desserts | Cookbooks | Baking | Pastry,eng,https://covers.openlibrary.org/b/id/10336986-M.jpg,https://openlibrary.org/works/OL21179464W,Open Library API,baking,
"Eat, drink, and be healthy :b the Harvard Medical School guide to healthy eating",Walter Willett | Patrick J. Skerrett | William Hope,,,2001,9,Nutritional Requirements | Nutrition Physiology | Cookery | Diet | Nutrition | Popular works | Popular medicine | Nutrition -- Popular works | Diets - Better Health | Healthy Living | Consumer Health | Diet / Health / Fitness | Nutritional Physiological Phenomena | Health Promotion | Food,eng,https://covers.openlibrary.org/b/id/428312-M.jpg,https://openlibrary.org/works/OL2721884W,Open Library API,nutrition,
NAI Handbook For Safe Food Service Management,NAI,,,1997,3,Food service | Safety measures | Sanitation,eng,https://covers.openlibrary.org/b/id/1112247-M.jpg,https://openlibrary.org/works/OL7954524W,Open Library API,food safety,
Gärungschemisches praktikum,Konrad Bernhauer,,,1936,2,Fermentation,ger,,https://openlibrary.org/works/OL1432537W,Open Library API,fermentation,
"Current Issues in Tourism, Gastronomy, and Tourist Destination Research",Hera Oktadiana | Myrza Rahmanita | Rina Suprina | Pan Junyang,,,2022,4,"Food tourism | Congresses | Tourism | Gastronomy | Gastronomie | Congrès | BUSINESS & ECONOMICS | Industries | Hospitality, Travel & Tourism | TECHNOLOGY | Engineering | Civil | Food Science",eng,,https://openlibrary.org/works/OL27415208W,Open Library API,food business,
The Weekend Baker,Abigail Johnson Dodge,,,2004,3,Baking,eng,https://covers.openlibrary.org/b/id/247938-M.jpg,https://openlibrary.org/works/OL3366593W,Open Library API,baking,
Nutrition for women,Ray Peat,,,1981,1,Nutrition | Vitamins | Women,eng,https://covers.openlibrary.org/b/id/6630365-M.jpg,https://openlibrary.org/works/OL15411093W,Open Library API,nutrition,
Seimei to shoku,Shinʼichi Fukuoka,,,2008,3,Food | Safety measures | Food industry and trade | Sanitation,jpn,,https://openlibrary.org/works/OL18658826W,Open Library API,food safety,
Capi talist agriculture and the origins of the European world-economy in the sixteenth century,Immanuel Maurice Wallerstein | Antonio Resines,,,1974,19,"Agriculture | Capitalism | Economic aspects | Economic aspects of Agriculture | Economic conditions | Economic history | History | Mercantile system | 16th century | 1600-1750 | Europe, economic conditions | Conditions économiques | BUSINESS & ECONOMICS | Economics | Comparative | POLITICAL SCIENCE | World | Agriculture, economic aspects, europe",eng | spa,https://covers.openlibrary.org/b/id/5493784-M.jpg,https://openlibrary.org/works/OL1814496W,Open Library API,agriculture,
Les fermentations,P. Schutzenberger,,,1875,2,Fermentation,fre,https://covers.openlibrary.org/b/id/7390508-M.jpg,https://openlibrary.org/works/OL17311520W,Open Library API,fermentation,
Making Fast Food,Ester Reiter,0.0,0.0,1991,6,Convenience foods | Fast food restaurants | Food industry and trade | Industries | Fastfood | Aliments | Service | Restaurants-minute | General | Industrie et commerce | Aliments précuisinés | BUSINESS & ECONOMICS | Restaurants | Quick and easy cooking | Cooking | Frying | Fast Food | Lebensmittelmarkt | Ernährungsgewohnheit | Psychoanalyse | Convenience Food | Burger King Corporation | Social aspects | Employees,eng,https://covers.openlibrary.org/b/id/4980228-M.jpg,https://openlibrary.org/works/OL6238075W,Open Library API,food business,
Wholefood Baking,Jude Blereau,,,2013,2,Baked products | Baking | Cooking (natural foods),eng,https://covers.openlibrary.org/b/id/9199399-M.jpg,https://openlibrary.org/works/OL20557368W,Open Library API,baking,
Mineral nutrition and plant disease,Wade H. Elmer,5.0,2.0,2007,1,Plants | Nutrition | Nutritional aspects | Plant diseases | Effect of minerals on,eng,https://covers.openlibrary.org/b/id/5113005-M.jpg,https://openlibrary.org/works/OL18701539W,Open Library API,nutrition,
Food identity preservation and traceability,Gregory S. Bennet,,,2009,4,"Safety measures | Food Contamination | Prevention & control | Food | Grain | Food Industry | Standards | Food industry and trade | Food, preservation",eng,https://covers.openlibrary.org/b/id/13649162-M.jpg,https://openlibrary.org/works/OL18785326W,Open Library API,food safety,
Stuffed and Starved,Raj Patel | Rajeev Charles Patel,4.5,2.0,2007,8,"Food industry and trade | Food supply | Production agricole | Commerce international | Production alimentaire | Social aspects | Economic aspects | Food industry | Commerce agricole | Poverty | Industrie alimentaire | Agriculture | Economic aspects of Agriculture | Social aspects of Agriculture | Agriculture, economic aspects | Agriculture, social aspects",eng,https://covers.openlibrary.org/b/id/3062855-M.jpg,https://openlibrary.org/works/OL9896495W,Open Library API,agriculture,
Wild Fermentation and Fermentation Workshop with Sandor Ellix Katz (Book and DVD Bundle),Sandor Ellix Katz,,,2010,2,Fermentation,eng,https://covers.openlibrary.org/b/id/14181788-M.jpg,https://openlibrary.org/works/OL21829380W,Open Library API,fermentation,
Chocolate by Hershey,Betty Burford,,,1994,2,"Confectioners | Businesspeople | Hershey Foods Corporation | Chocolate industry | Candy industry | History | Juvenile literature | Biography | Businessmen | CHOCOLATE INDUSTRY-UNITED STATES-HISTORY | CANDY INDUSTRY-UNITED STATES-HISTORY | HERSHEY FOODS CORPORATION-HISTORY | HERSHEY, MILTON SNAVELY, 1857-1945 | BUSINESSMEN-UNITED STATES-BIOGRAPHY | Businesspeople, juvenile literature | Business, biography | Hershey foods corporation",eng,https://covers.openlibrary.org/b/id/1628589-M.jpg,https://openlibrary.org/works/OL3955230W,Open Library API,food business,
Whole grain vegan baking,Celine Steen,3.0,1.0,2013,2,Baking | Vegan cooking,eng,https://covers.openlibrary.org/b/id/13118779-M.jpg,https://openlibrary.org/works/OL19965009W,Open Library API,baking,
The Sun Sign Diet,Gayle Black,,,1986,16,Astrology and diet | Nutrition | Reducing diets | Astrology | Horoscopes,eng | und,https://covers.openlibrary.org/b/id/10271998-M.jpg,https://openlibrary.org/works/OL5106312W,Open Library API,nutrition,
Improving the Safety of Fresh Fruit and Vegetables (Woodhead Publishing in Food Science and Technology),W. M. F. Jongen,,,2005,2,Fruit trade | Vegetable trade | Food | Safety measures,eng,https://covers.openlibrary.org/b/id/5163170-M.jpg,https://openlibrary.org/works/OL9189273W,Open Library API,food safety,
The Human Past,Christopher Scarre | Chris Scarre,,,2005,10,"Social life and customs | Prehistoric peoples | Economic conditions | Human evolution | Hunting and gathering societies | Agriculture, prehistoric | Archaeology | Societies | Prehistoric Agriculture | Prehistoric Antiquities | Antiquities, prehistoric | World history | Gn281 .h8485 2013",eng | und,https://covers.openlibrary.org/b/id/316866-M.jpg,https://openlibrary.org/works/OL1872336W,Open Library API,agriculture,
On fermentation,P. Schützenberger,,,1876,2,Fermentation,eng | fre,,https://openlibrary.org/works/OL43509158W,Open Library API,fermentation,
