title,authors,average_rating,rating_count,first_publish_year,edition_count,subjects,languages,cover_url,book_url,source,source_topic,source_rank
The Joy of Cooking,Irma S. Rombauer,4.12,203319.0,,,general cooking | cookbooks | cooking | food and drink,eng,https://i.gr-assets.com/images/S/compressed.photo.goodreads.com/books/1379313627i/327847._SX50_.jpg,https://www.goodreads.com/book/show/327847.The_Joy_of_Cooking,Goodreads web scraping,general cooking,1
Mastering the Art of French Cooking,Julia Child,4.25,80003.0,,,world cuisines | cookbooks | cooking | food and drink,eng,https://i.gr-assets.com/images/S/compressed.photo.goodreads.com/books/1333577773i/129650._SX50_.jpg,https://www.goodreads.com/book/show/129650.Mastering_the_Art_of_French_Cooking,Goodreads web scraping,world cuisines,2
Better Homes and Gardens New Cook Book,Better Homes and Gardens,4.15,141576.0,,,general cooking | cookbooks | cooking | food and drink,eng,https://i.gr-assets.com/images/S/compressed.photo.goodreads.com/books/1174513619i/411053._SX50_.jpg,https://www.goodreads.com/book/show/411053.Better_Homes_and_Gardens_New_Cook_Book,Goodreads web scraping,general cooking,3
How to Cook Everything: Simple Recipes for Great Food,Mark Bittman,4.0,103530.0,,,quick and practical cooking | cookbooks | cooking | food and drink,eng,https://i.gr-assets.com/images/S/compressed.photo.goodreads.com/books/1407047944i/603204._SX50_.jpg,https://www.goodreads.com/book/show/603204.How_to_Cook_Everything,Goodreads web scraping,quick and practical cooking,4
The New Best Recipe,Cook's Illustrated,4.18,24624.0,,,general cooking | cookbooks | cooking | food and drink,eng,https://i.gr-assets.com/images/S/compressed.photo.goodreads.com/books/1348241812i/24019._SX50_.jpg,https://www.goodreads.com/book/show/24019.The_New_Best_Recipe,Goodreads web scraping,general cooking,5
Betty Crocker's Cookbook,Betty Crocker,4.26,45344.0,,,general cooking | cookbooks | cooking | food and drink,eng,https://i.gr-assets.com/images/S/compressed.photo.goodreads.com/books/1431198491i/1127996._SX50_.jpg,https://www.goodreads.com/book/show/1127996.Betty_Crocker_s_Cookbook,Goodreads web scraping,general cooking,6
"The Moosewood Cookbook: Recipes from Moosewood Restaurant, Ithaca, New York",Mollie Katzen,3.94,54688.0,,,general cooking | cookbooks | cooking | food and drink,eng,https://i.gr-assets.com/images/S/compressed.photo.goodreads.com/books/1344370160i/603422._SX50_.jpg,https://www.goodreads.com/book/show/603422.The_Moosewood_Cookbook,Goodreads web scraping,general cooking,7
"Love is the Main Ingredient: Cookbook, Memoir, Life Lessons",Lenore Nolan Ryan,4.86,7.0,,,general cooking | cookbooks | cooking | food and drink,eng,https://i.gr-assets.com/images/S/compressed.photo.goodreads.com/books/1773584749i/249737551._SX50_.jpg,https://www.goodreads.com/book/show/249737551-love-is-the-main-ingredient,Goodreads web scraping,general cooking,8
The America's Test Kitchen Family Cookbook,America's Test Kitchen,4.17,19797.0,,,general cooking | cookbooks | cooking | food and drink,eng,https://i.gr-assets.com/images/S/compressed.photo.goodreads.com/books/1348281876i/3888._SX50_.jpg,https://www.goodreads.com/book/show/3888.The_America_s_Test_Kitchen_Family_Cookbook,Goodreads web scraping,general cooking,9
How to Be a Domestic Goddess: Baking and the Art of Comfort Cooking,Nigella Lawson,3.92,40925.0,,,baking and desserts | cookbooks | cooking | food and drink,eng,https://i.gr-assets.com/images/S/compressed.photo.goodreads.com/books/1388364849i/39542._SX50_.jpg,https://www.goodreads.com/book/show/39542.How_to_Be_a_Domestic_Goddess,Goodreads web scraping,baking and desserts,10
Vegetarian Cooking for Everyone,Deborah Madison,3.83,17544.0,,,vegetarian and plant based | cookbooks | cooking | food and drink,eng,https://i.gr-assets.com/images/S/compressed.photo.goodreads.com/books/1320556905i/141051._SX50_.jpg,https://www.goodreads.com/book/show/141051.Vegetarian_Cooking_for_Everyone,Goodreads web scraping,vegetarian and plant based,11
The Fannie Farmer Cookbook,Marion Cunningham,4.12,17212.0,,,general cooking | cookbooks | cooking | food and drink,eng,https://i.gr-assets.com/images/S/compressed.photo.goodreads.com/books/1347424134i/158944._SX50_.jpg,https://www.goodreads.com/book/show/158944.The_Fannie_Farmer_Cookbook,Goodreads web scraping,general cooking,12
Barefoot Contessa Family Style: Easy Ideas and Recipes That Make Everyone Feel Like Family,Ina Garten,4.08,28117.0,,,quick and practical cooking | cookbooks | cooking | food and drink,eng,https://i.gr-assets.com/images/S/compressed.photo.goodreads.com/books/1320438055i/120231._SX50_.jpg,https://www.goodreads.com/book/show/120231.Barefoot_Contessa_Family_Style,Goodreads web scraping,quick and practical cooking,13
"The Art of Simple Food: Notes, Lessons, and Recipes from a Delicious Revolution",Alice Waters,3.93,27222.0,,,quick and practical cooking | cookbooks | cooking | food and drink,eng,https://i.gr-assets.com/images/S/compressed.photo.goodreads.com/books/1320458644i/688663._SX50_.jpg,https://www.goodreads.com/book/show/688663.The_Art_of_Simple_Food,Goodreads web scraping,quick and practical cooking,14
Essentials of Classic Italian Cooking,Marcella Hazan,4.07,26767.0,,,world cuisines | cookbooks | cooking | food and drink,eng,https://i.gr-assets.com/images/S/compressed.photo.goodreads.com/books/1694126208i/19552._SX50_.jpg,https://www.goodreads.com/book/show/19552.Essentials_of_Classic_Italian_Cooking,Goodreads web scraping,world cuisines,15
The King Arthur Flour Baker's Companion: The All-Purpose Baking Cookbook,King Arthur Baking Company,4.29,7298.0,,,baking and desserts | cookbooks | cooking | food and drink,eng,https://i.gr-assets.com/images/S/compressed.photo.goodreads.com/books/1388185662i/74044._SX50_.jpg,https://www.goodreads.com/book/show/74044.The_King_Arthur_Flour_Baker_s_Companion,Goodreads web scraping,baking and desserts,16
Barefoot Contessa at Home: Everyday Recipes You'll Make Over and Over Again,Ina Garten,4.11,56518.0,,,general cooking | cookbooks | cooking | food and drink,eng,https://i.gr-assets.com/images/S/compressed.photo.goodreads.com/books/1320557161i/120230._SX50_.jpg,https://www.goodreads.com/book/show/120230.Barefoot_Contessa_at_Home,Goodreads web scraping,general cooking,17
Everyday Italian: 125 Simple and Delicious Recipes,Giada De Laurentiis,3.91,52222.0,,,world cuisines | cookbooks | cooking | food and drink,eng,https://i.gr-assets.com/images/S/compressed.photo.goodreads.com/books/1385089184i/1192._SX50_.jpg,https://www.goodreads.com/book/show/1192.Everyday_Italian,Goodreads web scraping,world cuisines,18
"The Flavor Bible: The Essential Guide to Culinary Creativity, Based on the Wisdom of America's Most Imaginative Chefs",Andrew Dornenburg,4.07,24625.0,,,food science and technique | cookbooks | cooking | food and drink,eng,https://i.gr-assets.com/images/S/compressed.photo.goodreads.com/books/1390269927i/4443485._SX50_.jpg,https://www.goodreads.com/book/show/4443485-the-flavor-bible,Goodreads web scraping,food science and technique,19
The Silver Spoon,Clelia D'Onofrio,4.1,10388.0,,,general cooking | cookbooks | cooking | food and drink,eng,https://i.gr-assets.com/images/S/compressed.photo.goodreads.com/books/1360462391i/136599._SX50_.jpg,https://www.goodreads.com/book/show/136599.The_Silver_Spoon,Goodreads web scraping,general cooking,20
Veganomicon: The Ultimate Vegan Cookbook,Isa Chandra Moskowitz,3.83,33393.0,,,vegetarian and plant based | cookbooks | cooking | food and drink,eng,https://i.gr-assets.com/images/S/compressed.photo.goodreads.com/books/1328751476i/1059680._SX50_.jpg,https://www.goodreads.com/book/show/1059680.Veganomicon,Goodreads web scraping,vegetarian and plant based,21
How to Cook Everything Vegetarian: Simple Meatless Recipes for Great Food,Mark Bittman,4.08,14640.0,,,vegetarian and plant based | cookbooks | cooking | food and drink,eng,https://i.gr-assets.com/images/S/compressed.photo.goodreads.com/books/1390927101i/1587362._SX50_.jpg,https://www.goodreads.com/book/show/1587362.How_to_Cook_Everything_Vegetarian,Goodreads web scraping,vegetarian and plant based,22
The Barefoot Contessa Cookbook,Ina Garten,4.09,39260.0,,,general cooking | cookbooks | cooking | food and drink,eng,https://i.gr-assets.com/images/S/compressed.photo.goodreads.com/books/1388195329i/3895._SX50_.jpg,https://www.goodreads.com/book/show/3895.The_Barefoot_Contessa_Cookbook,Goodreads web scraping,general cooking,23
The New Enchanted Broccoli Forest,Mollie Katzen,3.94,10964.0,,,general cooking | cookbooks | cooking | food and drink,eng,https://i.gr-assets.com/images/S/compressed.photo.goodreads.com/books/1320435406i/178204._SX50_.jpg,https://www.goodreads.com/book/show/178204.The_New_Enchanted_Broccoli_Forest,Goodreads web scraping,general cooking,24
I'm Just Here for the Food: Food + Heat = Cooking,Alton Brown,4.12,24264.0,,,general cooking | cookbooks | cooking | food and drink,eng,https://i.gr-assets.com/images/S/compressed.photo.goodreads.com/books/1473385712i/101249._SX50_.jpg,https://www.goodreads.com/book/show/101249.I_m_Just_Here_for_the_Food,Goodreads web scraping,general cooking,25
The New Book of Middle Eastern Food,Claudia Roden,4.13,3669.0,,,general cooking | cookbooks | cooking | food and drink,eng,https://i.gr-assets.com/images/S/compressed.photo.goodreads.com/books/1348291176i/394182._SX50_.jpg,https://www.goodreads.com/book/show/394182.The_New_Book_of_Middle_Eastern_Food,Goodreads web scraping,general cooking,26
On Food and Cooking: The Science and Lore of the Kitchen,Harold McGee,4.46,16469.0,,,food science and technique | cookbooks | cooking | food and drink,eng,https://i.gr-assets.com/images/S/compressed.photo.goodreads.com/books/1347221060i/101255._SX50_.jpg,https://www.goodreads.com/book/show/101255.On_Food_and_Cooking,Goodreads web scraping,food science and technique,27
"Everyday Food: Great Food Fast: 250 Recipes for Easy, Delicious Meals All Year Long",Martha Stewart,3.99,14771.0,,,quick and practical cooking | cookbooks | cooking | food and drink,eng,https://i.gr-assets.com/images/S/compressed.photo.goodreads.com/books/1320479731i/335459._SX50_.jpg,https://www.goodreads.com/book/show/335459.Everyday_Food,Goodreads web scraping,quick and practical cooking,28
The Silver Palate Cookbook,Julee Rosso,4.01,23343.0,,,general cooking | cookbooks | cooking | food and drink,eng,https://i.gr-assets.com/images/S/compressed.photo.goodreads.com/books/1387707639i/1107001._SX50_.jpg,https://www.goodreads.com/book/show/1107001.The_Silver_Palate_Cookbook,Goodreads web scraping,general cooking,29
Artisan Bread in Five Minutes a Day: The Discovery That Revolutionizes Home Baking,Jeff Hertzberg,3.93,27768.0,,,baking and desserts | cookbooks | cooking | food and drink,eng,https://i.gr-assets.com/images/S/compressed.photo.goodreads.com/books/1317064461i/1009996._SX50_.jpg,https://www.goodreads.com/book/show/1009996.Artisan_Bread_in_Five_Minutes_a_Day,Goodreads web scraping,baking and desserts,30
Vegan Cupcakes Take Over the World: 75 Dairy-Free Recipes for Cupcakes that Rule,Isa Chandra Moskowitz,3.95,16889.0,,,baking and desserts | cookbooks | cooking | food and drink,eng,https://i.gr-assets.com/images/S/compressed.photo.goodreads.com/books/1388176764i/48304._SX50_.jpg,https://www.goodreads.com/book/show/48304.Vegan_Cupcakes_Take_Over_the_World,Goodreads web scraping,baking and desserts,31
The Good Housekeeping Illustrated Cookbook,Good Housekeeping,4.39,1370.0,,,general cooking | cookbooks | cooking | food and drink,eng,https://i.gr-assets.com/images/S/compressed.photo.goodreads.com/books/1332615776i/37630._SX50_.jpg,https://www.goodreads.com/book/show/37630.The_Good_Housekeeping_Illustrated_Cookbook,Goodreads web scraping,general cooking,32
Betty Crocker's Picture Cook Book,Betty Crocker,4.38,3068.0,,,general cooking | cookbooks | cooking | food and drink,eng,https://i.gr-assets.com/images/S/compressed.photo.goodreads.com/books/1360056860i/3896._SX50_.jpg,https://www.goodreads.com/book/show/3896.Betty_Crocker_s_Picture_Cook_Book,Goodreads web scraping,general cooking,33
The Vegetarian Epicure,Anna Thomas,3.93,6110.0,,,vegetarian and plant based | cookbooks | cooking | food and drink,eng,https://i.gr-assets.com/images/S/compressed.photo.goodreads.com/books/1320420124i/1466595._SX50_.jpg,https://www.goodreads.com/book/show/1466595.The_Vegetarian_Epicure,Goodreads web scraping,vegetarian and plant based,34
The Professional Chef,The Culinary Institute of America (CIA),4.28,5912.0,,,food science and technique | cookbooks | cooking | food and drink,eng,https://i.gr-assets.com/images/S/compressed.photo.goodreads.com/books/1387716309i/306235._SX50_.jpg,https://www.goodreads.com/book/show/306235.The_Professional_Chef,Goodreads web scraping,food science and technique,35
The Way to Cook,Julia Child,4.32,14619.0,,,general cooking | cookbooks | cooking | food and drink,eng,https://i.gr-assets.com/images/S/compressed.photo.goodreads.com/books/1348719968i/132688._SX50_.jpg,https://www.goodreads.com/book/show/132688.The_Way_to_Cook,Goodreads web scraping,general cooking,36
Mexico One Plate At A Time,Rick Bayless,4.14,2455.0,,,general cooking | cookbooks | cooking | food and drink,eng,https://i.gr-assets.com/images/S/compressed.photo.goodreads.com/books/1347630323i/383480._SX50_.jpg,https://www.goodreads.com/book/show/383480.Mexico_One_Plate_At_A_Time,Goodreads web scraping,general cooking,37
"CookWise: The Hows & Whys of Successful Cooking, The Secrets of Cooking Revealed",Shirley O. Corriher,4.06,5623.0,,,general cooking | cookbooks | cooking | food and drink,eng,https://i.gr-assets.com/images/S/compressed.photo.goodreads.com/books/1347705728i/76875._SX50_.jpg,https://www.goodreads.com/book/show/76875.CookWise,Goodreads web scraping,general cooking,38
The Taste of Home Cookbook,Taste of Home,4.27,21440.0,,,general cooking | cookbooks | cooking | food and drink,eng,https://i.gr-assets.com/images/S/compressed.photo.goodreads.com/books/1309198140i/3885._SX50_.jpg,https://www.goodreads.com/book/show/3885.The_Taste_of_Home_Cookbook,Goodreads web scraping,general cooking,39
"Salt, Fat, Acid, Heat: Mastering the Elements of Good Cooking",Samin Nosrat,4.39,101103.0,,,general cooking | cookbooks | cooking | food and drink,eng,https://i.gr-assets.com/images/S/compressed.photo.goodreads.com/books/1599649084i/30753841._SX50_.jpg,https://www.goodreads.com/book/show/30753841-salt-fat-acid-heat,Goodreads web scraping,general cooking,40
The I Do Cookbook for the Bride and Groom,Celia Jolley,4.32,37.0,,,general cooking | cookbooks | cooking | food and drink,eng,https://i.gr-assets.com/images/S/compressed.photo.goodreads.com/books/1266973346i/4829027._SX50_.jpg,https://www.goodreads.com/book/show/4829027-the-i-do-cookbook-for-the-bride-and-groom,Goodreads web scraping,general cooking,41
"Cook Food: A Manualfesto for Easy, Healthy, Local Eating",Lisa Jervis,4.0,124.0,,,nutrition and healthy eating | cookbooks | cooking | food and drink,eng,https://i.gr-assets.com/images/S/compressed.photo.goodreads.com/books/1328742395i/6400219._SX50_.jpg,https://www.goodreads.com/book/show/6400219-cook-food,Goodreads web scraping,nutrition and healthy eating,42
The Gourmet Cookbook: More than 1000 recipes,Ruth Reichl,4.05,11849.0,,,general cooking | cookbooks | cooking | food and drink,eng,https://i.gr-assets.com/images/S/compressed.photo.goodreads.com/books/1442100308i/53617._SX50_.jpg,https://www.goodreads.com/book/show/53617.The_Gourmet_Cookbook,Goodreads web scraping,general cooking,43
Jamie at Home: Cook Your Way to the Good Life,Jamie Oliver,4.1,12995.0,,,general cooking | cookbooks | cooking | food and drink,eng,https://i.gr-assets.com/images/S/compressed.photo.goodreads.com/books/1347729405i/1776251._SX50_.jpg,https://www.goodreads.com/book/show/1776251.Jamie_at_Home,Goodreads web scraping,general cooking,44
Madhur Jaffrey's World Vegetarian: More Than 650 Meatless Recipes from Around the World,Madhur Jaffrey,4.08,4131.0,,,vegetarian and plant based | cookbooks | cooking | food and drink,eng,https://i.gr-assets.com/images/S/compressed.photo.goodreads.com/books/1348989823i/142849._SX50_.jpg,https://www.goodreads.com/book/show/142849.Madhur_Jaffrey_s_World_Vegetarian,Goodreads web scraping,vegetarian and plant based,45
Bouchon,Thomas Keller,4.23,3413.0,,,general cooking | cookbooks | cooking | food and drink,eng,https://i.gr-assets.com/images/S/compressed.photo.goodreads.com/books/1404582056i/79503._SX50_.jpg,https://www.goodreads.com/book/show/79503.Bouchon,Goodreads web scraping,general cooking,46
The Cake Mix Doctor,Anne Byrn,4.0,11687.0,,,baking and desserts | cookbooks | cooking | food and drink,eng,https://i.gr-assets.com/images/S/compressed.photo.goodreads.com/books/1404582048i/402017._SX50_.jpg,https://www.goodreads.com/book/show/402017.The_Cake_Mix_Doctor,Goodreads web scraping,baking and desserts,47
The Cook's Companion,Stephanie   Alexander,4.4,1928.0,,,general cooking | cookbooks | cooking | food and drink,eng,https://i.gr-assets.com/images/S/compressed.photo.goodreads.com/books/1187361390i/1718814._SX50_.jpg,https://www.goodreads.com/book/show/1718814.The_Cook_s_Companion,Goodreads web scraping,general cooking,48
The Bread Bible,Rose Levy Beranbaum,4.21,6577.0,,,baking and desserts | cookbooks | cooking | food and drink,eng,https://i.gr-assets.com/images/S/compressed.photo.goodreads.com/books/1367779343i/153142._SX50_.jpg,https://www.goodreads.com/book/show/153142.The_Bread_Bible,Goodreads web scraping,baking and desserts,49
The Art of Eating,M.F.K. Fisher,4.32,6203.0,,,general cooking | cookbooks | cooking | food and drink,eng,https://i.gr-assets.com/images/S/compressed.photo.goodreads.com/books/1360056492i/94079._SY75_.jpg,https://www.goodreads.com/book/show/94079.The_Art_of_Eating,Goodreads web scraping,general cooking,50
French Provincial Cooking,Elizabeth David,4.24,2031.0,,,world cuisines | cookbooks | cooking | food and drink,eng,https://i.gr-assets.com/images/S/compressed.photo.goodreads.com/books/1347571562i/137599._SY75_.jpg,https://www.goodreads.com/book/show/137599.French_Provincial_Cooking,Goodreads web scraping,world cuisines,51
The Lady & Sons Savannah Country Cookbook,Paula H. Deen,4.01,11550.0,,,general cooking | cookbooks | cooking | food and drink,eng,https://i.gr-assets.com/images/S/compressed.photo.goodreads.com/books/1388183684i/67657._SY75_.jpg,https://www.goodreads.com/book/show/67657.The_Lady_Sons_Savannah_Country_Cookbook,Goodreads web scraping,general cooking,52
How to Cook Without a Book: Recipes and Techniques Every Cook Should Know by Heart,Pam Anderson,3.97,2570.0,,,food science and technique | cookbooks | cooking | food and drink,eng,https://i.gr-assets.com/images/S/compressed.photo.goodreads.com/books/1388199542i/236011._SX50_.jpg,https://www.goodreads.com/book/show/236011.How_to_Cook_Without_a_Book,Goodreads web scraping,food science and technique,53
The Kitchen Diaries: A Year in the Kitchen with Nigel Slater,Nigel Slater,4.3,2574.0,,,general cooking | cookbooks | cooking | food and drink,eng,https://i.gr-assets.com/images/S/compressed.photo.goodreads.com/books/1442838666i/71955._SX50_.jpg,https://www.goodreads.com/book/show/71955.The_Kitchen_Diaries,Goodreads web scraping,general cooking,54
The Complete America's Test Kitchen TV Show Cookbook 2001-2010,America's Test Kitchen,4.54,4744.0,,,general cooking | cookbooks | cooking | food and drink,eng,https://i.gr-assets.com/images/S/compressed.photo.goodreads.com/books/1275628143i/6695147._SX50_.jpg,https://www.goodreads.com/book/show/6695147-the-complete-america-s-test-kitchen-tv-show-cookbook-2001-2010,Goodreads web scraping,general cooking,55
30-Minute Meals,Rachael Ray,3.91,8036.0,,,quick and practical cooking | cookbooks | cooking | food and drink,eng,https://i.gr-assets.com/images/S/compressed.photo.goodreads.com/books/1386924878i/71806._SX50_.jpg,https://www.goodreads.com/book/show/71806.30_Minute_Meals,Goodreads web scraping,quick and practical cooking,56
The New Basics Cookbook,Julee Rosso,4.01,8335.0,,,general cooking | cookbooks | cooking | food and drink,eng,https://i.gr-assets.com/images/S/compressed.photo.goodreads.com/books/1404577418i/232888._SX50_.jpg,https://www.goodreads.com/book/show/232888.The_New_Basics_Cookbook,Goodreads web scraping,general cooking,57
Moosewood Restaurant Cooks at Home: Fast and Easy Recipes for Any Day,The Moosewood Collective,4.06,5132.0,,,quick and practical cooking | cookbooks | cooking | food and drink,eng,https://i.gr-assets.com/images/S/compressed.photo.goodreads.com/books/1349102914i/198175._SX50_.jpg,https://www.goodreads.com/book/show/198175.Moosewood_Restaurant_Cooks_at_Home,Goodreads web scraping,quick and practical cooking,58
Fix-It and Forget-It Cookbook: Feasting with Your Slow Cooker,Dawn J. Ranck,3.91,33587.0,,,quick and practical cooking | cookbooks | cooking | food and drink,eng,https://i.gr-assets.com/images/S/compressed.photo.goodreads.com/books/1442758991i/852460._SX50_.jpg,https://www.goodreads.com/book/show/852460.Fix_It_and_Forget_It_Cookbook,Goodreads web scraping,quick and practical cooking,59
Giada's Family Dinners,Giada De Laurentiis,3.98,16759.0,,,general cooking | cookbooks | cooking | food and drink,eng,https://i.gr-assets.com/images/S/compressed.photo.goodreads.com/books/1388193499i/1191._SX50_.jpg,https://www.goodreads.com/book/show/1191.Giada_s_Family_Dinners,Goodreads web scraping,general cooking,60
"The Escoffier Cookbook and Guide to the Fine Art of Cookery: For Connoisseurs, Chefs, Epicures Complete With 2973 Recipes",Auguste Escoffier,4.36,1494.0,,,food science and technique | cookbooks | cooking | food and drink,eng,https://i.gr-assets.com/images/S/compressed.photo.goodreads.com/books/1403179349i/273669._SX50_.jpg,https://www.goodreads.com/book/show/273669.The_Escoffier_Cookbook_and_Guide_to_the_Fine_Art_of_Cookery,Goodreads web scraping,food science and technique,61
Rachael Ray 365: No Repeats—A Year of Deliciously Different Dinners,Rachael Ray,3.72,31063.0,,,general cooking | cookbooks | cooking | food and drink,eng,https://i.gr-assets.com/images/S/compressed.photo.goodreads.com/books/1386925636i/3882._SX50_.jpg,https://www.goodreads.com/book/show/3882.Rachael_Ray_365,Goodreads web scraping,general cooking,62
Jerusalem: A Cookbook,Yotam Ottolenghi,4.18,37813.0,,,general cooking | cookbooks | cooking | food and drink,eng,https://i.gr-assets.com/images/S/compressed.photo.goodreads.com/books/1344370574i/13531504._SX50_.jpg,https://www.goodreads.com/book/show/13531504-jerusalem,Goodreads web scraping,general cooking,63
The Splendid Table,Lynne Rossetto Kasper,4.23,840.0,,,general cooking | cookbooks | cooking | food and drink,eng,https://i.gr-assets.com/images/S/compressed.photo.goodreads.com/books/1438907378i/291405._SX50_.jpg,https://www.goodreads.com/book/show/291405.The_Splendid_Table,Goodreads web scraping,general cooking,64
The Classic Italian Cook Book: The Art of Italian Cooking and the Italian Art of Eating,Marcella Hazan,4.38,1637.0,,,world cuisines | cookbooks | cooking | food and drink,eng,https://i.gr-assets.com/images/S/compressed.photo.goodreads.com/books/1223627726i/1369510._SX50_.jpg,https://www.goodreads.com/book/show/1369510.The_Classic_Italian_Cook_Book,Goodreads web scraping,world cuisines,65
Larousse Gastronomique,Prosper Montagné,4.38,6781.0,,,general cooking | cookbooks | cooking | food and drink,eng,https://i.gr-assets.com/images/S/compressed.photo.goodreads.com/books/1349060293i/815612._SX50_.jpg,https://www.goodreads.com/book/show/815612.Larousse_Gastronomique,Goodreads web scraping,general cooking,66
River Road Recipes,Junior League of Baton Rouge,4.35,411.0,,,general cooking | cookbooks | cooking | food and drink,eng,https://i.gr-assets.com/images/S/compressed.photo.goodreads.com/books/1440685313i/421232._SY75_.jpg,https://www.goodreads.com/book/show/421232.River_Road_Recipes,Goodreads web scraping,general cooking,67
Nourishing Traditions: The Cookbook that Challenges Politically Correct Nutrition and the Diet Dictocrats,Sally Fallon Morell,4.19,14169.0,,,nutrition and healthy eating | cookbooks | cooking | food and drink,eng,https://i.gr-assets.com/images/S/compressed.photo.goodreads.com/books/1349063789i/117835._SX50_.jpg,https://www.goodreads.com/book/show/117835.Nourishing_Traditions,Goodreads web scraping,nutrition and healthy eating,68
James Beard's American Cookery,James   Beard,4.22,1700.0,,,general cooking | cookbooks | cooking | food and drink,eng,https://i.gr-assets.com/images/S/compressed.photo.goodreads.com/books/1733179708i/545913._SY75_.jpg,https://www.goodreads.com/book/show/545913.James_Beard_s_American_Cookery,Goodreads web scraping,general cooking,69
Plenty,Yotam Ottolenghi,4.12,27059.0,,,general cooking | cookbooks | cooking | food and drink,eng,https://i.gr-assets.com/images/S/compressed.photo.goodreads.com/books/1327921381i/8086216._SX50_.jpg,https://www.goodreads.com/book/show/8086216-plenty,Goodreads web scraping,general cooking,70
"Nigella Bites: From Family Meals to Elegant Dinners: Easy, Delectable Recipes for Any Occasion",Nigella Lawson,4.02,6992.0,,,quick and practical cooking | cookbooks | cooking | food and drink,eng,https://i.gr-assets.com/images/S/compressed.photo.goodreads.com/books/1440727806i/38549._SX50_.jpg,https://www.goodreads.com/book/show/38549.Nigella_Bites,Goodreads web scraping,quick and practical cooking,71
The Pillsbury Cookbook: The All-Purpose Companion for Today's Cook,Pillsbury,4.13,126.0,,,general cooking | cookbooks | cooking | food and drink,eng,https://i.gr-assets.com/images/S/compressed.photo.goodreads.com/books/1320500046i/1281630._SY75_.jpg,https://www.goodreads.com/book/show/1281630.The_Pillsbury_Cookbook,Goodreads web scraping,general cooking,72
Jamie's Italy,Jamie Oliver,4.02,8264.0,,,general cooking | cookbooks | cooking | food and drink,eng,https://i.gr-assets.com/images/S/compressed.photo.goodreads.com/books/1425317994i/8930._SX50_.jpg,https://www.goodreads.com/book/show/8930.Jamie_s_Italy,Goodreads web scraping,general cooking,73
The New Laurel's Kitchen,Laurel Robertson,4.01,5897.0,,,general cooking | cookbooks | cooking | food and drink,eng,https://i.gr-assets.com/images/S/compressed.photo.goodreads.com/books/1347595463i/104535._SX50_.jpg,https://www.goodreads.com/book/show/104535.The_New_Laurel_s_Kitchen,Goodreads web scraping,general cooking,74
"Mrs. Fields Cookie Book, 100 of Her Favorite Recipes",Mrs. Fields,4.22,1267.0,,,baking and desserts | cookbooks | cooking | food and drink,eng,https://i.gr-assets.com/images/S/compressed.photo.goodreads.com/books/1431825125i/425634._SX50_.jpg,https://www.goodreads.com/book/show/425634.Mrs_Fields_Cookie_Book_100_of_Her_Favorite_Recipes,Goodreads web scraping,baking and desserts,75
King Arthur Flour Whole Grain Baking: Delicious Recipes Using Nutritious Whole Grains,King Arthur Baking Company,4.14,5090.0,,,baking and desserts | cookbooks | cooking | food and drink,eng,https://i.gr-assets.com/images/S/compressed.photo.goodreads.com/books/1386924919i/10568._SX50_.jpg,https://www.goodreads.com/book/show/10568.King_Arthur_Flour_Whole_Grain_Baking,Goodreads web scraping,baking and desserts,76
"The Lady & Sons, Too!: A Whole New Batch of Recipes from Savannah",Paula H. Deen,4.16,1622.0,,,general cooking | cookbooks | cooking | food and drink,eng,https://i.gr-assets.com/images/S/compressed.photo.goodreads.com/books/1409593104i/995876._SX50_.jpg,https://www.goodreads.com/book/show/995876.The_Lady_Sons_Too_,Goodreads web scraping,general cooking,77
"Vegan with a Vengeance : Over 150 Delicious, Cheap, Animal-Free Recipes That Rock",Isa Chandra Moskowitz,3.71,14305.0,,,vegetarian and plant based | cookbooks | cooking | food and drink,eng,https://i.gr-assets.com/images/S/compressed.photo.goodreads.com/books/1388192648i/48303._SX50_.jpg,https://www.goodreads.com/book/show/48303.Vegan_with_a_Vengeance_,Goodreads web scraping,vegetarian and plant based,77
How It All Vegan!: Irresistible Recipes for an Animal-Free Diet,Tanya Barnard,3.81,4174.0,,,vegetarian and plant based | cookbooks | cooking | food and drink,eng,https://i.gr-assets.com/images/S/compressed.photo.goodreads.com/books/1388264752i/48309._SX50_.jpg,https://www.goodreads.com/book/show/48309.How_It_All_Vegan_,Goodreads web scraping,vegetarian and plant based,79
Let's Cook It Right,Adelle Davis,3.76,106.0,,,general cooking | cookbooks | cooking | food and drink,eng,https://i.gr-assets.com/images/S/compressed.photo.goodreads.com/books/1185018170i/1546387._SY75_.jpg,https://www.goodreads.com/book/show/1546387.Let_s_Cook_It_Right,Goodreads web scraping,general cooking,80
The Pioneer Woman Cooks: Recipes from an Accidental Country Girl,Ree Drummond,4.06,48576.0,,,general cooking | cookbooks | cooking | food and drink,eng,https://i.gr-assets.com/images/S/compressed.photo.goodreads.com/books/1366775743i/6361871._SX50_.jpg,https://www.goodreads.com/book/show/6361871-the-pioneer-woman-cooks,Goodreads web scraping,general cooking,80
"The Frugal Gourmet Cooks Italian: Recipes from the New and Old Worlds, Simplified for the American Kitchen",Jeff  Smith,3.9,310.0,,,world cuisines | cookbooks | cooking | food and drink,eng,https://i.gr-assets.com/images/S/compressed.photo.goodreads.com/books/1387736395i/772748._SY75_.jpg,https://www.goodreads.com/book/show/772748.The_Frugal_Gourmet_Cooks_Italian,Goodreads web scraping,world cuisines,82
The Splendid Table's How to Eat Supper,Lynne Rossetto Kasper,3.93,2682.0,,,general cooking | cookbooks | cooking | food and drink,eng,https://i.gr-assets.com/images/S/compressed.photo.goodreads.com/books/1388183034i/1613536._SX50_.jpg,https://www.goodreads.com/book/show/1613536.The_Splendid_Table_s_How_to_Eat_Supper,Goodreads web scraping,general cooking,83
The Bon Appetit Cookbook: Fast Easy Fresh,Bon Appétit Magazine,3.92,2664.0,,,quick and practical cooking | cookbooks | cooking | food and drink,eng,https://i.gr-assets.com/images/S/compressed.photo.goodreads.com/books/1360057287i/4047214._SX50_.jpg,https://www.goodreads.com/book/show/4047214-the-bon-appetit-cookbook,Goodreads web scraping,quick and practical cooking,84
From Emeril's Kitchens: Favorite Recipes from Emeril's Restaurants,Emeril Lagasse,4.08,245.0,,,general cooking | cookbooks | cooking | food and drink,eng,https://i.gr-assets.com/images/S/compressed.photo.goodreads.com/books/1348335337i/772789._SX50_.jpg,https://www.goodreads.com/book/show/772789.From_Emeril_s_Kitchens,Goodreads web scraping,general cooking,85
How to Eat: The Pleasures and Principles of Good Food,Nigella Lawson,4.18,7414.0,,,general cooking | cookbooks | cooking | food and drink,eng,https://i.gr-assets.com/images/S/compressed.photo.goodreads.com/books/1388207758i/39540._SX50_.jpg,https://www.goodreads.com/book/show/39540.How_to_Eat,Goodreads web scraping,general cooking,86
"The Six O'Clock Scramble Meal Planner: A Year of Quick, Delicious Meals to Help You Prevent and Manage Diabetes",Aviva Goldfarb,4.45,58.0,,,quick and practical cooking | cookbooks | cooking | food and drink,eng,https://i.gr-assets.com/images/S/compressed.photo.goodreads.com/books/1445433633i/25778002._SX50_.jpg,https://www.goodreads.com/book/show/25778002-the-six-o-clock-scramble-meal-planner,Goodreads web scraping,quick and practical cooking,87
More-With-Less Cookbook,Doris Janzen Longacre,4.26,1909.0,,,general cooking | cookbooks | cooking | food and drink,eng,https://i.gr-assets.com/images/S/compressed.photo.goodreads.com/books/1354111188i/925697._SY75_.jpg,https://www.goodreads.com/book/show/925697.More_With_Less_Cookbook,Goodreads web scraping,general cooking,88
Classic Home Desserts: A Treasury of Heirloom and Contemporary Recipes from Around the World,Richard Sax,4.24,251.0,,,baking and desserts | cookbooks | cooking | food and drink,eng,https://i.gr-assets.com/images/S/compressed.photo.goodreads.com/books/1177619709i/720639._SX50_.jpg,https://www.goodreads.com/book/show/720639.Classic_Home_Desserts,Goodreads web scraping,baking and desserts,89
Think Like a Chef: A Cookbook,Tom Colicchio,4.04,1079.0,,,food science and technique | cookbooks | cooking | food and drink,eng,https://i.gr-assets.com/images/S/compressed.photo.goodreads.com/books/1320512532i/2268418._SX50_.jpg,https://www.goodreads.com/book/show/2268418.Think_Like_a_Chef,Goodreads web scraping,food science and technique,90
I'm Just Here for More Food: Food x Mixing + Heat = Baking,Alton Brown,4.26,5020.0,,,baking and desserts | cookbooks | cooking | food and drink,eng,https://i.gr-assets.com/images/S/compressed.photo.goodreads.com/books/1438496254i/101247._SX50_.jpg,https://www.goodreads.com/book/show/101247.I_m_Just_Here_for_More_Food,Goodreads web scraping,baking and desserts,91
Ratio: The Simple Codes Behind the Craft of Everyday Cooking,Michael Ruhlman,4.09,7213.0,,,quick and practical cooking | cookbooks | cooking | food and drink,eng,https://i.gr-assets.com/images/S/compressed.photo.goodreads.com/books/1348460187i/3931154._SY75_.jpg,https://www.goodreads.com/book/show/3931154-ratio,Goodreads web scraping,quick and practical cooking,92
"Animal, Vegetable, Miracle: A Year of Food Life",Barbara Kingsolver,4.05,114438.0,,,vegetarian and plant based | cookbooks | cooking | food and drink,eng,https://i.gr-assets.com/images/S/compressed.photo.goodreads.com/books/1480104279i/25460._SY75_.jpg,https://www.goodreads.com/book/show/25460.Animal_Vegetable_Miracle,Goodreads web scraping,vegetarian and plant based,93
"Diners, Drive-ins and Dives: An All-American Road Trip . . . with Recipes!",Guy Fieri,4.05,5387.0,,,general cooking | cookbooks | cooking | food and drink,eng,https://i.gr-assets.com/images/S/compressed.photo.goodreads.com/books/1390799279i/3560788._SX50_.jpg,https://www.goodreads.com/book/show/3560788-diners-drive-ins-and-dives,Goodreads web scraping,general cooking,94
The Breakfast Book,Marion Cunningham,4.16,889.0,,,general cooking | cookbooks | cooking | food and drink,eng,https://i.gr-assets.com/images/S/compressed.photo.goodreads.com/books/1223643406i/158935._SX50_.jpg,https://www.goodreads.com/book/show/158935.The_Breakfast_Book,Goodreads web scraping,general cooking,95
"Healthy Bread in Five Minutes a Day: The Artisan Revolution Continues with Whole Grains, Fruits, and Vegetables",Jeff Hertzberg,4.06,3114.0,,,baking and desserts | cookbooks | cooking | food and drink,eng,https://i.gr-assets.com/images/S/compressed.photo.goodreads.com/books/1393465041i/6383770._SX50_.jpg,https://www.goodreads.com/book/show/6383770-healthy-bread-in-five-minutes-a-day,Goodreads web scraping,baking and desserts,96
The Smitten Kitchen Cookbook: Recipes and Wisdom from an Obsessive Home Cook,Deb Perelman,3.99,46116.0,,,general cooking | cookbooks | cooking | food and drink,eng,https://i.gr-assets.com/images/S/compressed.photo.goodreads.com/books/1336228481i/13331199._SX50_.jpg,https://www.goodreads.com/book/show/13331199-the-smitten-kitchen-cookbook,Goodreads web scraping,general cooking,97
The French Laundry Cookbook,Thomas Keller,4.3,10048.0,,,world cuisines | cookbooks | cooking | food and drink,eng,https://i.gr-assets.com/images/S/compressed.photo.goodreads.com/books/1356064390i/154556._SX50_.jpg,https://www.goodreads.com/book/show/154556.The_French_Laundry_Cookbook,Goodreads web scraping,world cuisines,98
Cook with Jamie,Jamie Oliver,4.07,13420.0,,,general cooking | cookbooks | cooking | food and drink,eng,https://i.gr-assets.com/images/S/compressed.photo.goodreads.com/books/1348728611i/823412._SX50_.jpg,https://www.goodreads.com/book/show/823412.Cook_with_Jamie,Goodreads web scraping,general cooking,99
The Bon Appétit Cookbook,Barbara Fairchild,4.07,1850.0,,,general cooking | cookbooks | cooking | food and drink,eng,https://i.gr-assets.com/images/S/compressed.photo.goodreads.com/books/1441262692i/3886._SX50_.jpg,https://www.goodreads.com/book/show/3886.The_Bon_App_tit_Cookbook,Goodreads web scraping,general cooking,100
Moosewood Restaurant Low-Fat Favorites: Flavorful Recipes for Healthful Meals,The Moosewood Collective,3.92,6964.0,,,general cooking | cookbooks | cooking | food and drink,eng,https://i.gr-assets.com/images/S/compressed.photo.goodreads.com/books/1386924403i/198176._SX50_.jpg,https://www.goodreads.com/book/show/198176.Moosewood_Restaurant_Low_Fat_Favorites,Goodreads web scraping,general cooking,100
The Art of Mexican Cooking: Traditional Mexican Cooking for Aficionados: A Cookbook,Diana Kennedy,4.26,1077.0,,,world cuisines | cookbooks | cooking | food and drink,eng,https://i.gr-assets.com/images/S/compressed.photo.goodreads.com/books/1630982190i/3780376._SX50_.jpg,https://www.goodreads.com/book/show/3780376-the-art-of-mexican-cooking,Goodreads web scraping,world cuisines,102
Land of Plenty: A Treasury of Authentic Sichuan Cooking,Fuchsia Dunlop,4.3,1383.0,,,general cooking | cookbooks | cooking | food and drink,eng,https://i.gr-assets.com/images/S/compressed.photo.goodreads.com/books/1347614660i/94561._SX50_.jpg,https://www.goodreads.com/book/show/94561.Land_of_Plenty,Goodreads web scraping,general cooking,103
"Cooking for Geeks: Real Science, Great Hacks, and Good Food",Jeff Potter,4.05,3753.0,,,food science and technique | cookbooks | cooking | food and drink,eng,https://i.gr-assets.com/images/S/compressed.photo.goodreads.com/books/1327879176i/7985893._SX50_.jpg,https://www.goodreads.com/book/show/7985893-cooking-for-geeks,Goodreads web scraping,food science and technique,104
Baking Illustrated: A Best Recipe Classic,Cook's Illustrated,4.23,3628.0,,,baking and desserts | cookbooks | cooking | food and drink,eng,https://i.gr-assets.com/images/S/compressed.photo.goodreads.com/books/1168362449i/32158._SX50_.jpg,https://www.goodreads.com/book/show/32158.Baking_Illustrated,Goodreads web scraping,baking and desserts,105
Whole Foods for the Whole Family: La Leche League International Cookbook,Roberta Bishop Johnson,4.27,153.0,,,general cooking | cookbooks | cooking | food and drink,eng,https://i.gr-assets.com/images/S/compressed.photo.goodreads.com/books/1387710811i/692511._SX50_.jpg,https://www.goodreads.com/book/show/692511.Whole_Foods_for_the_Whole_Family,Goodreads web scraping,general cooking,106
Moosewood Restaurant New Classics,The Moosewood Collective,4.1,2382.0,,,general cooking | cookbooks | cooking | food and drink,eng,https://i.gr-assets.com/images/S/compressed.photo.goodreads.com/books/1388357794i/198178._SX50_.jpg,https://www.goodreads.com/book/show/198178.Moosewood_Restaurant_New_Classics,Goodreads web scraping,general cooking,107
Rachael Ray's Big Orange Book,Rachael Ray,3.89,1352.0,,,general cooking | cookbooks | cooking | food and drink,eng,https://i.gr-assets.com/images/S/compressed.photo.goodreads.com/books/1320510860i/2925652._SX50_.jpg,https://www.goodreads.com/book/show/2925652-rachael-ray-s-big-orange-book,Goodreads web scraping,general cooking,108
Super Natural Cooking: Five Delicious Ways to Incorporate Whole and Natural Foods into Your Cooking,Heidi Swanson,4.0,4899.0,,,general cooking | cookbooks | cooking | food and drink,eng,https://i.gr-assets.com/images/S/compressed.photo.goodreads.com/books/1388201458i/205997._SX50_.jpg,https://www.goodreads.com/book/show/205997.Super_Natural_Cooking,Goodreads web scraping,general cooking,109
"The Frugal Gourmet Cooks Three Ancient Cuisines: China, Greece, and Rome",Jeff  Smith,3.82,1096.0,,,general cooking | cookbooks | cooking | food and drink,eng,https://i.gr-assets.com/images/S/compressed.photo.goodreads.com/books/1330753805i/499992._SY75_.jpg,https://www.goodreads.com/book/show/499992.The_Frugal_Gourmet_Cooks_Three_Ancient_Cuisines,Goodreads web scraping,general cooking,110
Baking in America: Traditional and Contemporary Favorites from the Past 200 Years,Greg Patent,4.01,86.0,,,baking and desserts | cookbooks | cooking | food and drink,eng,https://i.gr-assets.com/images/S/compressed.photo.goodreads.com/books/1405865832i/703112._SX50_.jpg,https://www.goodreads.com/book/show/703112.Baking_in_America,Goodreads web scraping,baking and desserts,111
Feast: Food to Celebrate Life,Nigella Lawson,4.16,7965.0,,,general cooking | cookbooks | cooking | food and drink,eng,https://i.gr-assets.com/images/S/compressed.photo.goodreads.com/books/1403019238i/39539._SX50_.jpg,https://www.goodreads.com/book/show/39539.Feast,Goodreads web scraping,general cooking,112
The Essential New York Times Cookbook: Classic Recipes for a New Century,Amanda Hesser,4.13,5167.0,,,general cooking | cookbooks | cooking | food and drink,eng,https://i.gr-assets.com/images/S/compressed.photo.goodreads.com/books/1396570753i/8101270._SX50_.jpg,https://www.goodreads.com/book/show/8101270-the-essential-new-york-times-cookbook,Goodreads web scraping,general cooking,113
The I Hate to Cook Book,Peg Bracken,3.91,853.0,,,general cooking | cookbooks | cooking | food and drink,eng,https://i.gr-assets.com/images/S/compressed.photo.goodreads.com/books/1441756058i/7834717._SY75_.jpg,https://www.goodreads.com/book/show/7834717-the-i-hate-to-cook-book,Goodreads web scraping,general cooking,114
The Naked Chef,Jamie Oliver,4.03,4890.0,,,food science and technique | cookbooks | cooking | food and drink,eng,https://i.gr-assets.com/images/S/compressed.photo.goodreads.com/books/1442623188i/348695._SX50_.jpg,https://www.goodreads.com/book/show/348695.The_Naked_Chef,Goodreads web scraping,food science and technique,115
"Jacques Pépin's Complete Techniques: Featuring More Than 1,000 Cooking Methods and Recipes,  in Thousands of  Step-by-Step Photographs",Jacques Pépin,4.41,1827.0,,,food science and technique | cookbooks | cooking | food and drink,eng,https://i.gr-assets.com/images/S/compressed.photo.goodreads.com/books/1441292458i/1077516._SX50_.jpg,https://www.goodreads.com/book/show/1077516.Jacques_P_pin_s_Complete_Techniques,Goodreads web scraping,food science and technique,116
"Baking with Julia: Sift, Knead, Flute, Flour, and Savor...",Julia Child,4.28,9179.0,,,baking and desserts | cookbooks | cooking | food and drink,eng,https://i.gr-assets.com/images/S/compressed.photo.goodreads.com/books/1348555117i/184649._SX50_.jpg,https://www.goodreads.com/book/show/184649.Baking_with_Julia,Goodreads web scraping,baking and desserts,117
All Around the World Cookbook,Sheila Lukins,3.63,2024.0,,,general cooking | cookbooks | cooking | food and drink,eng,https://i.gr-assets.com/images/S/compressed.photo.goodreads.com/books/1423721009i/772337._SX50_.jpg,https://www.goodreads.com/book/show/772337.All_Around_the_World_Cookbook,Goodreads web scraping,general cooking,117
"The Best Recipes in the World: More Than 1,000 International Dishes to Cook at Home",Mark Bittman,3.98,1961.0,,,general cooking | cookbooks | cooking | food and drink,eng,https://i.gr-assets.com/images/S/compressed.photo.goodreads.com/books/1388280928i/25652._SX50_.jpg,https://www.goodreads.com/book/show/25652.The_Best_Recipes_in_the_World,Goodreads web scraping,general cooking,119
The Food Lab: Better Home Cooking Through Science,J. Kenji López-Alt,4.31,27034.0,,,food science and technique | cookbooks | cooking | food and drink,eng,https://i.gr-assets.com/images/S/compressed.photo.goodreads.com/books/1430990153i/24861842._SX50_.jpg,https://www.goodreads.com/book/show/24861842-the-food-lab,Goodreads web scraping,food science and technique,120
The Complete Cooking Light Cookbook,Cooking Light,4.15,3518.0,,,general cooking | cookbooks | cooking | food and drink,eng,https://i.gr-assets.com/images/S/compressed.photo.goodreads.com/books/1387733379i/763852._SX50_.jpg,https://www.goodreads.com/book/show/763852.The_Complete_Cooking_Light_Cookbook,Goodreads web scraping,general cooking,121
Rick Bayless's Mexican Kitchen,Rick Bayless,4.16,1937.0,,,world cuisines | cookbooks | cooking | food and drink,eng,https://i.gr-assets.com/images/S/compressed.photo.goodreads.com/books/1347234275i/158470._SX50_.jpg,https://www.goodreads.com/book/show/158470.Rick_Bayless_s_Mexican_Kitchen,Goodreads web scraping,world cuisines,121
Thug Kitchen: Eat Like You Give a F*ck,Thug Kitchen,4.0,45962.0,,,general cooking | cookbooks | cooking | food and drink,eng,https://i.gr-assets.com/images/S/compressed.photo.goodreads.com/books/1408325061i/20696032._SX50_.jpg,https://www.goodreads.com/book/show/20696032-thug-kitchen,Goodreads web scraping,general cooking,123
Betty Crocker's Cooky Book,Betty Crocker,4.42,3125.0,,,general cooking | cookbooks | cooking | food and drink,eng,https://i.gr-assets.com/images/S/compressed.photo.goodreads.com/books/1442619980i/129664._SX50_.jpg,https://www.goodreads.com/book/show/129664.Betty_Crocker_s_Cooky_Book,Goodreads web scraping,general cooking,124
Roasting: A Simple Art,Barbara Kafka,4.32,224.0,,,quick and practical cooking | cookbooks | cooking | food and drink,eng,https://i.gr-assets.com/images/S/compressed.photo.goodreads.com/books/1424816834i/22905._SX50_.jpg,https://www.goodreads.com/book/show/22905.Roasting,Goodreads web scraping,quick and practical cooking,125
The Bread Lover's Bread Machine Cookbook: A Master Baker's 300 Favorite Recipes for Perfect-Every-Time Bread-From Every Kind of Machine,Beth Hensperger,4.21,1494.0,,,baking and desserts | cookbooks | cooking | food and drink,eng,https://i.gr-assets.com/images/S/compressed.photo.goodreads.com/books/1328755487i/153243._SX50_.jpg,https://www.goodreads.com/book/show/153243.The_Bread_Lover_s_Bread_Machine_Cookbook,Goodreads web scraping,baking and desserts,126
Everyday Pasta,Giada De Laurentiis,4.1,9157.0,,,general cooking | cookbooks | cooking | food and drink,eng,https://i.gr-assets.com/images/S/compressed.photo.goodreads.com/books/1388193500i/1193._SX50_.jpg,https://www.goodreads.com/book/show/1193.Everyday_Pasta,Goodreads web scraping,general cooking,127
Tender: Volume I: A Cook and His Vegetable Patch,Nigel Slater,4.18,3387.0,,,vegetarian and plant based | cookbooks | cooking | food and drink,eng,https://i.gr-assets.com/images/S/compressed.photo.goodreads.com/books/1348860203i/6788489._SX50_.jpg,https://www.goodreads.com/book/show/6788489-tender,Goodreads web scraping,vegetarian and plant based,128
"Nigella Express: Good Food, Fast",Nigella Lawson,3.96,28391.0,,,general cooking | cookbooks | cooking | food and drink,eng,https://i.gr-assets.com/images/S/compressed.photo.goodreads.com/books/1437577758i/468070._SX50_.jpg,https://www.goodreads.com/book/show/468070.Nigella_Express,Goodreads web scraping,general cooking,129
"The Pioneer Woman Cooks: Dinnertime: Comfort Classics, Freezer Food, 16-Minute Meals, and Other Delicious Ways to Solve Supper!",Ree Drummond,4.3,10647.0,,,quick and practical cooking | cookbooks | cooking | food and drink,eng,https://i.gr-assets.com/images/S/compressed.photo.goodreads.com/books/1430337006i/24903909._SX50_.jpg,https://www.goodreads.com/book/show/24903909-the-pioneer-woman-cooks,Goodreads web scraping,quick and practical cooking,130
The Whole30: The 30-Day Guide to Total Health and Food Freedom,Melissa Urban,4.05,19167.0,,,nutrition and healthy eating | cookbooks | cooking | food and drink,eng,https://i.gr-assets.com/images/S/compressed.photo.goodreads.com/books/1416873417i/23453036._SX50_.jpg,https://www.goodreads.com/book/show/23453036-the-whole30,Goodreads web scraping,nutrition and healthy eating,130
Giada's Kitchen: New Favorites from Everyday Italian,Giada De Laurentiis,4.1,7474.0,,,world cuisines | cookbooks | cooking | food and drink,eng,https://i.gr-assets.com/images/S/compressed.photo.goodreads.com/books/1333576416i/2596537._SX50_.jpg,https://www.goodreads.com/book/show/2596537-giada-s-kitchen,Goodreads web scraping,world cuisines,132
Deceptively Delicious: Simple Secrets to Get Your Kids Eating Good Food,Jessica Seinfeld,3.48,22205.0,,,quick and practical cooking | cookbooks | cooking | food and drink,eng,https://i.gr-assets.com/images/S/compressed.photo.goodreads.com/books/1442936631i/1734639._SX50_.jpg,https://www.goodreads.com/book/show/1734639.Deceptively_Delicious,Goodreads web scraping,quick and practical cooking,133
Emeril's TV Dinners: Kickin' It Up A Notch With Recipes From Emeril Live And Essence Of Emeril,Emeril Lagasse,3.86,573.0,,,general cooking | cookbooks | cooking | food and drink,eng,https://i.gr-assets.com/images/S/compressed.photo.goodreads.com/books/1348055365i/966347._SX50_.jpg,https://www.goodreads.com/book/show/966347.Emeril_s_TV_Dinners,Goodreads web scraping,general cooking,134
The Kitchen Diaries II,Nigel Slater,4.33,849.0,,,general cooking | cookbooks | cooking | food and drink,eng,https://i.gr-assets.com/images/S/compressed.photo.goodreads.com/books/1351187555i/15923386._SX50_.jpg,https://www.goodreads.com/book/show/15923386-the-kitchen-diaries-ii,Goodreads web scraping,general cooking,134
All About Braising: The Art of Uncomplicated Cooking,Molly Stevens,4.13,1882.0,,,general cooking | cookbooks | cooking | food and drink,eng,https://i.gr-assets.com/images/S/compressed.photo.goodreads.com/books/1441332492i/400137._SX50_.jpg,https://www.goodreads.com/book/show/400137.All_About_Braising,Goodreads web scraping,general cooking,134
Sundays at Moosewood Restaurant,Carolyn B. Mitchell,4.0,10256.0,,,general cooking | cookbooks | cooking | food and drink,eng,https://i.gr-assets.com/images/S/compressed.photo.goodreads.com/books/1388286453i/198177._SX50_.jpg,https://www.goodreads.com/book/show/198177.Sundays_at_Moosewood_Restaurant,Goodreads web scraping,general cooking,137
Essential Pépin: More Than 700 All-Time Favorites from My Life in Food,Jacques Pépin,4.48,1037.0,,,general cooking | cookbooks | cooking | food and drink,eng,https://i.gr-assets.com/images/S/compressed.photo.goodreads.com/books/1318916129i/12295634._SX50_.jpg,https://www.goodreads.com/book/show/12295634-essential-p-pin,Goodreads web scraping,general cooking,138
Cooking Light Annual Recipes 2009: Every Recipe...A Year's Worth of Cooking Light Magazine,Cooking Light,3.81,63.0,,,general cooking | cookbooks | cooking | food and drink,eng,https://i.gr-assets.com/images/S/compressed.photo.goodreads.com/books/1312051336i/5541448._SX50_.jpg,https://www.goodreads.com/book/show/5541448-cooking-light-annual-recipes-2009,Goodreads web scraping,general cooking,139
A Mediterranean Feast: The Story Of The Birth Of The Celebrated Cuisines Of The Mediterranean:  From The Merchants Of Venice To The Barbary Corsairs,Clifford A. Wright,4.33,199.0,,,world cuisines | cookbooks | cooking | food and drink,eng,https://i.gr-assets.com/images/S/compressed.photo.goodreads.com/books/1347846538i/615320._SX50_.jpg,https://www.goodreads.com/book/show/615320.A_Mediterranean_Feast,Goodreads web scraping,world cuisines,140
In Julia's Kitchen with Master Chefs,Julia Child,4.2,103.0,,,food science and technique | cookbooks | cooking | food and drink,eng,https://i.gr-assets.com/images/S/compressed.photo.goodreads.com/books/1387711403i/953360._SX50_.jpg,https://www.goodreads.com/book/show/953360.In_Julia_s_Kitchen_with_Master_Chefs,Goodreads web scraping,food science and technique,141
The Frugal Gourmet,Jeff  Smith,3.81,3387.0,,,general cooking | cookbooks | cooking | food and drink,eng,https://i.gr-assets.com/images/S/compressed.photo.goodreads.com/books/1387715710i/162214._SX50_.jpg,https://www.goodreads.com/book/show/162214.The_Frugal_Gourmet,Goodreads web scraping,general cooking,142
The Frugal Gourmet on Our Immigrant Ancestors: Recipes You Should Have Gotten from Your Grandmother,Jeff  Smith,3.92,1462.0,,,general cooking | cookbooks | cooking | food and drink,eng,https://i.gr-assets.com/images/S/compressed.photo.goodreads.com/books/1441228018i/773171._SY75_.jpg,https://www.goodreads.com/book/show/773171.The_Frugal_Gourmet_on_Our_Immigrant_Ancestors,Goodreads web scraping,general cooking,143
The Greens Cookbook: Extraordinary Vegetarian Cuisine from the Celebrated Restaurant,Deborah Madison,4.14,1360.0,,,vegetarian and plant based | cookbooks | cooking | food and drink,eng,https://i.gr-assets.com/images/S/compressed.photo.goodreads.com/books/1388250725i/340165._SX50_.jpg,https://www.goodreads.com/book/show/340165.The_Greens_Cookbook,Goodreads web scraping,vegetarian and plant based,144
Madhur Jaffrey Indian Cooking,Madhur Jaffrey,4.26,2005.0,,,world cuisines | cookbooks | cooking | food and drink,eng,https://i.gr-assets.com/images/S/compressed.photo.goodreads.com/books/1386925428i/75385._SX50_.jpg,https://www.goodreads.com/book/show/75385.Madhur_Jaffrey_Indian_Cooking,Goodreads web scraping,world cuisines,144
Forever Summer,Nigella Lawson,4.02,4642.0,,,general cooking | cookbooks | cooking | food and drink,eng,https://i.gr-assets.com/images/S/compressed.photo.goodreads.com/books/1348466072i/39543._SX50_.jpg,https://www.goodreads.com/book/show/39543.Forever_Summer,Goodreads web scraping,general cooking,146
"How to Bake: Complete Guide to Perfect Cakes, Cookies, Pies, Tarts, Breads, Pizzas, Muffins,",Nick Malgieri,4.16,640.0,,,baking and desserts | cookbooks | cooking | food and drink,eng,https://i.gr-assets.com/images/S/compressed.photo.goodreads.com/books/1348805856i/119745._SX50_.jpg,https://www.goodreads.com/book/show/119745.How_to_Bake,Goodreads web scraping,baking and desserts,147
Fields of Greens: New Vegetarian Recipes From The Celebrated Greens Restaurant,Annie Somerville,4.06,180.0,,,vegetarian and plant based | cookbooks | cooking | food and drink,eng,https://i.gr-assets.com/images/S/compressed.photo.goodreads.com/books/1773838378i/1466593._SX50_.jpg,https://www.goodreads.com/book/show/1466593.Fields_of_Greens,Goodreads web scraping,vegetarian and plant based,148
The Cake Bible,Rose Levy Beranbaum,4.23,11804.0,,,baking and desserts | cookbooks | cooking | food and drink,eng,https://i.gr-assets.com/images/S/compressed.photo.goodreads.com/books/1348092602i/153136._SX50_.jpg,https://www.goodreads.com/book/show/153136.The_Cake_Bible,Goodreads web scraping,baking and desserts,149
"The Crockin' Girls Slow Cookin' Companion: Yummy Recipes from Family, Friends, and Our Crockin' Community",Nicole; Marwitz Sparks,4.03,205.0,,,general cooking | cookbooks | cooking | food and drink,eng,https://i.gr-assets.com/images/S/compressed.photo.goodreads.com/books/1340740930i/13829519._SX50_.jpg,https://www.goodreads.com/book/show/13829519-the-crockin-girls-slow-cookin-companion,Goodreads web scraping,general cooking,150
"Slow Cooker Recipes Cookbook: Easy, Healthy and Delicious Recipes",Clark Weber,4.18,136.0,,,nutrition and healthy eating | cookbooks | cooking | food and drink,eng,https://i.gr-assets.com/images/S/compressed.photo.goodreads.com/books/1485173894i/33971712._SY75_.jpg,https://www.goodreads.com/book/show/33971712-slow-cooker-recipes-cookbook,Goodreads web scraping,nutrition and healthy eating,150
"The NYC Kitchen Cookbook: 150 Recipes Inspired by the Specialty Food Shops, Spice Stores, and Markets of New York City",Tracey Ceurvels,4.05,22.0,,,general cooking | cookbooks | cooking | food and drink,eng,https://i.gr-assets.com/images/S/compressed.photo.goodreads.com/books/1476987104i/31213263._SX50_.jpg,https://www.goodreads.com/book/show/31213263-the-nyc-kitchen-cookbook,Goodreads web scraping,general cooking,150
The New York Times Cook Book,Craig Claiborne,4.07,4560.0,,,general cooking | cookbooks | cooking | food and drink,eng,https://i.gr-assets.com/images/S/compressed.photo.goodreads.com/books/1347246529i/29872._SX50_.jpg,https://www.goodreads.com/book/show/29872.The_New_York_Times_Cook_Book,Goodreads web scraping,general cooking,153
Looneyspoons,Janet Podleski,4.38,817.0,,,general cooking | cookbooks | cooking | food and drink,eng,https://i.gr-assets.com/images/S/compressed.photo.goodreads.com/books/1180267250i/1017048._SX50_.jpg,https://www.goodreads.com/book/show/1017048.Looneyspoons,Goodreads web scraping,general cooking,154
Miss Dahl's Voluptuous Delights,Sophie Dahl,3.87,1732.0,,,general cooking | cookbooks | cooking | food and drink,eng,https://i.gr-assets.com/images/S/compressed.photo.goodreads.com/books/1347490026i/3093075._SX50_.jpg,https://www.goodreads.com/book/show/3093075-miss-dahl-s-voluptuous-delights,Goodreads web scraping,general cooking,154
Appetite for Reduction: 125 Fast and Filling Low-Fat Vegan Recipes,Isa Chandra Moskowitz,3.93,7752.0,,,vegetarian and plant based | cookbooks | cooking | food and drink,eng,https://i.gr-assets.com/images/S/compressed.photo.goodreads.com/books/1279843270i/8070469._SX50_.jpg,https://www.goodreads.com/book/show/8070469-appetite-for-reduction,Goodreads web scraping,vegetarian and plant based,156
The Foods and Wines of Spain: A Cookbook,Penelope Casas,4.32,189.0,,,beverages | cookbooks | cooking | food and drink,eng,https://i.gr-assets.com/images/S/compressed.photo.goodreads.com/books/1320445433i/120144._SY75_.jpg,https://www.goodreads.com/book/show/120144.The_Foods_and_Wines_of_Spain,Goodreads web scraping,beverages,157
The Garden of Vegan: How It All Vegan Again!,Tanya Barnard,3.82,2561.0,,,vegetarian and plant based | cookbooks | cooking | food and drink,eng,https://i.gr-assets.com/images/S/compressed.photo.goodreads.com/books/1384949660i/48314._SX50_.jpg,https://www.goodreads.com/book/show/48314.The_Garden_of_Vegan,Goodreads web scraping,vegetarian and plant based,158
Natural Harvest - A Collection of Semen-Based Recipes,"Paul ""Fotie"" Photenhauer",3.97,137.0,,,general cooking | cookbooks | cooking | food and drink,eng,https://i.gr-assets.com/images/S/compressed.photo.goodreads.com/books/1227264355i/5830947._SX50_.jpg,https://www.goodreads.com/book/show/5830947-natural-harvest---a-collection-of-semen-based-recipes,Goodreads web scraping,general cooking,159
The Lady & Sons Just Desserts: More Than 120 Sweet Temptations from Savannah's Favorite Restaurant,Paula H. Deen,4.15,2839.0,,,baking and desserts | cookbooks | cooking | food and drink,eng,https://i.gr-assets.com/images/S/compressed.photo.goodreads.com/books/1441587675i/67656._SX50_.jpg,https://www.goodreads.com/book/show/67656.The_Lady_Sons_Just_Desserts,Goodreads web scraping,baking and desserts,160
Perfect Recipes for Having People Over,Pam Anderson,4.05,263.0,,,general cooking | cookbooks | cooking | food and drink,eng,https://i.gr-assets.com/images/S/compressed.photo.goodreads.com/books/1349062010i/157704._SX50_.jpg,https://www.goodreads.com/book/show/157704.Perfect_Recipes_for_Having_People_Over,Goodreads web scraping,general cooking,161
Apples for Jam: A Colorful Cookbook,Tessa Kiros,4.02,1476.0,,,general cooking | cookbooks | cooking | food and drink,eng,https://i.gr-assets.com/images/S/compressed.photo.goodreads.com/books/1349061290i/1695464._SX50_.jpg,https://www.goodreads.com/book/show/1695464.Apples_for_Jam,Goodreads web scraping,general cooking,161
Falling Cloudberries: A World of Family Recipes,Tessa Kiros,3.97,2512.0,,,general cooking | cookbooks | cooking | food and drink,eng,https://i.gr-assets.com/images/S/compressed.photo.goodreads.com/books/1387729321i/1664368._SX50_.jpg,https://www.goodreads.com/book/show/1664368.Falling_Cloudberries,Goodreads web scraping,general cooking,163
Mastering the Art of French Cooking: Vol. 1,Julia Child,4.39,1832.0,,,world cuisines | cookbooks | cooking | food and drink,eng,https://i.gr-assets.com/images/S/compressed.photo.goodreads.com/books/1388190529i/1232967._SX50_.jpg,https://www.goodreads.com/book/show/1232967.Mastering_the_Art_of_French_Cooking,Goodreads web scraping,world cuisines,163
Baking: From My Home to Yours,Dorie Greenspan,4.22,18208.0,,,baking and desserts | cookbooks | cooking | food and drink,eng,https://i.gr-assets.com/images/S/compressed.photo.goodreads.com/books/1439765067i/184644._SX50_.jpg,https://www.goodreads.com/book/show/184644.Baking,Goodreads web scraping,baking and desserts,165
The Tassajara Bread Book,Edward Espe Brown,4.06,4690.0,,,baking and desserts | cookbooks | cooking | food and drink,eng,https://i.gr-assets.com/images/S/compressed.photo.goodreads.com/books/1266543030i/396759._SY75_.jpg,https://www.goodreads.com/book/show/396759.The_Tassajara_Bread_Book,Goodreads web scraping,baking and desserts,166
Every Day's a Party: Louisiana Recipes For Celebrating With Family And Friends,Emeril Lagasse,3.79,133.0,,,general cooking | cookbooks | cooking | food and drink,eng,https://i.gr-assets.com/images/S/compressed.photo.goodreads.com/books/1348160722i/735974._SX50_.jpg,https://www.goodreads.com/book/show/735974.Every_Day_s_a_Party,Goodreads web scraping,general cooking,167
Rose's Heavenly Cakes,Rose Levy Beranbaum,4.28,3579.0,,,baking and desserts | cookbooks | cooking | food and drink,eng,https://i.gr-assets.com/images/S/compressed.photo.goodreads.com/books/1360056543i/6080839._SX50_.jpg,https://www.goodreads.com/book/show/6080839-rose-s-heavenly-cakes,Goodreads web scraping,baking and desserts,167
"Cook's Illustrated Cookbook: 2,000 Recipes from 20 Years of America's Most Trusted Cooking Magazine",Cook's Illustrated,4.51,2445.0,,,general cooking | cookbooks | cooking | food and drink,eng,https://i.gr-assets.com/images/S/compressed.photo.goodreads.com/books/1327941699i/12470265._SX50_.jpg,https://www.goodreads.com/book/show/12470265-cook-s-illustrated-cookbook,Goodreads web scraping,general cooking,169
Tyler's Ultimate: Brilliant Simple Food to Make Any Time,Tyler Florence,4.09,3748.0,,,quick and practical cooking | cookbooks | cooking | food and drink,eng,https://i.gr-assets.com/images/S/compressed.photo.goodreads.com/books/1388245752i/1196._SX50_.jpg,https://www.goodreads.com/book/show/1196.Tyler_s_Ultimate,Goodreads web scraping,quick and practical cooking,170
Authentic Mexican: Regional Cooking from the Heart of Mexico,Rick Bayless,4.2,1849.0,,,world cuisines | cookbooks | cooking | food and drink,eng,https://i.gr-assets.com/images/S/compressed.photo.goodreads.com/books/1387742623i/772683._SX50_.jpg,https://www.goodreads.com/book/show/772683.Authentic_Mexican,Goodreads web scraping,world cuisines,170
"Spain, The Cookbook",Simone Ortega,3.98,852.0,,,general cooking | cookbooks | cooking | food and drink,eng,https://i.gr-assets.com/images/S/compressed.photo.goodreads.com/books/1348831238i/1895317._SX50_.jpg,https://www.goodreads.com/book/show/1895317.Spain_The_Cookbook,Goodreads web scraping,general cooking,172
Delia Smith's Christmas: 130 Recipes for Christmas,Delia Smith,4.32,510.0,,,general cooking | cookbooks | cooking | food and drink,eng,https://i.gr-assets.com/images/S/compressed.photo.goodreads.com/books/1387716409i/1761009._SX50_.jpg,https://www.goodreads.com/book/show/1761009.Delia_Smith_s_Christmas,Goodreads web scraping,general cooking,173
Martha Stewart's Baking Handbook,Martha Stewart,4.09,8793.0,,,baking and desserts | cookbooks | cooking | food and drink,eng,https://i.gr-assets.com/images/S/compressed.photo.goodreads.com/books/1320431664i/135875._SX50_.jpg,https://www.goodreads.com/book/show/135875.Martha_Stewart_s_Baking_Handbook,Goodreads web scraping,baking and desserts,173
Talk About Good Cookbook,Junior league of Lafayette,4.43,167.0,,,general cooking | cookbooks | cooking | food and drink,eng,https://i.gr-assets.com/images/S/compressed.photo.goodreads.com/books/1347658821i/268113._SX50_.jpg,https://www.goodreads.com/book/show/268113.Talk_About_Good_Cookbook,Goodreads web scraping,general cooking,175
The Best 30-minute Recipe: A Best Recipe Classic,Cook's Illustrated,4.13,1455.0,,,quick and practical cooking | cookbooks | cooking | food and drink,eng,https://i.gr-assets.com/images/S/compressed.photo.goodreads.com/books/1348277340i/32156._SX50_.jpg,https://www.goodreads.com/book/show/32156.The_Best_30_minute_Recipe,Goodreads web scraping,quick and practical cooking,176
The Encyclopedia of Cajun & Creole Cuisine,John D. Folse,4.71,238.0,,,general cooking | cookbooks | cooking | food and drink,eng,https://i.gr-assets.com/images/S/compressed.photo.goodreads.com/books/1387711006i/547717._SX50_.jpg,https://www.goodreads.com/book/show/547717.The_Encyclopedia_of_Cajun_Creole_Cuisine,Goodreads web scraping,general cooking,177
Momofuku,David Chang,3.93,14650.0,,,general cooking | cookbooks | cooking | food and drink,eng,https://i.gr-assets.com/images/S/compressed.photo.goodreads.com/books/1320474068i/6487388._SX50_.jpg,https://www.goodreads.com/book/show/6487388-momofuku,Goodreads web scraping,general cooking,178
Heston Blumenthal: In Search of Perfection: Reinventing Kitchen Classics,Heston Blumenthal,4.16,302.0,,,general cooking | cookbooks | cooking | food and drink,eng,https://i.gr-assets.com/images/S/compressed.photo.goodreads.com/books/1388328768i/384281._SX50_.jpg,https://www.goodreads.com/book/show/384281.Heston_Blumenthal,Goodreads web scraping,general cooking,179
Bobby Flay's Bold American Food,Bobby Flay,4.15,101.0,,,general cooking | cookbooks | cooking | food and drink,eng,https://i.gr-assets.com/images/S/compressed.photo.goodreads.com/books/1344267660i/405534._SX50_.jpg,https://www.goodreads.com/book/show/405534.Bobby_Flay_s_Bold_American_Food,Goodreads web scraping,general cooking,180
Square Meals: America's Favorite Comfort Cookbook,Jane Stern,4.3,135.0,,,general cooking | cookbooks | cooking | food and drink,eng,https://i.gr-assets.com/images/S/compressed.photo.goodreads.com/books/1387741029i/1531778._SY75_.jpg,https://www.goodreads.com/book/show/1531778.Square_Meals,Goodreads web scraping,general cooking,181
The Big Fat Duck Cookbook [Import Edition],Heston Blumenthal,4.56,136.0,,,general cooking | cookbooks | cooking | food and drink,eng,https://i.gr-assets.com/images/S/compressed.photo.goodreads.com/books/1348040962i/3158083._SX50_.jpg,https://www.goodreads.com/book/show/3158083-the-big-fat-duck-cookbook-import-edition,Goodreads web scraping,general cooking,182
Frank Stitt's Southern Table,Frank Stitt,4.28,293.0,,,general cooking | cookbooks | cooking | food and drink,eng,https://i.gr-assets.com/images/S/compressed.photo.goodreads.com/books/1404582066i/70773._SX50_.jpg,https://www.goodreads.com/book/show/70773.Frank_Stitt_s_Southern_Table,Goodreads web scraping,general cooking,183
Chez Panisse Vegetables,Alice Waters,4.08,3113.0,,,vegetarian and plant based | cookbooks | cooking | food and drink,eng,https://i.gr-assets.com/images/S/compressed.photo.goodreads.com/books/1407106339i/152706._SX50_.jpg,https://www.goodreads.com/book/show/152706.Chez_Panisse_Vegetables,Goodreads web scraping,vegetarian and plant based,184
Recipes for a Small Planet,Ellen Buchman Ewald,3.89,1301.0,,,general cooking | cookbooks | cooking | food and drink,eng,https://i.gr-assets.com/images/S/compressed.photo.goodreads.com/books/1388624563i/77010._SY75_.jpg,https://www.goodreads.com/book/show/77010.Recipes_for_a_Small_Planet,Goodreads web scraping,general cooking,185
Hot Sour Salty Sweet: A Culinary Journey Through Southeast Asia,Jeffrey Alford,4.15,1877.0,,,food science and technique | cookbooks | cooking | food and drink,eng,https://i.gr-assets.com/images/S/compressed.photo.goodreads.com/books/1371438058i/97658._SX50_.jpg,https://www.goodreads.com/book/show/97658.Hot_Sour_Salty_Sweet,Goodreads web scraping,food science and technique,186
More Best Recipes,Cook's Illustrated,4.39,72.0,,,general cooking | cookbooks | cooking | food and drink,eng,https://i.gr-assets.com/images/S/compressed.photo.goodreads.com/books/1348352042i/6796465._SX50_.jpg,https://www.goodreads.com/book/show/6796465-more-best-recipes,Goodreads web scraping,general cooking,187
"The Cooking of the Eastern Mediterranean: 215 Healthy, Vibrant, and Inspired Recipes",Paula Wolfert,4.15,328.0,,,nutrition and healthy eating | cookbooks | cooking | food and drink,eng,https://i.gr-assets.com/images/S/compressed.photo.goodreads.com/books/1348547027i/509304._SX50_.jpg,https://www.goodreads.com/book/show/509304.The_Cooking_of_the_Eastern_Mediterranean,Goodreads web scraping,nutrition and healthy eating,188
Horn of the Moon Cookbook,Ginny Callan,4.1,301.0,,,general cooking | cookbooks | cooking | food and drink,eng,https://i.gr-assets.com/images/S/compressed.photo.goodreads.com/books/1180633779i/1059678._SX50_.jpg,https://www.goodreads.com/book/show/1059678.Horn_of_the_Moon_Cookbook,Goodreads web scraping,general cooking,189
The Naked Chef Takes Off,Jamie Oliver,4.02,3995.0,,,food science and technique | cookbooks | cooking | food and drink,eng,https://i.gr-assets.com/images/S/compressed.photo.goodreads.com/books/1390621871i/155476._SX50_.jpg,https://www.goodreads.com/book/show/155476.The_Naked_Chef_Takes_Off,Goodreads web scraping,food science and technique,190
Martha Stewart's Cookies: The Very Best Treats to Bake and to Share,Martha Stewart,4.1,20100.0,,,baking and desserts | cookbooks | cooking | food and drink,eng,https://i.gr-assets.com/images/S/compressed.photo.goodreads.com/books/1320457250i/2176873._SX50_.jpg,https://www.goodreads.com/book/show/2176873.Martha_Stewart_s_Cookies,Goodreads web scraping,baking and desserts,191
Keeping Up Cookbook,Grace Ivory Rock,4.8,25.0,,,general cooking | cookbooks | cooking | food and drink,eng,https://i.gr-assets.com/images/S/compressed.photo.goodreads.com/books/1279651473i/8607287._SX50_.jpg,https://www.goodreads.com/book/show/8607287-keeping-up-cookbook,Goodreads web scraping,general cooking,192
"The Farmer's Cookbook: A Back to Basics Guide to Making Cheese, Curing Meat, Preserving Produce, Baking Bread, Fermenting, and More (Handbook Series)",Marie W. Lawrence,3.9,50.0,,,baking and desserts | cookbooks | cooking | food and drink,eng,https://i.gr-assets.com/images/S/compressed.photo.goodreads.com/books/1390433814i/11358607._SX50_.jpg,https://www.goodreads.com/book/show/11358607-the-farmer-s-cookbook,Goodreads web scraping,baking and desserts,192
"The Kind Diet: A Simple Guide to Feeling Great, Losing Weight, and Saving the Planet",Alicia Silverstone,3.83,9859.0,,,nutrition and healthy eating | cookbooks | cooking | food and drink,eng,https://i.gr-assets.com/images/S/compressed.photo.goodreads.com/books/1442928153i/6780824._SX50_.jpg,https://www.goodreads.com/book/show/6780824-the-kind-diet,Goodreads web scraping,nutrition and healthy eating,194
Fairytale Food Safari,Angela  Stafford,5.0,10.0,,,general cooking | cookbooks | cooking | food and drink,eng,https://i.gr-assets.com/images/S/compressed.photo.goodreads.com/books/1373665853i/18189137._SX50_.jpg,https://www.goodreads.com/book/show/18189137-fairytale-food-safari,Goodreads web scraping,general cooking,194
Weber's Big Book of Grilling,Jamie Purviance,4.3,533.0,,,general cooking | cookbooks | cooking | food and drink,eng,https://i.gr-assets.com/images/S/compressed.photo.goodreads.com/books/1442957313i/320433._SX50_.jpg,https://www.goodreads.com/book/show/320433.Weber_s_Big_Book_of_Grilling,Goodreads web scraping,general cooking,196
50 Great Curries of India,Camellia Panjabi,4.2,386.0,,,general cooking | cookbooks | cooking | food and drink,eng,https://i.gr-assets.com/images/S/compressed.photo.goodreads.com/books/1386922327i/31573._SX50_.jpg,https://www.goodreads.com/book/show/31573.50_Great_Curries_of_India,Goodreads web scraping,general cooking,197
Summer Cooking (New York Review Books Classics),Elizabeth David,4.15,226.0,,,general cooking | cookbooks | cooking | food and drink,eng,https://i.gr-assets.com/images/S/compressed.photo.goodreads.com/books/1320522135i/726146._SY75_.jpg,https://www.goodreads.com/book/show/726146.Summer_Cooking,Goodreads web scraping,general cooking,198
Joy the Baker Cookbook: 100 Simple and Comforting Recipes,Joy  Wilson,4.1,3596.0,,,baking and desserts | cookbooks | cooking | food and drink,eng,https://i.gr-assets.com/images/S/compressed.photo.goodreads.com/books/1321981185i/12986251._SX50_.jpg,https://www.goodreads.com/book/show/12986251-joy-the-baker-cookbook,Goodreads web scraping,baking and desserts,198
Every Day,Bill  Granger,4.05,154.0,,,general cooking | cookbooks | cooking | food and drink,eng,https://i.gr-assets.com/images/S/compressed.photo.goodreads.com/books/1348888970i/872710._SX50_.jpg,https://www.goodreads.com/book/show/872710.Every_Day,Goodreads web scraping,general cooking,200
In the Sweet Kitchen: The Definitive Baker's Companion,Regan Daley,4.19,290.0,,,baking and desserts | cookbooks | cooking | food and drink,eng,https://i.gr-assets.com/images/S/compressed.photo.goodreads.com/books/1387653097i/397767._SX50_.jpg,https://www.goodreads.com/book/show/397767.In_the_Sweet_Kitchen,Goodreads web scraping,baking and desserts,200
On Cooking: A Textbook of Culinary Fundamentals,Sarah R. Labensky,4.39,732.0,,,food science and technique | cookbooks | cooking | food and drink,eng,https://i.gr-assets.com/images/S/compressed.photo.goodreads.com/books/1387701072i/155963._SX50_.jpg,https://www.goodreads.com/book/show/155963.On_Cooking,Goodreads web scraping,food science and technique,202
Lidia's Family Table,Lidia Matticchio Bastianich,4.25,574.0,,,general cooking | cookbooks | cooking | food and drink,eng,https://i.gr-assets.com/images/S/compressed.photo.goodreads.com/books/1388178431i/22966._SX50_.jpg,https://www.goodreads.com/book/show/22966.Lidia_s_Family_Table,Goodreads web scraping,general cooking,202
From Amish and Mennonite Kitchens,Phyllis Pellman Good,4.14,66.0,,,general cooking | cookbooks | cooking | food and drink,eng,https://i.gr-assets.com/images/S/compressed.photo.goodreads.com/books/1369085913i/943039._SX50_.jpg,https://www.goodreads.com/book/show/943039.From_Amish_and_Mennonite_Kitchens,Goodreads web scraping,general cooking,204
Desserts to Die for,Marcel Desaulniers,4.1,60.0,,,baking and desserts | cookbooks | cooking | food and drink,eng,https://i.gr-assets.com/images/S/compressed.photo.goodreads.com/books/1387736829i/904308._SX50_.jpg,https://www.goodreads.com/book/show/904308.Desserts_to_Die_for,Goodreads web scraping,baking and desserts,204
The Complete book of baking / Pillsbury,Editor,4.61,101.0,,,baking and desserts | cookbooks | cooking | food and drink,eng,https://i.gr-assets.com/images/S/compressed.photo.goodreads.com/books/1267005389i/3871160._SX50_.jpg,https://www.goodreads.com/book/show/3871160-the-complete-book-of-baking-pillsbury,Goodreads web scraping,baking and desserts,204
The Science of Good Cooking: Master 50 Simple Concepts to Enjoy a Lifetime of Success in the Kitchen,Cook's Illustrated,4.44,3186.0,,,food science and technique | cookbooks | cooking | food and drink,eng,https://i.gr-assets.com/images/S/compressed.photo.goodreads.com/books/1350473300i/14636971._SX50_.jpg,https://www.goodreads.com/book/show/14636971-the-science-of-good-cooking,Goodreads web scraping,food science and technique,204
"Cucina Fresca: Italian Food, Simply Prepared – Vivid American Culinary Style Meets Fresh, Earthy Italian Traditions",Viana La Place,4.3,47.0,,,world cuisines | cookbooks | cooking | food and drink,eng,https://i.gr-assets.com/images/S/compressed.photo.goodreads.com/books/1157833082i/1185._SX50_.jpg,https://www.goodreads.com/book/show/1185.Cucina_Fresca,Goodreads web scraping,world cuisines,208
"Rachael Ray 2, 4, 6, 8: Great Meals for Couples or Crowds",Rachael Ray,3.83,1552.0,,,general cooking | cookbooks | cooking | food and drink,eng,https://i.gr-assets.com/images/S/compressed.photo.goodreads.com/books/1388254408i/71802._SX50_.jpg,https://www.goodreads.com/book/show/71802.Rachael_Ray_2_4_6_8,Goodreads web scraping,general cooking,208
"Linda McCartney's Home Cooking: Quick, Easy, and Economical Vegetarian Dishes for Today",Linda McCartney,3.97,114.0,,,vegetarian and plant based | cookbooks | cooking | food and drink,eng,https://i.gr-assets.com/images/S/compressed.photo.goodreads.com/books/1347583762i/1019108._SX50_.jpg,https://www.goodreads.com/book/show/1019108.Linda_McCartney_s_Home_Cooking,Goodreads web scraping,vegetarian and plant based,208
"The All New Ultimate Southern Living Cookbook: Over 1,250 of Our Best Recipes",Southern Living Inc.,4.45,458.0,,,general cooking | cookbooks | cooking | food and drink,eng,https://i.gr-assets.com/images/S/compressed.photo.goodreads.com/books/1312047588i/104312._SX50_.jpg,https://www.goodreads.com/book/show/104312.The_All_New_Ultimate_Southern_Living_Cookbook,Goodreads web scraping,general cooking,211
Real Fast Food,Nigel Slater,4.15,1413.0,,,general cooking | cookbooks | cooking | food and drink,eng,https://i.gr-assets.com/images/S/compressed.photo.goodreads.com/books/1391231222i/71956._SY75_.jpg,https://www.goodreads.com/book/show/71956.Real_Fast_Food,Goodreads web scraping,general cooking,211
Relaxed Cooking with Curtis Stone: Recipes to Put You in My Favorite Mood,Curtis Stone,3.86,187.0,,,general cooking | cookbooks | cooking | food and drink,eng,https://i.gr-assets.com/images/S/compressed.photo.goodreads.com/books/1431486009i/6314635._SX50_.jpg,https://www.goodreads.com/book/show/6314635-relaxed-cooking-with-curtis-stone,Goodreads web scraping,general cooking,213
The Lee Bros. Southern Cookbook: Stories and Recipes for Southerners and Would-be Southerners,Matt Lee,4.04,806.0,,,general cooking | cookbooks | cooking | food and drink,eng,https://i.gr-assets.com/images/S/compressed.photo.goodreads.com/books/1434337495i/269987._SX50_.jpg,https://www.goodreads.com/book/show/269987.The_Lee_Bros_Southern_Cookbook,Goodreads web scraping,general cooking,214
Jamie's Great Britain,Jamie Oliver,4.06,1321.0,,,general cooking | cookbooks | cooking | food and drink,eng,https://i.gr-assets.com/images/S/compressed.photo.goodreads.com/books/1328068271i/12282889._SX50_.jpg,https://www.goodreads.com/book/show/12282889-jamie-s-great-britain,Goodreads web scraping,general cooking,214
"Isa Does It: Amazingly Easy, Wildly Delicious Vegan Recipes for Every Day of the Week",Isa Chandra Moskowitz,4.35,4670.0,,,vegetarian and plant based | cookbooks | cooking | food and drink,eng,https://i.gr-assets.com/images/S/compressed.photo.goodreads.com/books/1372680806i/17333291._SX50_.jpg,https://www.goodreads.com/book/show/17333291-isa-does-it,Goodreads web scraping,vegetarian and plant based,214
"Jamie's Food Revolution: Rediscover How to Cook Simple, Delicious, Affordable Meals",Jamie Oliver,4.14,8291.0,,,quick and practical cooking | cookbooks | cooking | food and drink,eng,https://i.gr-assets.com/images/S/compressed.photo.goodreads.com/books/1348024967i/6404708._SX50_.jpg,https://www.goodreads.com/book/show/6404708-jamie-s-food-revolution,Goodreads web scraping,quick and practical cooking,217
Tender: Volume II: A Cook's Guide to the Fruit Garden,Nigel Slater,4.37,690.0,,,general cooking | cookbooks | cooking | food and drink,eng,https://i.gr-assets.com/images/S/compressed.photo.goodreads.com/books/1348314197i/6965703._SX50_.jpg,https://www.goodreads.com/book/show/6965703-tender,Goodreads web scraping,general cooking,218
Plenty More: Vibrant Vegetable Cooking from London's Ottolenghi,Yotam Ottolenghi,3.91,12395.0,,,vegetarian and plant based | cookbooks | cooking | food and drink,eng,https://i.gr-assets.com/images/S/compressed.photo.goodreads.com/books/1411338166i/20691056._SX50_.jpg,https://www.goodreads.com/book/show/20691056-plenty-more,Goodreads web scraping,vegetarian and plant based,218
Love Soup: 160 All-New Vegetarian Recipes,Anna Thomas,4.04,819.0,,,vegetarian and plant based | cookbooks | cooking | food and drink,eng,https://i.gr-assets.com/images/S/compressed.photo.goodreads.com/books/1362961036i/6435496._SX50_.jpg,https://www.goodreads.com/book/show/6435496-love-soup,Goodreads web scraping,vegetarian and plant based,220
Puerto Rican Cookery,Carmen Aboy Valldejuli,4.47,347.0,,,general cooking | cookbooks | cooking | food and drink,eng,https://i.gr-assets.com/images/S/compressed.photo.goodreads.com/books/1348113934i/714539._SX50_.jpg,https://www.goodreads.com/book/show/714539.Puerto_Rican_Cookery,Goodreads web scraping,general cooking,221
Around My French Table: More than 300 Recipes from My Home to Yours,Dorie Greenspan,4.14,5799.0,,,world cuisines | cookbooks | cooking | food and drink,eng,https://i.gr-assets.com/images/S/compressed.photo.goodreads.com/books/1648811969i/7847439._SX50_.jpg,https://www.goodreads.com/book/show/7847439-around-my-french-table,Goodreads web scraping,world cuisines,222
The Vegetarian Epicure Book Two,Anna Thomas,4.06,589.0,,,vegetarian and plant based | cookbooks | cooking | food and drink,eng,https://i.gr-assets.com/images/S/compressed.photo.goodreads.com/books/1387707978i/396752._SX50_.jpg,https://www.goodreads.com/book/show/396752.The_Vegetarian_Epicure_Book_Two,Goodreads web scraping,vegetarian and plant based,223
Aphrodite: A Memoir of the Senses,Isabel Allende,3.63,7016.0,,,general cooking | cookbooks | cooking | food and drink,eng,https://i.gr-assets.com/images/S/compressed.photo.goodreads.com/books/1407709813i/16530._SY75_.jpg,https://www.goodreads.com/book/show/16530.Aphrodite,Goodreads web scraping,general cooking,224
Lidia's Italian-American Kitchen: A Cookbook,Lidia Matticchio Bastianich,4.27,1261.0,,,world cuisines | cookbooks | cooking | food and drink,eng,https://i.gr-assets.com/images/S/compressed.photo.goodreads.com/books/1441254344i/19557._SX50_.jpg,https://www.goodreads.com/book/show/19557.Lidia_s_Italian_American_Kitchen,Goodreads web scraping,world cuisines,224
Outlander Kitchen: The Official Outlander Companion Cookbook,Theresa Carle-Sanders,4.3,1914.0,,,general cooking | cookbooks | cooking | food and drink,eng,https://i.gr-assets.com/images/S/compressed.photo.goodreads.com/books/1498058925i/26832930._SX50_.jpg,https://www.goodreads.com/book/show/26832930-outlander-kitchen,Goodreads web scraping,general cooking,224
Lidia Cooks from the Heart of Italy: A Feast of 175 Regional Recipes,Lidia Matticchio Bastianich,4.21,490.0,,,general cooking | cookbooks | cooking | food and drink,eng,https://i.gr-assets.com/images/S/compressed.photo.goodreads.com/books/1279835280i/8620258._SX50_.jpg,https://www.goodreads.com/book/show/8620258-lidia-cooks-from-the-heart-of-italy,Goodreads web scraping,general cooking,227
Jane Brody's Good Food Book: Living the High-Carbohydrate Way,Jane E. Brody,4.03,273.0,,,general cooking | cookbooks | cooking | food and drink,eng,https://i.gr-assets.com/images/S/compressed.photo.goodreads.com/books/1347633932i/6383134._SX50_.jpg,https://www.goodreads.com/book/show/6383134-jane-brody-s-good-food-book,Goodreads web scraping,general cooking,228
Super Natural Every Day: Well-Loved Recipes from My Natural Foods Kitchen,Heidi Swanson,3.86,9811.0,,,general cooking | cookbooks | cooking | food and drink,eng,https://i.gr-assets.com/images/S/compressed.photo.goodreads.com/books/1347784316i/9326166._SX50_.jpg,https://www.goodreads.com/book/show/9326166-super-natural-every-day,Goodreads web scraping,general cooking,228
"The Foster's Market Cookbook: Favorite Recipes for Morning, Noon, and Night",Sara  Foster,4.25,244.0,,,general cooking | cookbooks | cooking | food and drink,eng,https://i.gr-assets.com/images/S/compressed.photo.goodreads.com/books/1388391407i/388503._SX50_.jpg,https://www.goodreads.com/book/show/388503.The_Foster_s_Market_Cookbook,Goodreads web scraping,general cooking,230
"Wild Fermentation: The Flavor, Nutrition, and Craft of Live-Culture Foods",Sandor Ellix Katz,4.38,6065.0,,,nutrition and healthy eating | cookbooks | cooking | food and drink,eng,https://i.gr-assets.com/images/S/compressed.photo.goodreads.com/books/1415589337i/109800._SX50_.jpg,https://www.goodreads.com/book/show/109800.Wild_Fermentation,Goodreads web scraping,nutrition and healthy eating,231
Lidia's Italian Table: More Than 200 Recipes From The First Lady Of Italian Cooking,Lidia Matticchio Bastianich,4.21,145.0,,,world cuisines | cookbooks | cooking | food and drink,eng,https://i.gr-assets.com/images/S/compressed.photo.goodreads.com/books/1348111212i/864098._SX50_.jpg,https://www.goodreads.com/book/show/864098.Lidia_s_Italian_Table,Goodreads web scraping,world cuisines,232
The Best of Southern Living Cookbook: Over 500 of Our All-Time Favorite Recipes,Southern Living Inc.,4.32,53.0,,,general cooking | cookbooks | cooking | food and drink,eng,https://i.gr-assets.com/images/S/compressed.photo.goodreads.com/books/1312058868i/6102020._SX50_.jpg,https://www.goodreads.com/book/show/6102020-the-best-of-southern-living-cookbook,Goodreads web scraping,general cooking,232
The Best Recipe: Soups & Stews,Cook's Illustrated,4.12,113.0,,,general cooking | cookbooks | cooking | food and drink,eng,https://i.gr-assets.com/images/S/compressed.photo.goodreads.com/books/1178031204i/750850._SX50_.jpg,https://www.goodreads.com/book/show/750850.The_Best_Recipe,Goodreads web scraping,general cooking,234
Nigella Kitchen: Recipes from the Heart of the Home,Nigella Lawson,4.17,5508.0,,,general cooking | cookbooks | cooking | food and drink,eng,https://i.gr-assets.com/images/S/compressed.photo.goodreads.com/books/1395175099i/8433784._SX50_.jpg,https://www.goodreads.com/book/show/8433784-nigella-kitchen,Goodreads web scraping,general cooking,235
The Zuni Cafe Cookbook: A Compendium of Recipes and Cooking Lessons from San Francisco's Beloved Restaurant,Judy Rodgers,4.02,3865.0,,,general cooking | cookbooks | cooking | food and drink,eng,https://i.gr-assets.com/images/S/compressed.photo.goodreads.com/books/1386606914i/152723._SX50_.jpg,https://www.goodreads.com/book/show/152723.The_Zuni_Cafe_Cookbook,Goodreads web scraping,general cooking,236
"Greece, The Cookbook",Vefa Alexiadou,4.36,370.0,,,general cooking | cookbooks | cooking | food and drink,eng,https://i.gr-assets.com/images/S/compressed.photo.goodreads.com/books/1348997998i/6488064._SX50_.jpg,https://www.goodreads.com/book/show/6488064-greece-the-cookbook,Goodreads web scraping,general cooking,236
"The Ultimate Ice Cream Book: Over 500 Ice Creams, Sorbets, Granitas, – A Comprehensive Cookbook with Homemade Recipes and Tempting Flavors",Bruce Weinstein,4.12,687.0,,,general cooking | cookbooks | cooking | food and drink,eng,https://i.gr-assets.com/images/S/compressed.photo.goodreads.com/books/1441967961i/251607._SX50_.jpg,https://www.goodreads.com/book/show/251607.The_Ultimate_Ice_Cream_Book,Goodreads web scraping,general cooking,238
Persiana: Recipes from the Middle East & Beyond,Sabrina Ghayour,4.32,1596.0,,,general cooking | cookbooks | cooking | food and drink,eng,https://i.gr-assets.com/images/S/compressed.photo.goodreads.com/books/1394428941i/21230950._SX50_.jpg,https://www.goodreads.com/book/show/21230950-persiana,Goodreads web scraping,general cooking,238
Your Guide to Spice and Seasonings,Valeria Ray,4.06,16.0,,,general cooking | cookbooks | cooking | food and drink,eng,https://i.gr-assets.com/images/S/compressed.photo.goodreads.com/books/1600388832i/55364741._SX50_.jpg,https://www.goodreads.com/book/show/55364741-your-guide-to-spice-and-seasonings,Goodreads web scraping,general cooking,238
Seductions of Rice,Jeffrey Alford,4.24,343.0,,,general cooking | cookbooks | cooking | food and drink,eng,https://i.gr-assets.com/images/S/compressed.photo.goodreads.com/books/1405291629i/438253._SX50_.jpg,https://www.goodreads.com/book/show/438253.Seductions_of_Rice,Goodreads web scraping,general cooking,241
Delicious Deep Fryer Recipes: A Mouth Watering Selection of Foods,Daniel Humphreys,4.62,8.0,,,general cooking | cookbooks | cooking | food and drink,eng,https://i.gr-assets.com/images/S/compressed.photo.goodreads.com/books/1549815784i/43907325._SY75_.jpg,https://www.goodreads.com/book/show/43907325-delicious-deep-fryer-recipes,Goodreads web scraping,general cooking,241
Keepers: Two Home Cooks Share Their Tried-and-True Weeknight Recipes and the Secrets to Happiness in the Kitchen,Kathy Brennan,3.83,546.0,,,quick and practical cooking | cookbooks | cooking | food and drink,eng,https://i.gr-assets.com/images/S/compressed.photo.goodreads.com/books/1361639985i/13167803._SX50_.jpg,https://www.goodreads.com/book/show/13167803-keepers,Goodreads web scraping,quick and practical cooking,243
Moosewood Restaurant Celebrates: Festive Meals for Holidays and Special Occasions,The Moosewood Collective,3.9,263.0,,,general cooking | cookbooks | cooking | food and drink,eng,https://i.gr-assets.com/images/S/compressed.photo.goodreads.com/books/1172900109i/229522._SX50_.jpg,https://www.goodreads.com/book/show/229522.Moosewood_Restaurant_Celebrates,Goodreads web scraping,general cooking,244
Make a Meal with Marmite: Sweet Savory Recipes – Spread the Word; Love Marmite!,Christina Tosch,4.25,8.0,,,general cooking | cookbooks | cooking | food and drink,eng,https://i.gr-assets.com/images/S/compressed.photo.goodreads.com/books/1593966929i/54400853._SX50_.jpg,https://www.goodreads.com/book/show/54400853-make-a-meal-with-marmite,Goodreads web scraping,general cooking,244
Pillsbury: Best of the Bake-off Cookbook: 350 Recipes from Ameria's Favorite Cooking Contest,Pillsbury,3.87,124.0,,,baking and desserts | cookbooks | cooking | food and drink,eng,https://i.gr-assets.com/images/S/compressed.photo.goodreads.com/books/1442128794i/1281629._SX50_.jpg,https://www.goodreads.com/book/show/1281629.Pillsbury,Goodreads web scraping,baking and desserts,246
Sweetie Pie's Cookbook: 40 Must-Make Great American Pie Recipes,Christina Tosch,4.33,9.0,,,baking and desserts | cookbooks | cooking | food and drink,eng,https://i.gr-assets.com/images/S/compressed.photo.goodreads.com/books/1556872722i/45443755._SY75_.jpg,https://www.goodreads.com/book/show/45443755-sweetie-pie-s-cookbook,Goodreads web scraping,baking and desserts,246
Colorado Cache Cookbook: A Goldmine of Recipes,Junior League of Denver,4.35,198.0,,,general cooking | cookbooks | cooking | food and drink,eng,https://i.gr-assets.com/images/S/compressed.photo.goodreads.com/books/1387742503i/1056761._SX50_.jpg,https://www.goodreads.com/book/show/1056761.Colorado_Cache_Cookbook,Goodreads web scraping,general cooking,248
The Essential Cuisines of Mexico,Diana Kennedy,4.38,471.0,,,general cooking | cookbooks | cooking | food and drink,eng,https://i.gr-assets.com/images/S/compressed.photo.goodreads.com/books/1320393928i/290797._SX50_.jpg,https://www.goodreads.com/book/show/290797.The_Essential_Cuisines_of_Mexico,Goodreads web scraping,general cooking,249
Short n' Sweet: 40 Best Shot Glass Desserts,Christina Tosch,4.11,9.0,,,baking and desserts | cookbooks | cooking | food and drink,eng,https://i.gr-assets.com/images/S/compressed.photo.goodreads.com/books/1572599348i/48656584._SY75_.jpg,https://www.goodreads.com/book/show/48656584-short-n-sweet,Goodreads web scraping,baking and desserts,249
Maida Heatter's Book of Great Chocolate Desserts,Maida Heatter,4.46,105.0,,,baking and desserts | cookbooks | cooking | food and drink,eng,https://i.gr-assets.com/images/S/compressed.photo.goodreads.com/books/1348801541i/88467._SX50_.jpg,https://www.goodreads.com/book/show/88467.Maida_Heatter_s_Book_of_Great_Chocolate_Desserts,Goodreads web scraping,baking and desserts,251
Thai Food,David Thompson,4.22,1442.0,,,world cuisines | cookbooks | cooking | food and drink,eng,https://i.gr-assets.com/images/S/compressed.photo.goodreads.com/books/1348303945i/154051._SX50_.jpg,https://www.goodreads.com/book/show/154051.Thai_Food,Goodreads web scraping,world cuisines,251
Authentic Japanese Food Cookbook: Delicious Japanese Dishes from Popular Japanese Restaurants in Japan,Daniel Humphreys,4.11,9.0,,,world cuisines | cookbooks | cooking | food and drink,eng,https://i.gr-assets.com/images/S/compressed.photo.goodreads.com/books/1547678508i/43595385._SY75_.jpg,https://www.goodreads.com/book/show/43595385-authentic-japanese-food-cookbook,Goodreads web scraping,world cuisines,253
The Four Ingredient Cookbooks-Three Cookbooks in One!,Linda Coffee,3.97,107.0,,,general cooking | cookbooks | cooking | food and drink,eng,https://i.gr-assets.com/images/S/compressed.photo.goodreads.com/books/1182508779i/1285607._SX50_.jpg,https://www.goodreads.com/book/show/1285607.The_Four_Ingredient_Cookbooks_Three_Cookbooks_in_One_,Goodreads web scraping,general cooking,254
One Good Dish,David Tanis,3.87,347.0,,,general cooking | cookbooks | cooking | food and drink,eng,https://i.gr-assets.com/images/S/compressed.photo.goodreads.com/books/1394337679i/18920749._SX50_.jpg,https://www.goodreads.com/book/show/18920749-one-good-dish,Goodreads web scraping,general cooking,255
Fix-It and Forget-It Big Cookbook: 1400 Best Slow Cooker Recipes!,Phyllis Pellman Good,4.04,820.0,,,quick and practical cooking | cookbooks | cooking | food and drink,eng,https://i.gr-assets.com/images/S/compressed.photo.goodreads.com/books/1369085965i/4915557._SX50_.jpg,https://www.goodreads.com/book/show/4915557-fix-it-and-forget-it-big-cookbook,Goodreads web scraping,quick and practical cooking,256
Italian Slow and Savory,Joyce Goldstein,4.18,38.0,,,world cuisines | cookbooks | cooking | food and drink,eng,https://i.gr-assets.com/images/S/compressed.photo.goodreads.com/books/1441228186i/825584._SX50_.jpg,https://www.goodreads.com/book/show/825584.Italian_Slow_and_Savory,Goodreads web scraping,world cuisines,257
Happy Days with the Naked Chef,Jamie Oliver,4.07,6641.0,,,food science and technique | cookbooks | cooking | food and drink,eng,https://i.gr-assets.com/images/S/compressed.photo.goodreads.com/books/1408926677i/531445._SX50_.jpg,https://www.goodreads.com/book/show/531445.Happy_Days_with_the_Naked_Chef,Goodreads web scraping,food science and technique,258
Decadent Cake Ball Recipes: Pretty Little Treats for Many Occasions,April Blomgren,4.67,9.0,,,baking and desserts | cookbooks | cooking | food and drink,eng,https://i.gr-assets.com/images/S/compressed.photo.goodreads.com/books/1607087280i/56158663._SX50_.jpg,https://www.goodreads.com/book/show/56158663-decadent-cake-ball-recipes,Goodreads web scraping,baking and desserts,259
Martha Stewart Hors D'Oeuvres,W.E.B Griffin,3.89,27.0,,,general cooking | cookbooks | cooking | food and drink,eng,https://i.gr-assets.com/images/S/compressed.photo.goodreads.com/books/1502163236i/9382259._SX50_.jpg,https://www.goodreads.com/book/show/9382259-martha-stewart-hors-d-oeuvres,Goodreads web scraping,general cooking,260
The Fat Duck Cookbook,Heston Blumenthal,4.3,1059.0,,,general cooking | cookbooks | cooking | food and drink,eng,https://i.gr-assets.com/images/S/compressed.photo.goodreads.com/books/1316738976i/6955120._SX50_.jpg,https://www.goodreads.com/book/show/6955120-the-fat-duck-cookbook,Goodreads web scraping,general cooking,261
Heritage,Sean Brock,4.36,1193.0,,,general cooking | cookbooks | cooking | food and drink,eng,https://i.gr-assets.com/images/S/compressed.photo.goodreads.com/books/1410170752i/20673617._SX50_.jpg,https://www.goodreads.com/book/show/20673617-heritage,Goodreads web scraping,general cooking,261
Ham for the Holidays: Tasty Christmas and New Year Ham Recipes,Christina Tosch,4.22,9.0,,,general cooking | cookbooks | cooking | food and drink,eng,https://i.gr-assets.com/images/S/compressed.photo.goodreads.com/books/1607079289i/56157850._SX50_.jpg,https://www.goodreads.com/book/show/56157850-ham-for-the-holidays,Goodreads web scraping,general cooking,263
The Candy Cookbook: 40 Recipes for Sweet Success - to Celebrate National Candy Month,Christina Tosch,4.36,11.0,,,general cooking | cookbooks | cooking | food and drink,eng,https://i.gr-assets.com/images/S/compressed.photo.goodreads.com/books/1595315878i/54621942._SX50_.jpg,https://www.goodreads.com/book/show/54621942-the-candy-cookbook,Goodreads web scraping,general cooking,264
Bon Appetit Desserts: The Cookbook for All Things Sweet and Wonderful,Bon Appétit Magazine,4.31,1226.0,,,baking and desserts | cookbooks | cooking | food and drink,eng,https://i.gr-assets.com/images/S/compressed.photo.goodreads.com/books/1437065121i/8640210._SX50_.jpg,https://www.goodreads.com/book/show/8640210-bon-appetit-desserts,Goodreads web scraping,baking and desserts,265
"The Cola Cookbook: Get Cooking with Cola! From Casseroles to Cupcakes, and More",Christina Tosch,4.46,13.0,,,baking and desserts | cookbooks | cooking | food and drink,eng,https://i.gr-assets.com/images/S/compressed.photo.goodreads.com/books/1590682339i/53574372._SX50_.jpg,https://www.goodreads.com/book/show/53574372-the-cola-cookbook,Goodreads web scraping,baking and desserts,266
USA Cookbook,Sheila Lukins,3.85,135.0,,,general cooking | cookbooks | cooking | food and drink,eng,https://i.gr-assets.com/images/S/compressed.photo.goodreads.com/books/1185566006i/1590770._SX50_.jpg,https://www.goodreads.com/book/show/1590770.USA_Cookbook,Goodreads web scraping,general cooking,267
The Definitive 5-Ingredient Cookbook: When Less is More,Martha Stone,4.38,8.0,,,general cooking | cookbooks | cooking | food and drink,eng,https://i.gr-assets.com/images/S/compressed.photo.goodreads.com/books/1605826428i/55954072._SX50_.jpg,https://www.goodreads.com/book/show/55954072-the-definitive-5-ingredient-cookbook,Goodreads web scraping,general cooking,268
The Martha Stewart Living Cookbook: The Original Classics,Martha Stewart,4.01,1321.0,,,general cooking | cookbooks | cooking | food and drink,eng,https://i.gr-assets.com/images/S/compressed.photo.goodreads.com/books/1348060959i/1734640._SX50_.jpg,https://www.goodreads.com/book/show/1734640.The_Martha_Stewart_Living_Cookbook,Goodreads web scraping,general cooking,269
The Taste of Home Baking Book,Janet Briggs,4.43,2680.0,,,baking and desserts | cookbooks | cooking | food and drink,eng,https://i.gr-assets.com/images/S/compressed.photo.goodreads.com/books/1309298128i/1671115._SX50_.jpg,https://www.goodreads.com/book/show/1671115.The_Taste_of_Home_Baking_Book,Goodreads web scraping,baking and desserts,270
Your Guide to Fall Baking: Discover Delicious Baked Goods Recipes That Are Perfect for Fall!,Valeria Ray,4.0,6.0,,,baking and desserts | cookbooks | cooking | food and drink,eng,https://i.gr-assets.com/images/S/compressed.photo.goodreads.com/books/1602449381i/55629211._SX50_.jpg,https://www.goodreads.com/book/show/55629211-your-guide-to-fall-baking,Goodreads web scraping,baking and desserts,270
The German Cookbook: A Complete Guide to Mastering Authentic German Cooking,Mimi Sheraton,3.89,276.0,,,general cooking | cookbooks | cooking | food and drink,eng,https://i.gr-assets.com/images/S/compressed.photo.goodreads.com/books/1320475651i/535158._SY75_.jpg,https://www.goodreads.com/book/show/535158.The_German_Cookbook,Goodreads web scraping,general cooking,272
Quick Meal-in-a Mug Recipes That Are Too Delicious: Prepare Your Meals In Just 5 Minutes,Valeria Ray,3.92,26.0,,,quick and practical cooking | cookbooks | cooking | food and drink,eng,https://i.gr-assets.com/images/S/compressed.photo.goodreads.com/books/1563038090l/49633742._SX50_SY75_.jpg,https://www.goodreads.com/book/show/49633742-quick-meal-in-a-mug-recipes-that-are-too-delicious,Goodreads web scraping,quick and practical cooking,273
The Guide for Hot Pot Cooking: The Best Hot Pot Cookbook That Will Become Your Best Friend in The Kitchen,Valeria Ray,4.64,14.0,,,general cooking | cookbooks | cooking | food and drink,eng,https://i.gr-assets.com/images/S/compressed.photo.goodreads.com/books/1562150453l/51258292._SX50_SY75_.jpg,https://www.goodreads.com/book/show/51258292-the-guide-for-hot-pot-cooking,Goodreads web scraping,general cooking,274
"Italian Immigrant Cooking (Immigrant Cookbook Series, Bk. #1)",Elodia Rigante,4.63,71.0,,,world cuisines | cookbooks | cooking | food and drink,eng,https://i.gr-assets.com/images/S/compressed.photo.goodreads.com/books/1387733046i/1670915._SX50_.jpg,https://www.goodreads.com/book/show/1670915.Italian_Immigrant_Cooking,Goodreads web scraping,world cuisines,275
Just Recipes: Easy To Cook Recipes With Inexpensive Ingredients You Already Have In Your Kitchen (Volume 1),Karen M. Fjeldheim,4.75,8.0,,,quick and practical cooking | cookbooks | cooking | food and drink,eng,https://i.gr-assets.com/images/S/compressed.photo.goodreads.com/books/1355932968i/6305171._SY75_.jpg,https://www.goodreads.com/book/show/6305171-just-recipes,Goodreads web scraping,quick and practical cooking,275
With a Measure of Grace: The Story and Recipes of a Small Town Restaurant,Blake Spalding,4.53,114.0,,,general cooking | cookbooks | cooking | food and drink,eng,https://i.gr-assets.com/images/S/compressed.photo.goodreads.com/books/1387733618i/750731._SX50_.jpg,https://www.goodreads.com/book/show/750731.With_a_Measure_of_Grace,Goodreads web scraping,general cooking,275
Siren's Feast: An Edible Odyssey,Nancy Mehagian,4.05,37.0,,,general cooking | cookbooks | cooking | food and drink,eng,https://i.gr-assets.com/images/S/compressed.photo.goodreads.com/books/1330563397i/3326458._SX50_.jpg,https://www.goodreads.com/book/show/3326458-siren-s-feast,Goodreads web scraping,general cooking,275
Bake,Rachel Allen,4.07,2396.0,,,baking and desserts | cookbooks | cooking | food and drink,eng,https://i.gr-assets.com/images/S/compressed.photo.goodreads.com/books/1328784706i/2974945._SX50_.jpg,https://www.goodreads.com/book/show/2974945-bake,Goodreads web scraping,baking and desserts,275
Tastes and Tales from Russia,Alla Danishevsky,4.53,15.0,,,general cooking | cookbooks | cooking | food and drink,eng,https://i.gr-assets.com/images/S/compressed.photo.goodreads.com/books/1183470309i/1421843._SY75_.jpg,https://www.goodreads.com/book/show/1421843.Tastes_and_Tales_from_Russia,Goodreads web scraping,general cooking,275
Delicious lamb,Per H. Jacobsen,5.0,4.0,,,general cooking | cookbooks | cooking | food and drink,eng,https://i.gr-assets.com/images/S/compressed.photo.goodreads.com/books/1442330699i/26541868._SX50_.jpg,https://www.goodreads.com/book/show/26541868-delicious-lamb,Goodreads web scraping,general cooking,275
Vegan Richa's Indian Kitchen: Traditional and Creative Recipes for the Home Cook,Richa Hingle,4.44,1357.0,,,vegetarian and plant based | cookbooks | cooking | food and drink,eng,https://i.gr-assets.com/images/S/compressed.photo.goodreads.com/books/1430083854i/23258002._SX50_.jpg,https://www.goodreads.com/book/show/23258002-vegan-richa-s-indian-kitchen,Goodreads web scraping,vegetarian and plant based,275
Mr. Fields Cookies,Diamond W. Fields,5.0,4.0,,,baking and desserts | cookbooks | cooking | food and drink,eng,https://i.gr-assets.com/images/S/compressed.photo.goodreads.com/books/1497181684i/35406575._SX50_.jpg,https://www.goodreads.com/book/show/35406575-mr-fields-cookies,Goodreads web scraping,baking and desserts,275
Palate Passport,Neha Khullar,4.5,8.0,,,general cooking | cookbooks | cooking | food and drink,eng,https://i.gr-assets.com/images/S/compressed.photo.goodreads.com/books/1512946782i/37345470._SX50_.jpg,https://www.goodreads.com/book/show/37345470-palate-passport,Goodreads web scraping,general cooking,275
Intimacy on the Plate: 200+ Aphrodisiac Recipes to Spice Up Your Love Life at Home Tonight,Olga Petrenko,4.15,39.0,,,general cooking | cookbooks | cooking | food and drink,eng,https://i.gr-assets.com/images/S/compressed.photo.goodreads.com/books/1502141402i/35943141._SY75_.jpg,https://www.goodreads.com/book/show/35943141-intimacy-on-the-plate,Goodreads web scraping,general cooking,275
Keto Diet for Beginners: 30-Day Keto Meal Plan for Rapid Weight Loss.,Amy Crenn,3.91,22093.0,,,nutrition and healthy eating | cookbooks | cooking | food and drink,eng,https://i.gr-assets.com/images/S/compressed.photo.goodreads.com/books/1541885998i/42747550._SY75_.jpg,https://www.goodreads.com/book/show/42747550-keto-diet-for-beginners,Goodreads web scraping,nutrition and healthy eating,275
Healthy Kids Cookbook: These Healthy Dishes Can Help to Keep Your Child Living a Healthy and Active Life!,Stephanie Sharp,3.75,16.0,,,nutrition and healthy eating | cookbooks | cooking | food and drink,eng,https://i.gr-assets.com/images/S/compressed.photo.goodreads.com/books/1553415198i/44580988._SY75_.jpg,https://www.goodreads.com/book/show/44580988-healthy-kids-cookbook,Goodreads web scraping,nutrition and healthy eating,275
The Best Of Chef At Home: Essential Recipes For Today's Kitchen,Michael   Smith,4.39,147.0,,,food science and technique | cookbooks | cooking | food and drink,eng,https://i.gr-assets.com/images/S/compressed.photo.goodreads.com/books/1345255144i/7013584._SX50_.jpg,https://www.goodreads.com/book/show/7013584-the-best-of-chef-at-home,Goodreads web scraping,food science and technique,288
Delia's Complete How To Cook,Delia Smith,4.46,147.0,,,general cooking | cookbooks | cooking | food and drink,eng,https://i.gr-assets.com/images/S/compressed.photo.goodreads.com/books/1328046637i/6378301._SX50_.jpg,https://www.goodreads.com/book/show/6378301-delia-s-complete-how-to-cook,Goodreads web scraping,general cooking,288
"Jean-Louis, Cooking With the Seasons",Jean-Louis Palladin,4.73,11.0,,,general cooking | cookbooks | cooking | food and drink,eng,https://i.gr-assets.com/images/S/compressed.photo.goodreads.com/books/1174072501i/358202._SX50_.jpg,https://www.goodreads.com/book/show/358202.Jean_Louis_Cooking_With_the_Seasons,Goodreads web scraping,general cooking,288
Crazy Dumplings,Amanda   Roberts,4.22,40.0,,,general cooking | cookbooks | cooking | food and drink,eng,https://i.gr-assets.com/images/S/compressed.photo.goodreads.com/books/1415537265i/23519469._SY75_.jpg,https://www.goodreads.com/book/show/23519469-crazy-dumplings,Goodreads web scraping,general cooking,288
The Perfect Quiche,Denise Hawley,4.5,4.0,,,general cooking | cookbooks | cooking | food and drink,eng,https://i.gr-assets.com/images/S/compressed.photo.goodreads.com/books/1701915504i/203376185._SX50_.jpg,https://www.goodreads.com/book/show/203376185-the-perfect-quiche,Goodreads web scraping,general cooking,288
A Field Of Greens: Gourmet African Slow Cooker Soups And Stews,Ivy Newton-Gamble,3.5,20.0,,,world cuisines | cookbooks | cooking | food and drink,eng,https://i.gr-assets.com/images/S/compressed.photo.goodreads.com/books/1348722247i/6269989._SX50_.jpg,https://www.goodreads.com/book/show/6269989-a-field-of-greens,Goodreads web scraping,world cuisines,293
The Complete Robuchon: French Home Cooking for the Way We Live Now with More than 800 Recipes: A Cookbook,Joël Robuchon,4.39,294.0,,,world cuisines | cookbooks | cooking | food and drink,eng,https://i.gr-assets.com/images/S/compressed.photo.goodreads.com/books/1320456314i/3143668._SX50_.jpg,https://www.goodreads.com/book/show/3143668-the-complete-robuchon,Goodreads web scraping,world cuisines,293
"Quick Fix Meals: 200 Simple, Delicious Recipes to Make Mealtime Eas",Robin        Miller,3.86,374.0,,,quick and practical cooking | cookbooks | cooking | food and drink,eng,https://i.gr-assets.com/images/S/compressed.photo.goodreads.com/books/1442281345i/74020._SX50_.jpg,https://www.goodreads.com/book/show/74020.Quick_Fix_Meals,Goodreads web scraping,quick and practical cooking,293
"Budget Bytes: Over 100 Easy, Delicious Recipes to Slash Your Grocery Bill in Half: A Cookbook",Beth Moncel,4.16,661.0,,,quick and practical cooking | cookbooks | cooking | food and drink,eng,https://i.gr-assets.com/images/S/compressed.photo.goodreads.com/books/1372051402i/18079645._SX50_.jpg,https://www.goodreads.com/book/show/18079645-budget-bytes,Goodreads web scraping,quick and practical cooking,293
"Slim and Healthy You (Edible Excellence, #1)",Sahara Sanders,4.0,22.0,,,nutrition and healthy eating | cookbooks | cooking | food and drink,eng,https://i.gr-assets.com/images/S/compressed.photo.goodreads.com/books/1429004216i/25357102._SX50_.jpg,https://www.goodreads.com/book/show/25357102-slim-and-healthy-you,Goodreads web scraping,nutrition and healthy eating,293
Not Your Mother's Slow Cooker Cookbook,Beth Hensperger,3.79,5772.0,,,quick and practical cooking | cookbooks | cooking | food and drink,eng,https://i.gr-assets.com/images/S/compressed.photo.goodreads.com/books/1403206601i/10416._SX50_.jpg,https://www.goodreads.com/book/show/10416.Not_Your_Mother_s_Slow_Cooker_Cookbook,Goodreads web scraping,quick and practical cooking,293
"Classic Indian Cooking: Master Moghul Cuisine with Simple Techniques, Essential Spices, and Traditional Recipes",Julie Sahni,4.21,1192.0,,,world cuisines | cookbooks | cooking | food and drink,eng,https://i.gr-assets.com/images/S/compressed.photo.goodreads.com/books/1348651577i/1033177._SX50_.jpg,https://www.goodreads.com/book/show/1033177.Classic_Indian_Cooking,Goodreads web scraping,world cuisines,293
The Cinnamon Recipe Book: Discover Delicious Cinnamon-Spiced Recipes!,Valeria Ray,4.31,16.0,,,general cooking | cookbooks | cooking | food and drink,eng,https://i.gr-assets.com/images/S/compressed.photo.goodreads.com/books/1601749093i/55547313._SX50_.jpg,https://www.goodreads.com/book/show/55547313-the-cinnamon-recipe-book,Goodreads web scraping,general cooking,293
660 Curries,Raghavan Iyer,4.17,1270.0,,,general cooking | cookbooks | cooking | food and drink,eng,https://i.gr-assets.com/images/S/compressed.photo.goodreads.com/books/1404577346i/2575111._SX50_.jpg,https://www.goodreads.com/book/show/2575111-660-curries,Goodreads web scraping,general cooking,301
My Abuela's Table: An Illustrated Journey into Mexican Cooking,Daniella Germain,4.13,39.0,,,world cuisines | cookbooks | cooking | food and drink,eng,https://i.gr-assets.com/images/S/compressed.photo.goodreads.com/books/1344606041i/12355863._SX50_.jpg,https://www.goodreads.com/book/show/12355863-my-abuela-s-table,Goodreads web scraping,world cuisines,301
Magnolia Table: A Collection of Recipes for Gathering,Joanna Gaines,4.18,19147.0,,,general cooking | cookbooks | cooking | food and drink,eng,https://i.gr-assets.com/images/S/compressed.photo.goodreads.com/books/1514874087i/36379968._SX50_.jpg,https://www.goodreads.com/book/show/36379968-magnolia-table,Goodreads web scraping,general cooking,301
Vegetable Love,Barbara Kafka,3.87,256.0,,,vegetarian and plant based | cookbooks | cooking | food and drink,eng,https://i.gr-assets.com/images/S/compressed.photo.goodreads.com/books/1404580669i/22907._SX50_.jpg,https://www.goodreads.com/book/show/22907.Vegetable_Love,Goodreads web scraping,vegetarian and plant based,304
Dessert Haiku: Petite Desserts for the Sweet Tooth & Poetry for the Soul,Ivy Newton-Gamble,4.8,5.0,,,baking and desserts | cookbooks | cooking | food and drink,eng,https://i.gr-assets.com/images/S/compressed.photo.goodreads.com/books/1677798642i/6538950._SX50_.jpg,https://www.goodreads.com/book/show/6538950-dessert-haiku,Goodreads web scraping,baking and desserts,304
A New Way to Cook,Sally Schneider,3.97,702.0,,,general cooking | cookbooks | cooking | food and drink,eng,https://i.gr-assets.com/images/S/compressed.photo.goodreads.com/books/1387722689i/1333233._SX50_.jpg,https://www.goodreads.com/book/show/1333233.A_New_Way_to_Cook,Goodreads web scraping,general cooking,304
"I ♥ Cheese: A Cookbook: 60 Ooey, Gooey, Delicious Meals for Serious Cheese Lovers",Mihaela Metaxa-Albu,3.84,70.0,,,general cooking | cookbooks | cooking | food and drink,eng,https://i.gr-assets.com/images/S/compressed.photo.goodreads.com/books/1601346596i/49672277._SX50_.jpg,https://www.goodreads.com/book/show/49672277-i-cheese,Goodreads web scraping,general cooking,304
The Vegetarian Planet: 350 Big-Flavor Recipes for Out-Of-This-World Food Every Day,Didi Emmons,4.05,412.0,,,vegetarian and plant based | cookbooks | cooking | food and drink,eng,https://i.gr-assets.com/images/S/compressed.photo.goodreads.com/books/1403209516i/199103._SX50_.jpg,https://www.goodreads.com/book/show/199103.The_Vegetarian_Planet,Goodreads web scraping,vegetarian and plant based,308
The Pat Conroy Cookbook: Recipes of My Life,Pat Conroy,4.17,1943.0,,,general cooking | cookbooks | cooking | food and drink,eng,https://i.gr-assets.com/images/S/compressed.photo.goodreads.com/books/1386925717i/129945._SX50_.jpg,https://www.goodreads.com/book/show/129945.The_Pat_Conroy_Cookbook,Goodreads web scraping,general cooking,308
The Book Lover's Cookbook,Shaunda Kennedy Wenger,3.82,373.0,,,general cooking | cookbooks | cooking | food and drink,eng,https://i.gr-assets.com/images/S/compressed.photo.goodreads.com/books/1436663917i/135018._SX50_.jpg,https://www.goodreads.com/book/show/135018.The_Book_Lover_s_Cookbook,Goodreads web scraping,general cooking,308
Modern Classics (Book 1),Donna  Hay,4.06,1124.0,,,general cooking | cookbooks | cooking | food and drink,eng,https://i.gr-assets.com/images/S/compressed.photo.goodreads.com/books/1348319178i/1316051._SX50_.jpg,https://www.goodreads.com/book/show/1316051.Modern_Classics,Goodreads web scraping,general cooking,311
The Ultimate Southern Living Cookbook,Julie Fisher Gunter,4.33,4363.0,,,general cooking | cookbooks | cooking | food and drink,eng,https://i.gr-assets.com/images/S/compressed.photo.goodreads.com/books/1389786447i/351122._SX50_.jpg,https://www.goodreads.com/book/show/351122.The_Ultimate_Southern_Living_Cookbook,Goodreads web scraping,general cooking,311
Bernard Clayton's New Complete Book of Breads,Bernard Clayton Jr.,4.26,883.0,,,baking and desserts | cookbooks | cooking | food and drink,eng,https://i.gr-assets.com/images/S/compressed.photo.goodreads.com/books/1348634216i/557868._SX50_.jpg,https://www.goodreads.com/book/show/557868.Bernard_Clayton_s_New_Complete_Book_of_Breads,Goodreads web scraping,baking and desserts,311
"Pie It Forward: Pies, Tarts, Tortes, Galettes, and Other Pastries Reinvented",Gesine Bullock-Prado,4.34,275.0,,,baking and desserts | cookbooks | cooking | food and drink,eng,https://i.gr-assets.com/images/S/compressed.photo.goodreads.com/books/1345683326i/12723590._SX50_.jpg,https://www.goodreads.com/book/show/12723590-pie-it-forward,Goodreads web scraping,baking and desserts,311
Meals Made Easy,Real Simple,3.89,430.0,,,quick and practical cooking | cookbooks | cooking | food and drink,eng,https://i.gr-assets.com/images/S/compressed.photo.goodreads.com/books/1344269031i/6623._SX50_.jpg,https://www.goodreads.com/book/show/6623.Meals_Made_Easy,Goodreads web scraping,quick and practical cooking,315
Chili Madness: A Passionate Cookbook,Jane Butel,3.66,68.0,,,general cooking | cookbooks | cooking | food and drink,eng,https://i.gr-assets.com/images/S/compressed.photo.goodreads.com/books/1705792594i/2712193._SX50_.jpg,https://www.goodreads.com/book/show/2712193-chili-madness,Goodreads web scraping,general cooking,315
Local Flavors: Cooking and Eating from America's Farmers' Markets,Deborah Madison,3.98,2191.0,,,general cooking | cookbooks | cooking | food and drink,eng,https://i.gr-assets.com/images/S/compressed.photo.goodreads.com/books/1387666528i/141054._SX50_.jpg,https://www.goodreads.com/book/show/141054.Local_Flavors,Goodreads web scraping,general cooking,315
Vegan Yum Yum: Decadent (But Doable) Animal-Free Recipes for Entertaining and Everyday,Lauren Ulm,3.91,2516.0,,,vegetarian and plant based | cookbooks | cooking | food and drink,eng,https://i.gr-assets.com/images/S/compressed.photo.goodreads.com/books/1348058567i/6496521._SX50_.jpg,https://www.goodreads.com/book/show/6496521-vegan-yum-yum,Goodreads web scraping,vegetarian and plant based,315
Meta Given's Modern Encyclopedia of Cooking (2 Volume Set),Meta Given,4.59,39.0,,,general cooking | cookbooks | cooking | food and drink,eng,https://i.gr-assets.com/images/S/compressed.photo.goodreads.com/books/1387748264i/481529._SX50_.jpg,https://www.goodreads.com/book/show/481529.Meta_Given_s_Modern_Encyclopedia_of_Cooking,Goodreads web scraping,general cooking,315
Everyday Greens: Everyday Greens,Annie Somerville,4.45,86.0,,,general cooking | cookbooks | cooking | food and drink,eng,https://i.gr-assets.com/images/S/compressed.photo.goodreads.com/books/1348491736i/864063._SX50_.jpg,https://www.goodreads.com/book/show/864063.Everyday_Greens,Goodreads web scraping,general cooking,320
"Vegan Soul Kitchen: Fresh, Healthy, and Creative African-American Cuisine",Bryant Terry,3.99,2973.0,,,vegetarian and plant based | cookbooks | cooking | food and drink,eng,https://i.gr-assets.com/images/S/compressed.photo.goodreads.com/books/1441309218i/6062739._SX50_.jpg,https://www.goodreads.com/book/show/6062739-vegan-soul-kitchen,Goodreads web scraping,vegetarian and plant based,321
"Crazy Plates: Low-Fat Food So Good, You'll Swear It's Bad for You!",Janet Podleski,4.04,240.0,,,general cooking | cookbooks | cooking | food and drink,eng,https://i.gr-assets.com/images/S/compressed.photo.goodreads.com/books/1309282958i/538180._SX50_.jpg,https://www.goodreads.com/book/show/538180.Crazy_Plates,Goodreads web scraping,general cooking,321
Baked: New Frontiers in Baking,Matt  Lewis,4.15,6368.0,,,baking and desserts | cookbooks | cooking | food and drink,eng,https://i.gr-assets.com/images/S/compressed.photo.goodreads.com/books/1328744143i/3328432._SX50_.jpg,https://www.goodreads.com/book/show/3328432-baked,Goodreads web scraping,baking and desserts,321
Kitchen: The Best of the Best,Michele Cranston,4.03,39.0,,,general cooking | cookbooks | cooking | food and drink,eng,https://i.gr-assets.com/images/S/compressed.photo.goodreads.com/books/1348508383i/1481651._SX50_.jpg,https://www.goodreads.com/book/show/1481651.Kitchen,Goodreads web scraping,general cooking,321
Thug Kitchen 101: Fast as F*ck,Thug Kitchen,4.12,2054.0,,,general cooking | cookbooks | cooking | food and drink,eng,https://i.gr-assets.com/images/S/compressed.photo.goodreads.com/books/1467339201i/30820811._SX50_.jpg,https://www.goodreads.com/book/show/30820811-thug-kitchen-101,Goodreads web scraping,general cooking,321
The Settlement Cookbook,Mrs. Simon Kander,4.27,196.0,,,general cooking | cookbooks | cooking | food and drink,eng,https://i.gr-assets.com/images/S/compressed.photo.goodreads.com/books/1387667753i/19608960._SX50_.jpg,https://www.goodreads.com/book/show/19608960-the-settlement-cookbook,Goodreads web scraping,general cooking,321
The Best Bread Machine Cookbook Ever: Ethnic Breads,Madge Rosenberg,3.9,10.0,,,baking and desserts | cookbooks | cooking | food and drink,eng,https://i.gr-assets.com/images/S/compressed.photo.goodreads.com/books/1347510776i/2208109._SX50_.jpg,https://www.goodreads.com/book/show/2208109.The_Best_Bread_Machine_Cookbook_Ever,Goodreads web scraping,baking and desserts,327
"Quiches, Kugels, and Couscous: My Search for Jewish Cooking in France: A Cookbook",Joan Nathan,4.09,77.0,,,general cooking | cookbooks | cooking | food and drink,eng,https://i.gr-assets.com/images/S/compressed.photo.goodreads.com/books/1348710538i/8140106._SX50_.jpg,https://www.goodreads.com/book/show/8140106-quiches-kugels-and-couscous,Goodreads web scraping,general cooking,327
Delia Smith's Complete Illustrated Cookery Course,Delia Smith,4.35,2810.0,,,general cooking | cookbooks | cooking | food and drink,eng,https://i.gr-assets.com/images/S/compressed.photo.goodreads.com/books/1348210708i/1251782._SX50_.jpg,https://www.goodreads.com/book/show/1251782.Delia_Smith_s_Complete_Illustrated_Cookery_Course,Goodreads web scraping,general cooking,329
Linda McCartney's World of Vegetarian Cooking: Over 200 Meat-free Dishes from Around the World,Linda McCartney,3.83,35.0,,,vegetarian and plant based | cookbooks | cooking | food and drink,eng,https://i.gr-assets.com/images/S/compressed.photo.goodreads.com/books/1181532618i/1163550._SX50_.jpg,https://www.goodreads.com/book/show/1163550.Linda_McCartney_s_World_of_Vegetarian_Cooking,Goodreads web scraping,vegetarian and plant based,329
"My Bread: The Revolutionary No-Work, No-Knead Method",Jim Lahey,4.25,2522.0,,,baking and desserts | cookbooks | cooking | food and drink,eng,https://i.gr-assets.com/images/S/compressed.photo.goodreads.com/books/1391137123i/6540114._SX50_.jpg,https://www.goodreads.com/book/show/6540114-my-bread,Goodreads web scraping,baking and desserts,329
"Eat, Shrink & Be Merry! Great-Tasting Food That Won't Go from Your Lips to Your Hips!",Janet Podleski,4.31,249.0,,,general cooking | cookbooks | cooking | food and drink,eng,https://i.gr-assets.com/images/S/compressed.photo.goodreads.com/books/1390364659i/940618._SX50_.jpg,https://www.goodreads.com/book/show/940618.Eat_Shrink_Be_Merry_Great_Tasting_Food_That_Won_t_Go_from_Your_Lips_to_Your_Hips_,Goodreads web scraping,general cooking,329
The Complete Book of Pasta and Noodles: A Cookbook,Cook's Illustrated,4.03,163.0,,,general cooking | cookbooks | cooking | food and drink,eng,https://i.gr-assets.com/images/S/compressed.photo.goodreads.com/books/1388186768i/24033._SX50_.jpg,https://www.goodreads.com/book/show/24033.The_Complete_Book_of_Pasta_and_Noodles,Goodreads web scraping,general cooking,329
A Treasury of Great Recipes,Mary   Price,4.62,259.0,,,general cooking | cookbooks | cooking | food and drink,eng,https://i.gr-assets.com/images/S/compressed.photo.goodreads.com/books/1762902167i/137756._SX50_.jpg,https://www.goodreads.com/book/show/137756.A_Treasury_of_Great_Recipes,Goodreads web scraping,general cooking,329
"Roast Figs, Sugar Snow: Food to Warm the Soul",Diana Henry,4.15,300.0,,,general cooking | cookbooks | cooking | food and drink,eng,https://i.gr-assets.com/images/S/compressed.photo.goodreads.com/books/1787672385i/879631._SX50_.jpg,https://www.goodreads.com/book/show/879631.Roast_Figs_Sugar_Snow,Goodreads web scraping,general cooking,329
Vegan Planet: 400 Irresistible Recipes with Fantastic Flavors from Home and Around the World,Robin    Robertson,3.94,4301.0,,,vegetarian and plant based | cookbooks | cooking | food and drink,eng,https://i.gr-assets.com/images/S/compressed.photo.goodreads.com/books/1403207104i/48308._SX50_.jpg,https://www.goodreads.com/book/show/48308.Vegan_Planet,Goodreads web scraping,vegetarian and plant based,336
The Taste of Country Cooking,Edna Lewis,4.44,1551.0,,,general cooking | cookbooks | cooking | food and drink,eng,https://i.gr-assets.com/images/S/compressed.photo.goodreads.com/books/1388462940i/346029._SX50_.jpg,https://www.goodreads.com/book/show/346029.The_Taste_of_Country_Cooking,Goodreads web scraping,general cooking,336
The New Indian Cooking Course,Manisha Kanani,4.0,8.0,,,world cuisines | cookbooks | cooking | food and drink,eng,https://i.gr-assets.com/images/S/compressed.photo.goodreads.com/books/1711507578i/1921065._SX50_.jpg,https://www.goodreads.com/book/show/1921065.The_New_Indian_Cooking_Course,Goodreads web scraping,world cuisines,338
What to Cook and How to Cook It,Jane Hornby,4.38,350.0,,,general cooking | cookbooks | cooking | food and drink,eng,https://i.gr-assets.com/images/S/compressed.photo.goodreads.com/books/1337644285i/9382624._SX50_.jpg,https://www.goodreads.com/book/show/9382624-what-to-cook-and-how-to-cook-it,Goodreads web scraping,general cooking,338
Pleyn Delit: Medieval Cookery for Modern Cooks,Sharon Butler,4.19,172.0,,,general cooking | cookbooks | cooking | food and drink,eng,https://i.gr-assets.com/images/S/compressed.photo.goodreads.com/books/1348517398i/600636._SY75_.jpg,https://www.goodreads.com/book/show/600636.Pleyn_Delit,Goodreads web scraping,general cooking,338
Culinaria Europese specialiteiten,Inge Rappert,4.45,137.0,,,general cooking | cookbooks | cooking | food and drink,eng,https://i.gr-assets.com/images/S/compressed.photo.goodreads.com/books/1339533647i/15703048._SX50_.jpg,https://www.goodreads.com/book/show/15703048-culinaria-europese-specialiteiten,Goodreads web scraping,general cooking,341
Molly on the Range: Recipes and Stories from An Unlikely Life on a Farm: A Cookbook,Molly Yeh,4.18,1685.0,,,general cooking | cookbooks | cooking | food and drink,eng,https://i.gr-assets.com/images/S/compressed.photo.goodreads.com/books/1479040340i/28260495._SX50_.jpg,https://www.goodreads.com/book/show/28260495-molly-on-the-range,Goodreads web scraping,general cooking,341
The New American Heart Association Cookbook,American Heart Association,3.96,367.0,,,general cooking | cookbooks | cooking | food and drink,eng,https://i.gr-assets.com/images/S/compressed.photo.goodreads.com/books/1347664917i/576612._SY75_.jpg,https://www.goodreads.com/book/show/576612.The_New_American_Heart_Association_Cookbook,Goodreads web scraping,general cooking,343
Bitter Almonds: Recollections and Recipes from a Sicilian Girlhood,Mary Taylor Simeti,3.69,230.0,,,general cooking | cookbooks | cooking | food and drink,eng,https://i.gr-assets.com/images/S/compressed.photo.goodreads.com/books/1348227402i/96506._SY75_.jpg,https://www.goodreads.com/book/show/96506.Bitter_Almonds,Goodreads web scraping,general cooking,343
Top Secret Restaurant Recipes: Creating Kitchen Clones from America's Favorite Restaurant Chains,Todd Wilbur,4.05,5739.0,,,general cooking | cookbooks | cooking | food and drink,eng,https://i.gr-assets.com/images/S/compressed.photo.goodreads.com/books/1392587003i/732053._SY75_.jpg,https://www.goodreads.com/book/show/732053.Top_Secret_Restaurant_Recipes,Goodreads web scraping,general cooking,343
The Oh She Glows Cookbook: Over 100 Vegan Recipes to Glow from the Inside Out,Angela  Liddon,4.01,18451.0,,,vegetarian and plant based | cookbooks | cooking | food and drink,eng,https://i.gr-assets.com/images/S/compressed.photo.goodreads.com/books/1393810176i/18079651._SX50_.jpg,https://www.goodreads.com/book/show/18079651-the-oh-she-glows-cookbook,Goodreads web scraping,vegetarian and plant based,343
S'more Cookbook: Tasty Creative S'more Recipes,Stephanie Sharp,4.42,12.0,,,general cooking | cookbooks | cooking | food and drink,eng,https://i.gr-assets.com/images/S/compressed.photo.goodreads.com/books/1577663524i/50105903._SY75_.jpg,https://www.goodreads.com/book/show/50105903-s-more-cookbook,Goodreads web scraping,general cooking,343
2020 Starter HCG Diet Recipes Cookbook: Delicious Hassle Free HCG Diet Recipes That Will Get You Started on the HCG Diet,Stephanie Sharp,4.38,8.0,,,nutrition and healthy eating | cookbooks | cooking | food and drink,eng,https://i.gr-assets.com/images/S/compressed.photo.goodreads.com/books/1591129729i/53779407._SX50_.jpg,https://www.goodreads.com/book/show/53779407-2020-starter-hcg-diet-recipes-cookbook,Goodreads web scraping,nutrition and healthy eating,343
Guacamole Cookbook: Trendy and Fun Guacamole Recipes,Stephanie Sharp,4.38,8.0,,,general cooking | cookbooks | cooking | food and drink,eng,https://i.gr-assets.com/images/S/compressed.photo.goodreads.com/books/1601363920i/55505975._SX50_.jpg,https://www.goodreads.com/book/show/55505975-guacamole-cookbook,Goodreads web scraping,general cooking,343
Simple Pierogi Cookbook: Delicious Pierogi Recipes That Will Help You Be the Life of The Party,Stephanie Sharp,4.62,8.0,,,baking and desserts | cookbooks | cooking | food and drink,eng,https://i.gr-assets.com/images/S/compressed.photo.goodreads.com/books/1590612210i/53506111._SY75_.jpg,https://www.goodreads.com/book/show/53506111-simple-pierogi-cookbook,Goodreads web scraping,baking and desserts,343
Beginner Spatzle Recipes Cookbook: Delicious & Easy Spatzle Recipes for Beginners to German Cuisine,Stephanie Sharp,4.5,8.0,,,quick and practical cooking | cookbooks | cooking | food and drink,eng,https://i.gr-assets.com/images/S/compressed.photo.goodreads.com/books/1590556004i/53493137._SX50_.jpg,https://www.goodreads.com/book/show/53493137-beginner-spatzle-recipes-cookbook,Goodreads web scraping,quick and practical cooking,343
The Complete Book of soups and Stews,Bernard Clayton Jr.,4.2,69.0,,,general cooking | cookbooks | cooking | food and drink,eng,https://i.gr-assets.com/images/S/compressed.photo.goodreads.com/books/1175791343i/557873._SX50_.jpg,https://www.goodreads.com/book/show/557873.The_Complete_Book_of_soups_and_Stews,Goodreads web scraping,general cooking,352
Learning to Cook with Marion Cunningham,Marion Cunningham,4.47,72.0,,,general cooking | cookbooks | cooking | food and drink,eng,https://i.gr-assets.com/images/S/compressed.photo.goodreads.com/books/1387734879i/158932._SX50_.jpg,https://www.goodreads.com/book/show/158932.Learning_to_Cook_with_Marion_Cunningham,Goodreads web scraping,general cooking,352
"Everyday Food: Fresh Flavor Fast: 250 Easy, Delicious Recipes for Any Time of Day",Martha Stewart,3.96,1520.0,,,quick and practical cooking | cookbooks | cooking | food and drink,eng,https://i.gr-assets.com/images/S/compressed.photo.goodreads.com/books/1320442612i/6613281._SX50_.jpg,https://www.goodreads.com/book/show/6613281-everyday-food,Goodreads web scraping,quick and practical cooking,352
The Happy Herbivore Cookbook: Over 175 Delicious Fat-Free and Low-Fat Vegan Recipes,Lindsay S. Nixon,4.02,3733.0,,,vegetarian and plant based | cookbooks | cooking | food and drink,eng,https://i.gr-assets.com/images/S/compressed.photo.goodreads.com/books/1294090288i/7913713._SX50_.jpg,https://www.goodreads.com/book/show/7913713-the-happy-herbivore-cookbook,Goodreads web scraping,vegetarian and plant based,355
Cold Platters for Christmas and New Year: Amazing Grazing Festive Fare to Share,Christina Tosch,4.0,9.0,,,general cooking | cookbooks | cooking | food and drink,eng,https://i.gr-assets.com/images/S/compressed.photo.goodreads.com/books/1606537897i/56067321._SX50_.jpg,https://www.goodreads.com/book/show/56067321-cold-platters-for-christmas-and-new-year,Goodreads web scraping,general cooking,355
"Better Homes and Gardens, the Ultimate Cookie Book: More Than 500 Tempting Treats Plus Secrets for Baking Better Cookies",Lois White,4.08,53.0,,,baking and desserts | cookbooks | cooking | food and drink,eng,https://i.gr-assets.com/images/S/compressed.photo.goodreads.com/books/1359424831i/1671170._SX50_.jpg,https://www.goodreads.com/book/show/1671170.Better_Homes_and_Gardens_the_Ultimate_Cookie_Book,Goodreads web scraping,baking and desserts,357
The Art of Fermentation: An in-Depth Exploration of Essential Concepts and Processes from Around the World,Sandor Ellix Katz,4.43,4951.0,,,food science and technique | cookbooks | cooking | food and drink,eng,https://i.gr-assets.com/images/S/compressed.photo.goodreads.com/books/1334185796i/13598307._SX50_.jpg,https://www.goodreads.com/book/show/13598307-the-art-of-fermentation,Goodreads web scraping,food science and technique,358
Thai Soup Cookbook: Plunge into a Bowl of Happiness with Thai Soup,Stephanie Sharp,3.75,12.0,,,world cuisines | cookbooks | cooking | food and drink,eng,https://i.gr-assets.com/images/S/compressed.photo.goodreads.com/books/1598212310i/55083205._SX50_.jpg,https://www.goodreads.com/book/show/55083205-thai-soup-cookbook,Goodreads web scraping,world cuisines,358
Biggest Book of Bread Machine Recipes,Carrie Holcomb,4.18,71.0,,,baking and desserts | cookbooks | cooking | food and drink,eng,https://i.gr-assets.com/images/S/compressed.photo.goodreads.com/books/1360056626i/153241._SX50_.jpg,https://www.goodreads.com/book/show/153241.Biggest_Book_of_Bread_Machine_Recipes,Goodreads web scraping,baking and desserts,360
Delia Smith's Summer Collection,Delia Smith,4.12,323.0,,,general cooking | cookbooks | cooking | food and drink,eng,https://i.gr-assets.com/images/S/compressed.photo.goodreads.com/books/1179767629i/953667._SX50_.jpg,https://www.goodreads.com/book/show/953667.Delia_Smith_s_Summer_Collection,Goodreads web scraping,general cooking,360
Flatbreads  Flavors,Jeffrey Alford,4.26,495.0,,,baking and desserts | cookbooks | cooking | food and drink,eng,https://i.gr-assets.com/images/S/compressed.photo.goodreads.com/books/1348113090i/438252._SX50_.jpg,https://www.goodreads.com/book/show/438252.Flatbreads_Flavors,Goodreads web scraping,baking and desserts,362
Culinaria Italy,Claudia Piras,4.44,333.0,,,general cooking | cookbooks | cooking | food and drink,eng,https://i.gr-assets.com/images/S/compressed.photo.goodreads.com/books/1174924105i/455347._SX50_.jpg,https://www.goodreads.com/book/show/455347.Culinaria_Italy,Goodreads web scraping,general cooking,363
Jim Lee's Chinese Cookbook.,Jim       Lee,3.67,9.0,,,world cuisines | cookbooks | cooking | food and drink,eng,https://i.gr-assets.com/images/S/compressed.photo.goodreads.com/nophoto/book/111x148._SX50_.png,https://www.goodreads.com/book/show/707822.Jim_Lee_s_Chinese_Cookbook_,Goodreads web scraping,world cuisines,364
The Complete Middle East Cookbook,Tess Mallos,4.36,159.0,,,general cooking | cookbooks | cooking | food and drink,eng,https://i.gr-assets.com/images/S/compressed.photo.goodreads.com/books/1364139917i/496305._SX50_.jpg,https://www.goodreads.com/book/show/496305.The_Complete_Middle_East_Cookbook,Goodreads web scraping,general cooking,364
Southeast Asian Specialties,Rosalind Mowe,4.36,154.0,,,world cuisines | cookbooks | cooking | food and drink,eng,https://i.gr-assets.com/images/S/compressed.photo.goodreads.com/books/1387752160i/1213485._SX50_.jpg,https://www.goodreads.com/book/show/1213485.Southeast_Asian_Specialties,Goodreads web scraping,world cuisines,366
A Piece of Cake,Susan G. Purdy,4.62,29.0,,,baking and desserts | cookbooks | cooking | food and drink,eng,https://i.gr-assets.com/images/S/compressed.photo.goodreads.com/books/1289258557i/208847._SX50_.jpg,https://www.goodreads.com/book/show/208847.A_Piece_of_Cake,Goodreads web scraping,baking and desserts,366
Bobby Flay's Grill It!,Bobby Flay,4.17,477.0,,,general cooking | cookbooks | cooking | food and drink,eng,https://i.gr-assets.com/images/S/compressed.photo.goodreads.com/books/1320479727i/2255989._SX50_.jpg,https://www.goodreads.com/book/show/2255989.Bobby_Flay_s_Grill_It_,Goodreads web scraping,general cooking,366
Viva Vegan! 200 Authentic and Fabulous Recipes for Latin Food Lovers,Terry Hope Romero,3.88,2874.0,,,vegetarian and plant based | cookbooks | cooking | food and drink,eng,https://i.gr-assets.com/images/S/compressed.photo.goodreads.com/books/1328829394i/7130273._SX50_.jpg,https://www.goodreads.com/book/show/7130273-viva-vegan-200-authentic-and-fabulous-recipes-for-latin-food-lovers,Goodreads web scraping,vegetarian and plant based,366
Brunch: 100 Recipes from Five Points Restaurant,Marc    Meyer,3.78,37.0,,,general cooking | cookbooks | cooking | food and drink,eng,https://i.gr-assets.com/images/S/compressed.photo.goodreads.com/books/1320393166i/790325._SX50_.jpg,https://www.goodreads.com/book/show/790325.Brunch,Goodreads web scraping,general cooking,370
Lidia's Italy,Lidia Matticchio Bastianich,4.2,663.0,,,general cooking | cookbooks | cooking | food and drink,eng,https://i.gr-assets.com/images/S/compressed.photo.goodreads.com/books/1440456652i/22967._SX50_.jpg,https://www.goodreads.com/book/show/22967.Lidia_s_Italy,Goodreads web scraping,general cooking,370
Madhur Jaffrey's World-of-the-East Vegetarian Cooking: A Cookbook,Madhur Jaffrey,4.26,625.0,,,vegetarian and plant based | cookbooks | cooking | food and drink,eng,https://i.gr-assets.com/images/S/compressed.photo.goodreads.com/books/1320400839i/142850._SX50_.jpg,https://www.goodreads.com/book/show/142850.Madhur_Jaffrey_s_World_of_the_East_Vegetarian_Cooking,Goodreads web scraping,vegetarian and plant based,370
Japanese Cuisine,Tetsu Kariya,4.02,1749.0,,,world cuisines | cookbooks | cooking | food and drink,eng,https://i.gr-assets.com/images/S/compressed.photo.goodreads.com/books/1390624152i/4589731._SX50_.jpg,https://www.goodreads.com/book/show/4589731-japanese-cuisine,Goodreads web scraping,world cuisines,370
The New York Times Heritage Cook Book,Jean Hewitt,4.29,41.0,,,general cooking | cookbooks | cooking | food and drink,eng,https://i.gr-assets.com/images/S/compressed.photo.goodreads.com/books/1387739367i/1693619._SX50_.jpg,https://www.goodreads.com/book/show/1693619.The_New_York_Times_Heritage_Cook_Book,Goodreads web scraping,general cooking,374
From Tapas to Meze: Small Plates from the Mediterranean,Joanne Weir,4.25,64.0,,,world cuisines | cookbooks | cooking | food and drink,eng,https://i.gr-assets.com/images/S/compressed.photo.goodreads.com/books/1388983376i/189961._SX50_.jpg,https://www.goodreads.com/book/show/189961.From_Tapas_to_Meze,Goodreads web scraping,world cuisines,374
Semi-Homemade: 20-Minute Meals,Sandra Lee,3.73,213.0,,,quick and practical cooking | cookbooks | cooking | food and drink,eng,https://i.gr-assets.com/images/S/compressed.photo.goodreads.com/books/1438800644i/2118286._SX50_.jpg,https://www.goodreads.com/book/show/2118286.Semi_Homemade,Goodreads web scraping,quick and practical cooking,376
Jamie Oliver's Comfort Food: The Ultimate Weekend Cookbook,Jamie Oliver,4.16,1500.0,,,general cooking | cookbooks | cooking | food and drink,eng,https://i.gr-assets.com/images/S/compressed.photo.goodreads.com/books/1404481625i/20603007._SX50_.jpg,https://www.goodreads.com/book/show/20603007-jamie-oliver-s-comfort-food,Goodreads web scraping,general cooking,376
"Moosewood Restaurant Daily Special: More Than 275 Recipes for Soups, Stews, Salads & Extras",The Moosewood Collective,4.15,909.0,,,general cooking | cookbooks | cooking | food and drink,eng,https://i.gr-assets.com/images/S/compressed.photo.goodreads.com/books/1388464767i/198179._SX50_.jpg,https://www.goodreads.com/book/show/198179.Moosewood_Restaurant_Daily_Special,Goodreads web scraping,general cooking,378
Toll House Heritage Cookbook: A Collection of Favorite Dessert Recipes,Nestle Toll House,3.71,31.0,,,baking and desserts | cookbooks | cooking | food and drink,eng,https://i.gr-assets.com/images/S/compressed.photo.goodreads.com/books/1334279502i/7231751._SY75_.jpg,https://www.goodreads.com/book/show/7231751-toll-house-heritage-cookbook,Goodreads web scraping,baking and desserts,378
"1,000 Vegan Recipes (1,000 Recipes)",Robin    Robertson,4.22,791.0,,,vegetarian and plant based | cookbooks | cooking | food and drink,eng,https://i.gr-assets.com/images/S/compressed.photo.goodreads.com/books/1360056447i/6657635._SX50_.jpg,https://www.goodreads.com/book/show/6657635-1-000-vegan-recipes,Goodreads web scraping,vegetarian and plant based,378
New American Cooking: The Best of Contemporary Regional Cuisines,Williams Sonoma,4.19,16.0,,,general cooking | cookbooks | cooking | food and drink,eng,https://i.gr-assets.com/images/S/compressed.photo.goodreads.com/books/1347373687i/1878240._SX50_.jpg,https://www.goodreads.com/book/show/1878240.New_American_Cooking,Goodreads web scraping,general cooking,378
Cupcakes from the Primrose Bakery,Martha Swift and Lisa Thomas,4.28,453.0,,,baking and desserts | cookbooks | cooking | food and drink,eng,https://i.gr-assets.com/images/S/compressed.photo.goodreads.com/books/1348852787i/6983125._SX50_.jpg,https://www.goodreads.com/book/show/6983125-cupcakes-from-the-primrose-bakery,Goodreads web scraping,baking and desserts,382
"How to Grill: The Complete Illustrated Book of Barbecue Techniques, A Barbecue Bible! Cookbook (Steven Raichlen Barbecue Bible Cookbooks)",Steven Raichlen,4.17,1549.0,,,food science and technique | cookbooks | cooking | food and drink,eng,https://i.gr-assets.com/images/S/compressed.photo.goodreads.com/books/1404576967i/488318._SX50_.jpg,https://www.goodreads.com/book/show/488318.How_to_Grill,Goodreads web scraping,food science and technique,382
Fresh Every Day: More Great Recipes from Foster's Market,Sara  Foster,4.42,96.0,,,general cooking | cookbooks | cooking | food and drink,eng,https://i.gr-assets.com/images/S/compressed.photo.goodreads.com/books/1388202026i/338363._SX50_.jpg,https://www.goodreads.com/book/show/338363.Fresh_Every_Day,Goodreads web scraping,general cooking,384
"Nigella Christmas: Food, Family, Friends, Festivities",Nigella Lawson,4.24,4317.0,,,general cooking | cookbooks | cooking | food and drink,eng,https://i.gr-assets.com/images/S/compressed.photo.goodreads.com/books/1320472990i/5055763._SX50_.jpg,https://www.goodreads.com/book/show/5055763-nigella-christmas,Goodreads web scraping,general cooking,384
"Once Upon a Tart ... : Soups, Salads, Muffins, and More",Frank Mentesana,4.33,121.0,,,general cooking | cookbooks | cooking | food and drink,eng,https://i.gr-assets.com/images/S/compressed.photo.goodreads.com/books/1320468680i/152786._SX50_.jpg,https://www.goodreads.com/book/show/152786.Once_Upon_a_Tart_,Goodreads web scraping,general cooking,386
Japanese Cooking: A Simple Art,Shizuo Tsuji,4.34,1068.0,,,world cuisines | cookbooks | cooking | food and drink,eng,https://i.gr-assets.com/images/S/compressed.photo.goodreads.com/books/1347355039i/297751._SX50_.jpg,https://www.goodreads.com/book/show/297751.Japanese_Cooking,Goodreads web scraping,world cuisines,386
Williams-Sonoma Essentials of Baking: Recipes and Techniques for Succcessful Home Baking,Cathy Burgett,4.37,230.0,,,baking and desserts | cookbooks | cooking | food and drink,eng,https://i.gr-assets.com/images/S/compressed.photo.goodreads.com/books/1312051735i/3777827._SX50_.jpg,https://www.goodreads.com/book/show/3777827-williams-sonoma-essentials-of-baking,Goodreads web scraping,baking and desserts,388
Feline Fine!: Homemade Cat Food & Treat Recipes - A Cool for Cats Cookbook,Daniel Humphreys,4.36,14.0,,,general cooking | cookbooks | cooking | food and drink,eng,https://i.gr-assets.com/images/S/compressed.photo.goodreads.com/books/1548873176i/43791477._SY75_.jpg,https://www.goodreads.com/book/show/43791477-feline-fine,Goodreads web scraping,general cooking,388
Cookies Unlimited,Nick Malgieri,4.04,71.0,,,baking and desserts | cookbooks | cooking | food and drink,eng,https://i.gr-assets.com/images/S/compressed.photo.goodreads.com/books/1347796124i/924144._SX50_.jpg,https://www.goodreads.com/book/show/924144.Cookies_Unlimited,Goodreads web scraping,baking and desserts,390
The Frugal Gourmet Celebrates Christmas,Jeff  Smith,3.88,202.0,,,general cooking | cookbooks | cooking | food and drink,eng,https://i.gr-assets.com/images/S/compressed.photo.goodreads.com/books/1414392336i/708865._SX50_.jpg,https://www.goodreads.com/book/show/708865.The_Frugal_Gourmet_Celebrates_Christmas,Goodreads web scraping,general cooking,391
Ottolenghi Simple,Yotam Ottolenghi,4.3,14185.0,,,quick and practical cooking | cookbooks | cooking | food and drink,eng,https://i.gr-assets.com/images/S/compressed.photo.goodreads.com/books/1523357175i/38358651._SX50_.jpg,https://www.goodreads.com/book/show/38358651-ottolenghi-simple,Goodreads web scraping,quick and practical cooking,391
The Creme Brulee Cookbook: Decadent Dessert Recipes to Grace Your Dinner Table,Christina Tosch,4.64,11.0,,,baking and desserts | cookbooks | cooking | food and drink,eng,https://i.gr-assets.com/images/S/compressed.photo.goodreads.com/books/1566896760l/52691576._SX50_SY75_.jpg,https://www.goodreads.com/book/show/52691576-the-creme-brulee-cookbook,Goodreads web scraping,baking and desserts,391
Jamie's America,Jamie Oliver,3.87,1652.0,,,general cooking | cookbooks | cooking | food and drink,eng,https://i.gr-assets.com/images/S/compressed.photo.goodreads.com/books/1327143109i/6785138._SX50_.jpg,https://www.goodreads.com/book/show/6785138-jamie-s-america,Goodreads web scraping,general cooking,394
Cooking with All Things Trader Joe's,Deana Gunn,3.58,243.0,,,general cooking | cookbooks | cooking | food and drink,eng,https://i.gr-assets.com/images/S/compressed.photo.goodreads.com/books/1264315590i/3637801._SX50_.jpg,https://www.goodreads.com/book/show/3637801-cooking-with-all-things-trader-joe-s,Goodreads web scraping,general cooking,395
Savoring Spain & Portugal: Recipes and Reflections on Iberian Cooking (Williams-Sonoma: The Savoring Series),Williams Sonoma,4.31,42.0,,,general cooking | cookbooks | cooking | food and drink,eng,https://i.gr-assets.com/images/S/compressed.photo.goodreads.com/books/1188858705i/1824684._SX50_.jpg,https://www.goodreads.com/book/show/1824684.Savoring_Spain_Portugal,Goodreads web scraping,general cooking,396
Patisserie: Mastering the Fundamentals of French Pastry - Updated Edition,Christophe Felder,4.38,237.0,,,baking and desserts | cookbooks | cooking | food and drink,eng,https://i.gr-assets.com/images/S/compressed.photo.goodreads.com/books/1352422890i/15797185._SX50_.jpg,https://www.goodreads.com/book/show/15797185-patisserie,Goodreads web scraping,baking and desserts,396
Culinaria France,André Dominé,4.36,263.0,,,general cooking | cookbooks | cooking | food and drink,eng,https://i.gr-assets.com/images/S/compressed.photo.goodreads.com/books/1348029965i/4231695._SX50_.jpg,https://www.goodreads.com/book/show/4231695-culinaria-france,Goodreads web scraping,general cooking,398
"The River Cottage Bread Handbook (River Cottage Handbook, #3)",Daniel Stevens,4.33,793.0,,,baking and desserts | cookbooks | cooking | food and drink,eng,https://i.gr-assets.com/images/S/compressed.photo.goodreads.com/books/1389063368i/6944454._SY75_.jpg,https://www.goodreads.com/book/show/6944454-the-river-cottage-bread-handbook,Goodreads web scraping,baking and desserts,398
Jamie's 15 Minute Meals,Jamie Oliver,3.96,2799.0,,,quick and practical cooking | cookbooks | cooking | food and drink,eng,https://i.gr-assets.com/images/S/compressed.photo.goodreads.com/books/1349440968i/15993310._SX50_.jpg,https://www.goodreads.com/book/show/15993310-jamie-s-15-minute-meals,Goodreads web scraping,quick and practical cooking,400
Jamie's 30-Minute Meals,Jamie Oliver,4.03,6490.0,,,quick and practical cooking | cookbooks | cooking | food and drink,eng,https://i.gr-assets.com/images/S/compressed.photo.goodreads.com/books/1348246332i/9047584._SX50_.jpg,https://www.goodreads.com/book/show/9047584-jamie-s-30-minute-meals,Goodreads web scraping,quick and practical cooking,401
Betty Crocker's Best Christmas Cookbook,Betty Crocker Editors,4.15,66.0,,,general cooking | cookbooks | cooking | food and drink,eng,https://i.gr-assets.com/images/S/compressed.photo.goodreads.com/books/1183385011i/1409978._SX50_.jpg,https://www.goodreads.com/book/show/1409978.Betty_Crocker_s_Best_Christmas_Cookbook,Goodreads web scraping,general cooking,402
RIVER CAFE COOK BOOK EASY,Rose Gray,3.95,78.0,,,quick and practical cooking | cookbooks | cooking | food and drink,eng,https://i.gr-assets.com/images/S/compressed.photo.goodreads.com/books/1320414510i/2625632._SX50_.jpg,https://www.goodreads.com/book/show/2625632-river-cafe-cook-book-easy,Goodreads web scraping,quick and practical cooking,402
Jamie Oliver's Christmas Cookbook,Jamie Oliver,4.16,1212.0,,,general cooking | cookbooks | cooking | food and drink,eng,https://i.gr-assets.com/images/S/compressed.photo.goodreads.com/books/1518195448i/30347205._SX50_.jpg,https://www.goodreads.com/book/show/30347205-jamie-oliver-s-christmas-cookbook,Goodreads web scraping,general cooking,404
"Fix-It and Forget-It Lightly: Healthy, Low-Fat Recipes for Your Slow Cooker",Phyllis Pellman Good,3.97,1911.0,,,nutrition and healthy eating | cookbooks | cooking | food and drink,eng,https://i.gr-assets.com/images/S/compressed.photo.goodreads.com/books/1348171562i/131990._SX50_.jpg,https://www.goodreads.com/book/show/131990.Fix_It_and_Forget_It_Lightly,Goodreads web scraping,nutrition and healthy eating,405
Cookie Cookbook: Bake Your Comfort Cookies at Home,Stephanie Sharp,4.71,7.0,,,baking and desserts | cookbooks | cooking | food and drink,eng,https://i.gr-assets.com/images/S/compressed.photo.goodreads.com/books/1600276438i/55353568._SX50_.jpg,https://www.goodreads.com/book/show/55353568-cookie-cookbook,Goodreads web scraping,baking and desserts,406
The Vegan Table: 200 Unforgettable Recipes for Entertaining Every Guest at Every Occasion,Colleen Patrick-Goudreau,4.02,2175.0,,,vegetarian and plant based | cookbooks | cooking | food and drink,eng,https://i.gr-assets.com/images/S/compressed.photo.goodreads.com/books/1328754271i/5821309._SX50_.jpg,https://www.goodreads.com/book/show/5821309-the-vegan-table,Goodreads web scraping,vegetarian and plant based,407
The Muffin Cookbook: 50 Flavoursome Recipes of Moist and Tender Muffins,Rachael Rayner,4.67,6.0,,,general cooking | cookbooks | cooking | food and drink,eng,https://i.gr-assets.com/images/S/compressed.photo.goodreads.com/books/1600108377i/55337324._SX50_.jpg,https://www.goodreads.com/book/show/55337324-the-muffin-cookbook,Goodreads web scraping,general cooking,408
"Best-ever Slow Cooker, One-pot and Casserole Cookbook",Catherine Atkinson,3.84,45.0,,,quick and practical cooking | cookbooks | cooking | food and drink,eng,https://i.gr-assets.com/images/S/compressed.photo.goodreads.com/books/1333824087i/2045926._SX50_.jpg,https://www.goodreads.com/book/show/2045926.Best_ever_Slow_Cooker_One_pot_and_Casserole_Cookbook,Goodreads web scraping,quick and practical cooking,409
Your Guide to Warm Winter Recipes: Discover A Wide Variety of Recipes to Keep You Warm This Winter!,Valeria Ray,4.0,6.0,,,general cooking | cookbooks | cooking | food and drink,eng,https://i.gr-assets.com/images/S/compressed.photo.goodreads.com/books/1601603888i/55533246._SX50_.jpg,https://www.goodreads.com/book/show/55533246-your-guide-to-warm-winter-recipes,Goodreads web scraping,general cooking,410
Treasured Hungarian Family Recipes™ 1,Helen M. Radics,3.25,8.0,,,general cooking | cookbooks | cooking | food and drink,eng,https://i.gr-assets.com/images/S/compressed.photo.goodreads.com/books/1302241160i/11038239._SX50_.jpg,https://www.goodreads.com/book/show/11038239-treasured-hungarian-family-recipes-1,Goodreads web scraping,general cooking,411
Maida Heatter's Cookies,Maida Heatter,4.48,94.0,,,baking and desserts | cookbooks | cooking | food and drink,eng,https://i.gr-assets.com/images/S/compressed.photo.goodreads.com/books/1175707487i/547862._SX50_.jpg,https://www.goodreads.com/book/show/547862.Maida_Heatter_s_Cookies,Goodreads web scraping,baking and desserts,411
Dessert Ideas that Won't Break the Bank: End Your Meals on a SWEET Note!,Ava Archer,3.6,5.0,,,baking and desserts | cookbooks | cooking | food and drink,eng,https://i.gr-assets.com/images/S/compressed.photo.goodreads.com/books/1599790651i/55296079._SX50_.jpg,https://www.goodreads.com/book/show/55296079-dessert-ideas-that-won-t-break-the-bank,Goodreads web scraping,baking and desserts,413
More Classic Italian Cooking,Marcella Hazan,4.51,96.0,,,world cuisines | cookbooks | cooking | food and drink,eng,https://i.gr-assets.com/images/S/compressed.photo.goodreads.com/books/1516478333i/21200._SY75_.jpg,https://www.goodreads.com/book/show/21200.More_Classic_Italian_Cooking,Goodreads web scraping,world cuisines,414
Vegetable Soups from Deborah Madison's Kitchen,Deborah Madison,4.11,553.0,,,vegetarian and plant based | cookbooks | cooking | food and drink,eng,https://i.gr-assets.com/images/S/compressed.photo.goodreads.com/books/1320524755i/141050._SX50_.jpg,https://www.goodreads.com/book/show/141050.Vegetable_Soups_from_Deborah_Madison_s_Kitchen,Goodreads web scraping,vegetarian and plant based,414
Sunday Suppers: Informal American Home Cooking,Melanie Barnard,4.0,7.0,,,general cooking | cookbooks | cooking | food and drink,eng,https://i.gr-assets.com/images/S/compressed.photo.goodreads.com/books/1335656660i/635796._SX50_.jpg,https://www.goodreads.com/book/show/635796.Sunday_Suppers,Goodreads web scraping,general cooking,414
The Dinner Doctor,Anne Byrn,3.78,309.0,,,general cooking | cookbooks | cooking | food and drink,eng,https://i.gr-assets.com/images/S/compressed.photo.goodreads.com/books/1404579676i/402019._SX50_.jpg,https://www.goodreads.com/book/show/402019.The_Dinner_Doctor,Goodreads web scraping,general cooking,417
Recipes That Take You to Italy: Love and Good Delicacies from Italy!,Ava Archer,4.4,5.0,,,general cooking | cookbooks | cooking | food and drink,eng,https://i.gr-assets.com/images/S/compressed.photo.goodreads.com/books/1600550469i/55379858._SX50_.jpg,https://www.goodreads.com/book/show/55379858-recipes-that-take-you-to-italy,Goodreads web scraping,general cooking,417
Pies Recipes Fit for Every Thanksgiving Table: Recipes Every Thanksgiving Table Should Have,Ava Archer,3.8,5.0,,,baking and desserts | cookbooks | cooking | food and drink,eng,https://i.gr-assets.com/images/S/compressed.photo.goodreads.com/books/1600019606i/55318845._SX50_.jpg,https://www.goodreads.com/book/show/55318845-pies-recipes-fit-for-every-thanksgiving-table,Goodreads web scraping,baking and desserts,419
Semi-Homemade: Money Saving Meals,Sandra Lee,3.73,73.0,,,general cooking | cookbooks | cooking | food and drink,eng,https://i.gr-assets.com/images/S/compressed.photo.goodreads.com/books/1434846992i/3961303._SX50_.jpg,https://www.goodreads.com/book/show/3961303-semi-homemade,Goodreads web scraping,general cooking,420
Jane Brody's Good Food Gourmet: Recipes and Menus for Delicious and Healthful Entertaining,Jane E. Brody,4.17,69.0,,,general cooking | cookbooks | cooking | food and drink,eng,https://i.gr-assets.com/images/S/compressed.photo.goodreads.com/books/1348919883i/1370002._SX50_.jpg,https://www.goodreads.com/book/show/1370002.Jane_Brody_s_Good_Food_Gourmet,Goodreads web scraping,general cooking,420
Chez Panisse Desserts,Lindsey Remolif Shere,4.32,126.0,,,baking and desserts | cookbooks | cooking | food and drink,eng,https://i.gr-assets.com/images/S/compressed.photo.goodreads.com/books/1387709949i/1006950._SX50_.jpg,https://www.goodreads.com/book/show/1006950.Chez_Panisse_Desserts,Goodreads web scraping,baking and desserts,420
Best Salsa with Main Dishes: Get in Tune with The Taste of Mexico In More Ways Than One,Ava Archer,4.5,4.0,,,general cooking | cookbooks | cooking | food and drink,eng,https://i.gr-assets.com/images/S/compressed.photo.goodreads.com/books/1601662377i/55538910._SX50_.jpg,https://www.goodreads.com/book/show/55538910-best-salsa-with-main-dishes,Goodreads web scraping,general cooking,423
Sweetness: Delicious Baked Treats for Every Occasion,Sarah Levy Imberman,3.43,56.0,,,baking and desserts | cookbooks | cooking | food and drink,eng,https://i.gr-assets.com/images/S/compressed.photo.goodreads.com/books/1364258883i/6705770._SX50_.jpg,https://www.goodreads.com/book/show/6705770-sweetness,Goodreads web scraping,baking and desserts,424
Japanese Ramen Made Easy: A Cookbook of Fascinating Ramen Recipes,Ivy Hope,4.0,8.0,,,world cuisines | cookbooks | cooking | food and drink,eng,https://i.gr-assets.com/images/S/compressed.photo.goodreads.com/books/1601431309i/55513438._SX50_.jpg,https://www.goodreads.com/book/show/55513438-japanese-ramen-made-easy,Goodreads web scraping,world cuisines,424
The Awesome Pizza Cookbook: An Incredible Guide with Nice Recipes to Prepare,Angel Burns,4.43,7.0,,,general cooking | cookbooks | cooking | food and drink,eng,https://i.gr-assets.com/images/S/compressed.photo.goodreads.com/books/1601825413i/55555017._SX50_.jpg,https://www.goodreads.com/book/show/55555017-the-awesome-pizza-cookbook,Goodreads web scraping,general cooking,426
The Classic Pasta Cookbook,Giuliano Hazan,4.32,124.0,,,general cooking | cookbooks | cooking | food and drink,eng,https://i.gr-assets.com/images/S/compressed.photo.goodreads.com/books/1412291965i/1175888._SX50_.jpg,https://www.goodreads.com/book/show/1175888.The_Classic_Pasta_Cookbook,Goodreads web scraping,general cooking,427
"Supernatural: The Official Cookbook: Burgers, Pies, and Other Bites from the Road",Julie  Tremaine,4.55,521.0,,,baking and desserts | cookbooks | cooking | food and drink,eng,https://i.gr-assets.com/images/S/compressed.photo.goodreads.com/books/1564623160i/43822546._SX50_.jpg,https://www.goodreads.com/book/show/43822546-supernatural,Goodreads web scraping,baking and desserts,427
"Spice and Seasoning cookbook: A Starter’s Guide of Spices, Seasonings, Herbs, and Aromatics - 50 Recipes for Learning How to Jazz Up Food!",Julia Chiles,4.43,7.0,,,general cooking | cookbooks | cooking | food and drink,eng,https://i.gr-assets.com/images/S/compressed.photo.goodreads.com/books/1601828347i/55555380._SX50_.jpg,https://www.goodreads.com/book/show/55555380-spice-and-seasoning-cookbook,Goodreads web scraping,general cooking,427
"It's All Good: Delicious, Easy Recipes That Will Make You Look Good and Feel Great",Gwyneth Paltrow,3.82,3279.0,,,quick and practical cooking | cookbooks | cooking | food and drink,eng,https://i.gr-assets.com/images/S/compressed.photo.goodreads.com/books/1391182214i/16131211._SX50_.jpg,https://www.goodreads.com/book/show/16131211-it-s-all-good,Goodreads web scraping,quick and practical cooking,430
The Winter Soup Recipes to Try Now: Best Winter Soup Recipes You Shouldn't Miss,Ava Archer,4.71,7.0,,,general cooking | cookbooks | cooking | food and drink,eng,https://i.gr-assets.com/images/S/compressed.photo.goodreads.com/books/1601928051i/55573816._SX50_.jpg,https://www.goodreads.com/book/show/55573816-the-winter-soup-recipes-to-try-now,Goodreads web scraping,general cooking,431
Bread Machine Magic: 139 Exciting New Recipes Created Especially for Use in All Types of Bread Machines,Linda Rehberg,4.18,91.0,,,baking and desserts | cookbooks | cooking | food and drink,eng,https://i.gr-assets.com/images/S/compressed.photo.goodreads.com/books/1312005020i/620184._SY75_.jpg,https://www.goodreads.com/book/show/620184.Bread_Machine_Magic,Goodreads web scraping,baking and desserts,432
The Sneaky Chef: Simple Strategies for Hiding Healthy Foods in Kids' Favorite Meals,Missy Chase Lapine,3.65,1302.0,,,nutrition and healthy eating | cookbooks | cooking | food and drink,eng,https://i.gr-assets.com/images/S/compressed.photo.goodreads.com/books/1441807541i/455025._SX50_.jpg,https://www.goodreads.com/book/show/455025.The_Sneaky_Chef,Goodreads web scraping,nutrition and healthy eating,432
Scrumptious Keto Chaffle Cookbook: Enjoy Carb-Free Waffles for Improved Health and Weight Loss,April Blomgren,4.17,6.0,,,nutrition and healthy eating | cookbooks | cooking | food and drink,eng,https://i.gr-assets.com/images/S/compressed.photo.goodreads.com/books/1602269309i/55609116._SX50_.jpg,https://www.goodreads.com/book/show/55609116-scrumptious-keto-chaffle-cookbook,Goodreads web scraping,nutrition and healthy eating,434
Vegan Desserts: Make your own vegan desserts at home,Stephanie Sharp,4.6,5.0,,,baking and desserts | cookbooks | cooking | food and drink,eng,https://i.gr-assets.com/images/S/compressed.photo.goodreads.com/books/1606346784i/56046029._SX50_.jpg,https://www.goodreads.com/book/show/56046029-vegan-desserts,Goodreads web scraping,baking and desserts,435
Cancer Friendly Cookbook: The Very Best 30 Cancer Friendly Recipes,Molly Mills,4.67,6.0,,,general cooking | cookbooks | cooking | food and drink,eng,https://i.gr-assets.com/images/S/compressed.photo.goodreads.com/books/1605936763i/55971899._SX50_.jpg,https://www.goodreads.com/book/show/55971899-cancer-friendly-cookbook,Goodreads web scraping,general cooking,436
Soup Cravings Satisfied: Quick Soup Recipes You Can Make Anytime,Heston Brown,4.5,4.0,,,quick and practical cooking | cookbooks | cooking | food and drink,eng,https://i.gr-assets.com/images/S/compressed.photo.goodreads.com/books/1602348562i/55617968._SX50_.jpg,https://www.goodreads.com/book/show/55617968-soup-cravings-satisfied,Goodreads web scraping,quick and practical cooking,437
"Feed the World - Celebrate World Food Day: Farm-Fresh, Free-Range, and Zero Leftover Waste Recipes!",Christina Tosch,5.0,3.0,,,general cooking | cookbooks | cooking | food and drink,eng,https://i.gr-assets.com/images/S/compressed.photo.goodreads.com/books/1602365662i/55620328._SX50_.jpg,https://www.goodreads.com/book/show/55620328-feed-the-world---celebrate-world-food-day,Goodreads web scraping,general cooking,438
The River Cottage Year,Fearnley-Whittingsta,4.12,348.0,,,general cooking | cookbooks | cooking | food and drink,eng,https://i.gr-assets.com/images/S/compressed.photo.goodreads.com/books/1419183166i/948865._SX50_.jpg,https://www.goodreads.com/book/show/948865.The_River_Cottage_Year,Goodreads web scraping,general cooking,439
Aroma-Filled Marinade Recipes: Create Lasting Memories with Distinct Flavors and Tastes,April Blomgren,4.8,5.0,,,general cooking | cookbooks | cooking | food and drink,eng,https://i.gr-assets.com/images/S/compressed.photo.goodreads.com/books/1602175951i/55599214._SX50_.jpg,https://www.goodreads.com/book/show/55599214-aroma-filled-marinade-recipes,Goodreads web scraping,general cooking,440
River Cottage Veg Every Day!,Hugh Fearnley-Whittingstall,4.19,3814.0,,,general cooking | cookbooks | cooking | food and drink,eng,https://i.gr-assets.com/images/S/compressed.photo.goodreads.com/books/1328887401i/12576078._SX50_.jpg,https://www.goodreads.com/book/show/12576078-river-cottage-veg-every-day,Goodreads web scraping,general cooking,441
River Cottage Love Your Leftovers: Recipes for the resourceful cook,Hugh Fearnley-Whittingstall,4.14,130.0,,,general cooking | cookbooks | cooking | food and drink,eng,https://i.gr-assets.com/images/S/compressed.photo.goodreads.com/books/1438380795i/26016854._SX50_.jpg,https://www.goodreads.com/book/show/26016854-river-cottage-love-your-leftovers,Goodreads web scraping,general cooking,441
The Compleat I Hate to Cook Book,Peg Bracken,4.08,320.0,,,general cooking | cookbooks | cooking | food and drink,eng,https://i.gr-assets.com/images/S/compressed.photo.goodreads.com/books/1223629174i/1275694._SY75_.jpg,https://www.goodreads.com/book/show/1275694.The_Compleat_I_Hate_to_Cook_Book,Goodreads web scraping,general cooking,441
River Cottage: Fruit Every Day!,Hugh Fearnley-Whittingstall,3.88,146.0,,,general cooking | cookbooks | cooking | food and drink,eng,https://i.gr-assets.com/images/S/compressed.photo.goodreads.com/books/1378446882i/18460409._SX50_.jpg,https://www.goodreads.com/book/show/18460409-river-cottage,Goodreads web scraping,general cooking,444
The Sirtfood Diet Cookbook: Have The Taste of The Best Recipes,Ivy Hope,4.5,4.0,,,nutrition and healthy eating | cookbooks | cooking | food and drink,eng,https://i.gr-assets.com/images/S/compressed.photo.goodreads.com/books/1602421794i/55625519._SX50_.jpg,https://www.goodreads.com/book/show/55625519-the-sirtfood-diet-cookbook,Goodreads web scraping,nutrition and healthy eating,444
The Kripalu Cookbook: Gourmet Vegetarian Recipes,Atma Jo Ann Levitt,4.27,52.0,,,vegetarian and plant based | cookbooks | cooking | food and drink,eng,https://i.gr-assets.com/images/S/compressed.photo.goodreads.com/books/1349050591i/649582._SX50_.jpg,https://www.goodreads.com/book/show/649582.The_Kripalu_Cookbook,Goodreads web scraping,vegetarian and plant based,446
Just One Pot,Lindsey Bareham,3.71,17.0,,,quick and practical cooking | cookbooks | cooking | food and drink,eng,https://i.gr-assets.com/images/S/compressed.photo.goodreads.com/books/1758323478i/2378985._SX50_.jpg,https://www.goodreads.com/book/show/2378985.Just_One_Pot,Goodreads web scraping,quick and practical cooking,446
"Eating for Life: Your Guide to Great Health, Fat Loss and Increased Energy!",Bill Phillips,3.98,861.0,,,general cooking | cookbooks | cooking | food and drink,eng,https://i.gr-assets.com/images/S/compressed.photo.goodreads.com/books/1388176385i/1123._SX50_.jpg,https://www.goodreads.com/book/show/1123.Eating_for_Life,Goodreads web scraping,general cooking,446
"Culinaria Russia. Russland, Ukraine, Georgien, Armenien, Aserbaidschan",Na,4.48,111.0,,,general cooking | cookbooks | cooking | food and drink,eng,https://i.gr-assets.com/images/S/compressed.photo.goodreads.com/books/1187607200i/1738378._SX50_.jpg,https://www.goodreads.com/book/show/1738378.Culinaria_Russia_Russland_Ukraine_Georgien_Armenien_Aserbaidschan,Goodreads web scraping,general cooking,446
"The Impoverished Students' Book of Cookery, Drinkery, & Housekeepery",Jay F. Rosenberg,4.54,28.0,,,beverages | cookbooks | cooking | food and drink,eng,https://i.gr-assets.com/images/S/compressed.photo.goodreads.com/books/1221585638i/2896568._SY75_.jpg,https://www.goodreads.com/book/show/2896568-the-impoverished-students-book-of-cookery-drinkery-housekeepery,Goodreads web scraping,beverages,446
"Spicy food, a collection of uncommon recipes, from the mildly tangy to the frankly fiery, from every corner of the world",William Bernal,3.67,3.0,,,general cooking | cookbooks | cooking | food and drink,eng,https://i.gr-assets.com/images/S/compressed.photo.goodreads.com/books/1310251421i/1194333._SX50_.jpg,https://www.goodreads.com/book/show/1194333.Spicy_food_a_collection_of_uncommon_recipes_from_the_mildly_tangy_to_the_frankly_fiery_from_every_corner_of_the_world,Goodreads web scraping,general cooking,446
Fast Fixes with Mixes: 355 Delicious Recipes from Simple Starters,Taste of Home,4.03,62.0,,,quick and practical cooking | cookbooks | cooking | food and drink,eng,https://i.gr-assets.com/images/S/compressed.photo.goodreads.com/books/1388340310i/713646._SX50_.jpg,https://www.goodreads.com/book/show/713646.Fast_Fixes_with_Mixes,Goodreads web scraping,quick and practical cooking,446
Quick from Scratch Herbs & Spices Cookbook,Food & Wine Magazine,4.04,28.0,,,quick and practical cooking | cookbooks | cooking | food and drink,eng,https://i.gr-assets.com/images/S/compressed.photo.goodreads.com/books/1266841937i/2460846._SX50_.jpg,https://www.goodreads.com/book/show/2460846.Quick_from_Scratch_Herbs_Spices_Cookbook,Goodreads web scraping,quick and practical cooking,446
Kitchen Sense: More than 600 Recipes to Make You a Great Home Cook,Mitchell Davis,4.18,40.0,,,general cooking | cookbooks | cooking | food and drink,eng,https://i.gr-assets.com/images/S/compressed.photo.goodreads.com/books/1440489565i/378511._SX50_.jpg,https://www.goodreads.com/book/show/378511.Kitchen_Sense,Goodreads web scraping,general cooking,446
The Total Banana,Alex Abella,4.0,9.0,,,general cooking | cookbooks | cooking | food and drink,eng,https://i.gr-assets.com/images/S/compressed.photo.goodreads.com/books/1224586645i/3060964._SX50_.jpg,https://www.goodreads.com/book/show/3060964-the-total-banana,Goodreads web scraping,general cooking,446
A Sweet Taste of Africa: Sail into a New Recipe Journey,Ivy Newton-Gamble,5.0,7.0,,,general cooking | cookbooks | cooking | food and drink,eng,https://i.gr-assets.com/images/S/compressed.photo.goodreads.com/books/1348232973i/6269990._SX50_.jpg,https://www.goodreads.com/book/show/6269990-a-sweet-taste-of-africa,Goodreads web scraping,general cooking,446
"Simply Organic: A Cookbook for Sustainable, Seasonal, and Local Ingredients",Jesse Ziff Cool,3.66,80.0,,,general cooking | cookbooks | cooking | food and drink,eng,https://i.gr-assets.com/images/S/compressed.photo.goodreads.com/books/1347343876i/2517013._SX50_.jpg,https://www.goodreads.com/book/show/2517013.Simply_Organic,Goodreads web scraping,general cooking,446
The Joy of Vegan Baking: The Compassionate Cooks' Traditional Treats and Sinful Sweets,Colleen Patrick-Goudreau,4.16,4111.0,,,baking and desserts | cookbooks | cooking | food and drink,eng,https://i.gr-assets.com/images/S/compressed.photo.goodreads.com/books/1328754223i/805500._SX50_.jpg,https://www.goodreads.com/book/show/805500.The_Joy_of_Vegan_Baking,Goodreads web scraping,baking and desserts,446
Betty Crocker Easy Everyday Vegetarian: Easy Meatless Main Dishes Your Family Will Love!,Betty Crocker Editors,3.85,99.0,,,vegetarian and plant based | cookbooks | cooking | food and drink,eng,https://i.gr-assets.com/images/S/compressed.photo.goodreads.com/books/1360057094i/555085._SX50_.jpg,https://www.goodreads.com/book/show/555085.Betty_Crocker_Easy_Everyday_Vegetarian,Goodreads web scraping,vegetarian and plant based,446
Flavors of Morocco,Ghillie Basan,4.16,58.0,,,general cooking | cookbooks | cooking | food and drink,eng,https://i.gr-assets.com/images/S/compressed.photo.goodreads.com/books/1348447984i/2534987._SX50_.jpg,https://www.goodreads.com/book/show/2534987.Flavors_of_Morocco,Goodreads web scraping,general cooking,446
Raw: The Uncook Book: New Vegetarian Food for Life – Delicious Ultra-Gourmet Dishes from Vegan Sushi to Sun-Baked Pizzas,Juliano Brotman,3.79,624.0,,,baking and desserts | cookbooks | cooking | food and drink,eng,https://i.gr-assets.com/images/S/compressed.photo.goodreads.com/books/1347760368i/395107._SX50_.jpg,https://www.goodreads.com/book/show/395107.Raw,Goodreads web scraping,baking and desserts,446
Weber's Real Grilling: Over 200 Original Recipes,Jamie Purviance,4.4,221.0,,,general cooking | cookbooks | cooking | food and drink,eng,https://i.gr-assets.com/images/S/compressed.photo.goodreads.com/books/1442188585i/130526._SX50_.jpg,https://www.goodreads.com/book/show/130526.Weber_s_Real_Grilling,Goodreads web scraping,general cooking,446
Chef Paul Prudhomme's Louisiana Tastes: Exciting Flavors from the State that Cooks,Paul Prudhomme,4.12,57.0,,,food science and technique | cookbooks | cooking | food and drink,eng,https://i.gr-assets.com/images/S/compressed.photo.goodreads.com/books/1420929910i/983626._SX50_.jpg,https://www.goodreads.com/book/show/983626.Chef_Paul_Prudhomme_s_Louisiana_Tastes,Goodreads web scraping,food science and technique,446
The Deen Bros. Take It Easy: Quick and Affordable Meals the Whole Family Will Love: A Cookbook,Jamie Deen,3.89,114.0,,,quick and practical cooking | cookbooks | cooking | food and drink,eng,https://i.gr-assets.com/images/S/compressed.photo.goodreads.com/books/1320414528i/6222091._SX50_.jpg,https://www.goodreads.com/book/show/6222091-the-deen-bros-take-it-easy,Goodreads web scraping,quick and practical cooking,446
Staff Meals from Chanterelle,David Waltuck,4.24,127.0,,,general cooking | cookbooks | cooking | food and drink,eng,https://i.gr-assets.com/images/S/compressed.photo.goodreads.com/books/1404580263i/1009166._SX50_.jpg,https://www.goodreads.com/book/show/1009166.Staff_Meals_from_Chanterelle,Goodreads web scraping,general cooking,446
Io ho fame adesso!: Come sopravvivere a un frigorifero deserto,Francesco Gungui,4.62,8.0,,,general cooking | cookbooks | cooking | food and drink,eng,https://i.gr-assets.com/images/S/compressed.photo.goodreads.com/books/1335373303i/13616817._SX50_.jpg,https://www.goodreads.com/book/show/13616817-io-ho-fame-adesso,Goodreads web scraping,general cooking,446
Taste of Home: The Busy Family Cookbook,Taste of Home,3.8,97.0,,,general cooking | cookbooks | cooking | food and drink,eng,https://i.gr-assets.com/images/S/compressed.photo.goodreads.com/books/1442719217i/2657178._SX50_.jpg,https://www.goodreads.com/book/show/2657178-taste-of-home,Goodreads web scraping,general cooking,446
Future Cook: A Taste of Things to Come,Colin Tudge,4.4,5.0,,,general cooking | cookbooks | cooking | food and drink,eng,https://i.gr-assets.com/images/S/compressed.photo.goodreads.com/books/1440804432i/6851673._SX50_.jpg,https://www.goodreads.com/book/show/6851673-future-cook,Goodreads web scraping,general cooking,446
Le Grand Livre De La Cuisine F Fl,Marabout,4.5,18.0,,,general cooking | cookbooks | cooking | food and drink,eng,https://i.gr-assets.com/images/S/compressed.photo.goodreads.com/books/1327890326i/7040154._SX50_.jpg,https://www.goodreads.com/book/show/7040154-le-grand-livre-de-la-cuisine-f-fl,Goodreads web scraping,general cooking,446
Irish Traditional Cooking: Over 300 Recipes from Ireland's Heritage,Darina Allen,4.17,284.0,,,general cooking | cookbooks | cooking | food and drink,eng,https://i.gr-assets.com/images/S/compressed.photo.goodreads.com/books/1385261684i/25023._SX50_.jpg,https://www.goodreads.com/book/show/25023.Irish_Traditional_Cooking,Goodreads web scraping,general cooking,446
The Sweet Life in Paris: Delicious Adventures in the World's Most Glorious - and Perplexing - City,David Lebovitz,3.84,15832.0,,,general cooking | cookbooks | cooking | food and drink,eng,https://i.gr-assets.com/images/S/compressed.photo.goodreads.com/books/1320533633i/6055063._SX50_.jpg,https://www.goodreads.com/book/show/6055063-the-sweet-life-in-paris,Goodreads web scraping,general cooking,446
The Complete Encyclopedia of Vegetables & Vegetarian Cooking,Christine Ingram,4.17,66.0,,,vegetarian and plant based | cookbooks | cooking | food and drink,eng,https://i.gr-assets.com/images/S/compressed.photo.goodreads.com/books/1454728229i/610574._SX50_.jpg,https://www.goodreads.com/book/show/610574.The_Complete_Encyclopedia_of_Vegetables_Vegetarian_Cooking,Goodreads web scraping,vegetarian and plant based,446
Treasured Hungarian Family Recipes™ 3,Helen M. Radics,3.5,8.0,,,general cooking | cookbooks | cooking | food and drink,eng,https://i.gr-assets.com/images/S/compressed.photo.goodreads.com/books/1302244841i/11038427._SY75_.jpg,https://www.goodreads.com/book/show/11038427-treasured-hungarian-family-recipes-3,Goodreads web scraping,general cooking,446
"Dee Dee's Delights, I'm On A Dime and Need It Under 5!",Deanna Bauer,3.0,5.0,,,general cooking | cookbooks | cooking | food and drink,eng,https://i.gr-assets.com/images/S/compressed.photo.goodreads.com/books/1303437670i/11110440._SX50_.jpg,https://www.goodreads.com/book/show/11110440-dee-dee-s-delights-i-m-on-a-dime-and-need-it-under-5,Goodreads web scraping,general cooking,446
The RV Centennial Cookbook: Celebrating 100 Years of RV'ing,Evada Cooper,3.58,12.0,,,general cooking | cookbooks | cooking | food and drink,eng,https://i.gr-assets.com/images/S/compressed.photo.goodreads.com/books/1347800287i/10550896._SX50_.jpg,https://www.goodreads.com/book/show/10550896-the-rv-centennial-cookbook,Goodreads web scraping,general cooking,446
400 Three and Four Ingredient Recipes,Joanna Farrow,3.94,16.0,,,general cooking | cookbooks | cooking | food and drink,eng,https://i.gr-assets.com/images/S/compressed.photo.goodreads.com/books/1348623532i/1318403._SX50_.jpg,https://www.goodreads.com/book/show/1318403.400_Three_and_Four_Ingredient_Recipes,Goodreads web scraping,general cooking,446
Culinary Artistry,Andrew Dornenburg,4.3,1950.0,,,food science and technique | cookbooks | cooking | food and drink,eng,https://i.gr-assets.com/images/S/compressed.photo.goodreads.com/books/1348754654i/767390._SX50_.jpg,https://www.goodreads.com/book/show/767390.Culinary_Artistry,Goodreads web scraping,food science and technique,446
Take this Dish and Twist It,George Duran,3.79,24.0,,,general cooking | cookbooks | cooking | food and drink,eng,https://i.gr-assets.com/images/S/compressed.photo.goodreads.com/books/1266822281i/4588056._SX50_.jpg,https://www.goodreads.com/book/show/4588056-take-this-dish-and-twist-it,Goodreads web scraping,general cooking,446
"Smokin' with Myron Mixon: Recipes Made Simple, from the Winningest Man in Barbecue: A Cookbook",Myron Mixon,4.05,618.0,,,quick and practical cooking | cookbooks | cooking | food and drink,eng,https://i.gr-assets.com/images/S/compressed.photo.goodreads.com/books/1364250941i/10365583._SX50_.jpg,https://www.goodreads.com/book/show/10365583-smokin-with-myron-mixon,Goodreads web scraping,quick and practical cooking,446
The Complete Italian Vegetarian Cookbook: 350 Essential Recipes for Inspired Everyday Eating,Jack Bishop,4.14,452.0,,,vegetarian and plant based | cookbooks | cooking | food and drink,eng,https://i.gr-assets.com/images/S/compressed.photo.goodreads.com/books/1347343552i/484382._SX50_.jpg,https://www.goodreads.com/book/show/484382.The_Complete_Italian_Vegetarian_Cookbook,Goodreads web scraping,vegetarian and plant based,446
See Mix Drink: A Refreshingly Simple Guide to Crafting the World's Most Popular Cocktails,Brian D. Murphy,4.2,95.0,,,beverages | cookbooks | cooking | food and drink,eng,https://i.gr-assets.com/images/S/compressed.photo.goodreads.com/books/1422312601i/11364583._SY75_.jpg,https://www.goodreads.com/book/show/11364583-see-mix-drink,Goodreads web scraping,beverages,446
You Can Trust a Skinny Cook,Allison Fishman,3.91,57.0,,,general cooking | cookbooks | cooking | food and drink,eng,https://i.gr-assets.com/images/S/compressed.photo.goodreads.com/books/1360057195i/10967482._SX50_.jpg,https://www.goodreads.com/book/show/10967482-you-can-trust-a-skinny-cook,Goodreads web scraping,general cooking,446
LaBelle Cuisine: Recipes to Sing About,Patti LaBelle,4.35,285.0,,,general cooking | cookbooks | cooking | food and drink,eng,https://i.gr-assets.com/images/S/compressed.photo.goodreads.com/books/1442365944i/622713._SX50_.jpg,https://www.goodreads.com/book/show/622713.LaBelle_Cuisine,Goodreads web scraping,general cooking,446
tropical cuisine: cooking in clare's kitchen,Clare Richards,5.0,3.0,,,general cooking | cookbooks | cooking | food and drink,eng,https://i.gr-assets.com/images/S/compressed.photo.goodreads.com/books/1327362501i/13422235._SX50_.jpg,https://www.goodreads.com/book/show/13422235-tropical-cuisine,Goodreads web scraping,general cooking,446
"SPOON: Soup, Stew & Chowder Recipes (Spring)",Dana Hay,3.6,73.0,,,general cooking | cookbooks | cooking | food and drink,eng,https://i.gr-assets.com/images/S/compressed.photo.goodreads.com/books/1340842535i/13645336._SX50_.jpg,https://www.goodreads.com/book/show/13645336-spoon,Goodreads web scraping,general cooking,446
25 Quick Low Fat Breakfast Treats,Cooking Penguin,4.0,9.0,,,quick and practical cooking | cookbooks | cooking | food and drink,eng,https://i.gr-assets.com/images/S/compressed.photo.goodreads.com/books/1337572744i/14061737._SX50_.jpg,https://www.goodreads.com/book/show/14061737-25-quick-low-fat-breakfast-treats,Goodreads web scraping,quick and practical cooking,446
The 2012 Book Blogger's Cookbook (The Book Blogger's Cookbook),Christy Dorrity,3.72,88.0,,,general cooking | cookbooks | cooking | food and drink,eng,https://i.gr-assets.com/images/S/compressed.photo.goodreads.com/books/1336737203i/13637096._SX50_.jpg,https://www.goodreads.com/book/show/13637096-the-2012-book-blogger-s-cookbook-the-book-blogger-s-cookbook,Goodreads web scraping,general cooking,446
Peas and Thank You: Simple Meatless Meals the Whole Family Will Love,Sarah Matheny,3.86,550.0,,,quick and practical cooking | cookbooks | cooking | food and drink,eng,https://i.gr-assets.com/images/S/compressed.photo.goodreads.com/books/1311707726i/10433946._SY75_.jpg,https://www.goodreads.com/book/show/10433946-peas-and-thank-you,Goodreads web scraping,quick and practical cooking,446
El Marsam Cookbook: An Umbrian Farmhouse and its Kitchen,Ginda Ayd Simpson,3.88,8.0,,,general cooking | cookbooks | cooking | food and drink,eng,https://i.gr-assets.com/images/S/compressed.photo.goodreads.com/books/1346058703i/9410064._SX50_.jpg,https://www.goodreads.com/book/show/9410064-el-marsam-cookbook,Goodreads web scraping,general cooking,446
Kokaraamat.Cookbook.Kochbuch,Merike Jürjo,5.0,2.0,,,general cooking | cookbooks | cooking | food and drink,eng,https://i.gr-assets.com/images/S/compressed.photo.goodreads.com/books/1347206406i/15998776._SY75_.jpg,https://www.goodreads.com/book/show/15998776-kokaraamat-cookbook-kochbuch,Goodreads web scraping,general cooking,446
Where's Mom Now that I Need Her?: Surviving Away from Home,Betty Rae Frandsen,4.07,279.0,,,general cooking | cookbooks | cooking | food and drink,eng,https://i.gr-assets.com/images/S/compressed.photo.goodreads.com/books/1348957636i/28352._SX50_.jpg,https://www.goodreads.com/book/show/28352.Where_s_Mom_Now_that_I_Need_Her_,Goodreads web scraping,general cooking,446
Le zuppe. 600 piatti delle cucine regionali,B. Minerdo,4.4,5.0,,,general cooking | cookbooks | cooking | food and drink,eng,https://i.gr-assets.com/images/S/compressed.photo.goodreads.com/books/1328800402i/10176728._SY75_.jpg,https://www.goodreads.com/book/show/10176728-le-zuppe-600-piatti-delle-cucine-regionali,Goodreads web scraping,general cooking,446
50 Ways to Drink Tea,Sotiris Zafeiris,4.17,12.0,,,beverages | cookbooks | cooking | food and drink,eng,https://i.gr-assets.com/images/S/compressed.photo.goodreads.com/books/1349282774i/16065126._SY75_.jpg,https://www.goodreads.com/book/show/16065126-50-ways-to-drink-tea,Goodreads web scraping,beverages,446
The American woman's cook book,Ruth Berolzheimer,4.48,64.0,,,general cooking | cookbooks | cooking | food and drink,eng,https://i.gr-assets.com/images/S/compressed.photo.goodreads.com/nophoto/book/111x148._SX50_.png,https://www.goodreads.com/book/show/12757960-the-american-woman-s-cook-book,Goodreads web scraping,general cooking,446
Carolina Sunshine: Then and Now,Charity League of Charlotte,5.0,,,,general cooking | cookbooks | cooking | food and drink,eng,https://i.gr-assets.com/images/S/compressed.photo.goodreads.com/books/1347655842i/12927831._SY75_.jpg,https://www.goodreads.com/book/show/12927831-carolina-sunshine,Goodreads web scraping,general cooking,446
A World of Cake,Krystina Castella,4.16,113.0,,,baking and desserts | cookbooks | cooking | food and drink,eng,https://i.gr-assets.com/images/S/compressed.photo.goodreads.com/books/1405294033i/8597521._SX50_.jpg,https://www.goodreads.com/book/show/8597521-a-world-of-cake,Goodreads web scraping,baking and desserts,446
"It's the Cookie, Mr. President",Pamela Joy Mawyer,4.67,3.0,,,baking and desserts | cookbooks | cooking | food and drink,eng,https://i.gr-assets.com/images/S/compressed.photo.goodreads.com/books/1355966800i/16249070._SY75_.jpg,https://www.goodreads.com/book/show/16249070-it-s-the-cookie-mr-president,Goodreads web scraping,baking and desserts,446
The Looneyspoons Collection : Janet & Greta's Greatest Recipe Hits Plus a Whole Lot More!,Janet Podleski,4.38,817.0,,,general cooking | cookbooks | cooking | food and drink,eng,https://i.gr-assets.com/images/S/compressed.photo.goodreads.com/books/1393219258i/12744849._SX50_.jpg,https://www.goodreads.com/book/show/12744849-the-looneyspoons-collection,Goodreads web scraping,general cooking,446
Darn Good Eats: The Cookbook for Creative Chefs and Reluctant Cooks,Jodi Ambrose,4.3,37.0,,,food science and technique | cookbooks | cooking | food and drink,eng,https://i.gr-assets.com/images/S/compressed.photo.goodreads.com/books/1352745013i/16146262._SX50_.jpg,https://www.goodreads.com/book/show/16146262-darn-good-eats,Goodreads web scraping,food science and technique,446
Baking Made Easy: 100 Fabulous Easy to Bake Recipes,Lorraine Pascale,4.21,743.0,,,baking and desserts | cookbooks | cooking | food and drink,eng,https://i.gr-assets.com/images/S/compressed.photo.goodreads.com/books/1377863720i/9380509._SX50_.jpg,https://www.goodreads.com/book/show/9380509-baking-made-easy,Goodreads web scraping,baking and desserts,446
How to Be a Domestic Goddess,Nigella Lawson,4.0,2.0,2000.0,6.0,"Baking | Recipes | Cooking, british",eng,https://covers.openlibrary.org/b/id/8594716-M.jpg,https://openlibrary.org/works/OL2455829W,Open Library API,baking,
Nutrition,Frances Sizer Webb | Frances Sizer | Eleanor Noss Whitney | Frances Sienkiewicz Sizer,3.875,8.0,1994.0,30.0,"Food | Nutrition | Voeding | Physiologie de la nutrition | Voedingsstoffen | Textbooks | Biochemistry | Dietetics & nutrition | Physiology | Nutrition And Diet | Science | Medical / Nursing | Diet/Nutrition | Life Sciences - Anatomy & Physiology | Canada, social conditions | Education, canada | Requirements | Nutritional Physiological Phenomena | Nutritional Requirements | Diet | Nutrition -- Textbooks | Food -- Textbooks | Nutrition and diet | Medical / nursing | Diet/nutrition | Life sciences - anatomy & physiology | Qp141 .s5365 2006 | Nutritional physiological phenomena",eng,https://covers.openlibrary.org/b/id/10679917-M.jpg,https://openlibrary.org/works/OL3349725W,Open Library API,nutrition,
Fast Food Nation,Eric Schlosser | Eric Schlosser,4.178571,28.0,2001.0,43.0,politics | health | current events | sociology | McDonald's | food | American cooking | social science | popular culture | cooking | feeding behavior | social aspects | foods | quality | trade marks | food industry | health hazards | food safety | Voedingsgewoonten | Fastfood | Health & Fitness | Media Studies | Industria y comercio | Restaurantes de comida rápida | Cookery | Cooking & Food | Nonfiction | Alimentos | Cuisine américaine | Fast food restaurants,spa | eng | fre | ger | jpn | heb,https://covers.openlibrary.org/b/id/8392930-M.jpg,https://openlibrary.org/works/OL5801795W,Open Library API,food safety,
Manajemen pemasaran,Bambang Tri Cahyono,5.0,3.0,1994.0,1.0,Agricultural industries | Agriculture | Economic aspects | Economic aspects of Agriculture,ind,,https://openlibrary.org/works/OL3223317W,Open Library API,agriculture,
Wild Fermentation,Sandor Ellix Katz | Nora Steinbrun,3.75,4.0,2003.0,8.0,Fermented foods | Fermentation,eng,https://covers.openlibrary.org/b/id/956729-M.jpg,https://openlibrary.org/works/OL8953397W,Open Library API,fermentation,
Panaderia y Reposteria para profesionales/Professional Baking,Wayne Gisslen | W Gisslen | Wayne Gisslen,3.0,2.0,1985.0,29.0,Baking | Food presentation | Cooking & Food | Nonfiction | COOKING / Methods / Baking | Food | Food industry and trade | COOKING -- Methods -- Baking,eng | spa,https://covers.openlibrary.org/b/id/5247191-M.jpg,https://openlibrary.org/works/OL1802168W,Open Library API,baking,
The science of nutrition,Janice Thompson | Janice Thompson | Melinda Manore | Linda Vaughan | Linda A. Vaughan | Kathy Gottschall-Pass | Debbie MacLellan | Janice J. Thompson,4.0,2.0,2007.0,35.0,Textbooks | Nutrition | Biological sciences & nutrition -> health -> nutrition & weight management,eng,https://covers.openlibrary.org/b/id/10679931-M.jpg,https://openlibrary.org/works/OL15596858W,Open Library API,nutrition,
Everything I Want To Do Is Illegal,Joel Salatin,4.3333335,3.0,2007.0,2.0,"Law and legislation | Food law and legislation | Food adulteration and inspection | Food | Safety regulations | Natural foods | Organic farming | Food industry | Family farms | Food industry and trade | Agriculture, united states",eng,https://covers.openlibrary.org/b/id/1693701-M.jpg,https://openlibrary.org/works/OL2018044W,Open Library API,food safety,
Hukum agraria Indonesia,Budi Harsono.,4.714286,7.0,1975.0,6.0,Agricultural laws and legislation | Agricultural laws and legislations,ind,,https://openlibrary.org/works/OL3729606W,Open Library API,agriculture,
The art of fermentation,Sandor Ellix Katz | Alejandro Pareja Rodríguez,4.5555553,9.0,2012.0,5.0,COOKING / Methods / Canning & Preserving | Fermented foods | Fermentation | HEALTH & FITNESS / Nutrition | Nutrition | Canning & Preserving | HEALTH & FITNESS | Methods | TECHNOLOGY & ENGINEERING | Aliments fermentés | COOKING | Food Science | Cuisine (aliments fermentés) | Livsmedelsteknik | Food | Long Now Manual for Civilization,eng,https://covers.openlibrary.org/b/id/9303498-M.jpg,https://openlibrary.org/works/OL16461965W,Open Library API,fermentation,
Food and Beverage Cost Control,Lea R. Dopson | David K. Hayes,,,2002.0,10.0,"Food service management | Cost control | BUSINESS & ECONOMICS / Industries / Hospitality, Travel & Tourism | Food service",eng,https://covers.openlibrary.org/b/id/8566285-M.jpg,https://openlibrary.org/works/OL19650579W,Open Library API,food business,
Pig's tall hat,Henry Hart,3.0,3.0,2004.0,1.0,Baking | Fiction,eng,https://covers.openlibrary.org/b/id/10796364-M.jpg,https://openlibrary.org/works/OL24292028W,Open Library API,baking,
Nutrition & you : core concepts for good health,Joan Salge Blake | Joan Blake,4.25,4.0,2007.0,43.0,"Nutrition | Textbooks | Health | Nutrition, laboratory manuals | Teaching & teacher training",eng,https://covers.openlibrary.org/b/id/9504993-M.jpg,https://openlibrary.org/works/OL18165887W,Open Library API,nutrition,
Philippine fermented foods,Priscilla C. Sanchez,,,2008.0,1.0,"Fermentation | Industries, philippines | Fermented foods | Safety measures",eng,,https://openlibrary.org/works/OL13722073W,Open Library API,food safety,
Soil Capability For Agriculture,Canada Land Inventory.,5.0,1.0,1965.0,209.0,Agriculture,fre | eng,,https://openlibrary.org/works/OL6188591W,Open Library API,agriculture,
Foodservice organizations,Marian C. Spears | Mary Gregoire | Marian Spears,,,1985.0,17.0,Food service management | Gestion de la restauration | Food service | Business and economics | Recreation & entertainment industries - general & miscellaneous | Entertainment | Dining & hospitality industries - management,eng,https://covers.openlibrary.org/b/id/1103713-M.jpg,https://openlibrary.org/works/OL1805048W,Open Library API,food business,
On baking,Sarah R. Labensky | Klaus G. Tenbergen | Eddy Van Damme | Priscilla A. Martel | Alan M. Hause,,,2004.0,26.0,"Baking | Pastry | Cakes, baking, icing & sugarcraft | Desserts | Baking - Confectionery | Cooking | Cooking / Wine | Courses & Dishes - Desserts | Cooking / Desserts | Methods - Baking | Professional, career & trade -> culinary & hospitality -> baking & pastry",eng,https://covers.openlibrary.org/b/id/90882-M.jpg,https://openlibrary.org/works/OL1874828W,Open Library API,baking,
In Defense of Food,Michael Pollan,4.027027,37.0,2008.0,17.0,Nutrition | nyt:paperback_nonfiction=2009-10-25 | Food habits | New York Times bestseller | Food | Research | Cooking & Food | Medical | Nonfiction | Sociology | Natural foods | Large type books | Analysis | Diet Fads | Nahrungsaufnahme | Speise | Ernährung | Food and drink | Nutrition and dietetics | Voedingsgewoonten | Ernährungserziehung | Zivilisationskrankheit | Ernährungsgewohnheit | Nutritional Physiological Phenomena | Feeding Behavior,eng | srp | chi,https://covers.openlibrary.org/b/id/2960867-M.jpg,https://openlibrary.org/works/OL3296482W,Open Library API,nutrition,
Gastronomia,"Congresso Brasileiro de Gastronomia e Segurança Alimentar (1st 2006? Brasília, Distrito Federal, Brazil)",,,2006.0,1.0,Gastronomy | Congresses | Food habits | Food | Safety measures,por,,https://openlibrary.org/works/OL24122823W,Open Library API,food safety,
Sistem penyuluhan pertanian,Totok Mardikanto,5.0,10.0,2009.0,1.0,Agricultural extension work,ind,,https://openlibrary.org/works/OL2304127W,Open Library API,agriculture,
The Indigenous Fermented Foods of the Sudan,Hamid A. Dirar,,,1993.0,3.0,"Fermented foods | Nutrition | Food, preservation | Fermentation",eng,https://covers.openlibrary.org/b/id/4774550-M.jpg,https://openlibrary.org/works/OL3562185W,Open Library API,fermentation,
The Secret Life of Groceries,Benjamin Lorr,3.5,4.0,2020.0,7.0,Commerce | New York Times reviewed | Grocery trade | Supermarkets -- Management | Food supply | BUSINESS & ECONOMICS / Industries / Food Industry | Supermarkets -- United States | Trader Joe's (Firm) | Amazon.com (firm) | Wal-mart (firm),eng,https://covers.openlibrary.org/b/id/10434459-M.jpg,https://openlibrary.org/works/OL22069556W,Open Library API,food business,
Betty Crocker's Baking classics,Betty Crocker,2.5,2.0,1981.0,3.0,Baking | Pastry,eng,https://covers.openlibrary.org/b/id/6382432-M.jpg,https://openlibrary.org/works/OL15030485W,Open Library API,baking,
Contemporary Nutrition,Gordon M. Wardlaw | Anne M Smith | Paul M. Insel | Marcia F. Seyler | Angela L. Collene | Colleen K. Spees,4.5,6.0,1992.0,58.0,Nutrition | Food | Nutrition Physiology | Nutritional Requirements | Dietetics | Dietetics & nutrition | Human Reproduction | Health & Fitness | Diet / Health / Fitness | Diet/Nutrition | Diets - General | Textbooks | Nutritional Physiological Phenomena | Teeth | Oral Surgery | Facial injuries | Wounds and injuries | Surgery | Face | Health/Fitness | Fitness & diet | Popular medicine | Physiology | Ernährungswissenschaft | Ernährung | Study and teaching (Higher),eng,https://covers.openlibrary.org/b/id/10679902-M.jpg,https://openlibrary.org/works/OL1853601W,Open Library API,nutrition,
Food Safety: Theory and Practice,Paul L Knechtges,5.0,1.0,2011.0,1.0,Food contamination | Safety measures | Food Safety | Food | Prevention & control | Prevention,eng,https://covers.openlibrary.org/b/id/8451164-M.jpg,https://openlibrary.org/works/OL19338989W,Open Library API,food safety,
Pakistan,United States,3.0,2.0,1965.0,312.0,American Surplus agricultural commodities | Counterpart funds | America Surplus agricultural commodities | Bolivia | Ecuador,eng,https://covers.openlibrary.org/b/id/15127807-M.jpg,https://openlibrary.org/works/OL15292359W,Open Library API,agriculture,
The Noma Guide to Fermentation,René Redzepi | David Zilber | Ainhoa Segura Alcalde | David Zilberman,5.0,4.0,2018.0,4.0,"Noma (Restaurant : Copenhagen, Denmark) | Fermented foods | Cooking (Fermented foods) | Biotechnology | Flavor | Fermentation | nyt:advice-how-to-and-miscellaneous=2018-11-04 | New York Times bestseller | Kombucha tea | COOKING / Individual Chefs & Restaurants | COOKING / Methods / Professional | COOKING / Seasonal",eng,https://covers.openlibrary.org/b/id/10524967-M.jpg,https://openlibrary.org/works/OL19762073W,Open Library API,fermentation,
Little Nino's Pizzeria,Karen Barbour,,,1987.0,8.0,"Restaurants | Pizza | Fathers and sons | Fiction | Oversize books | Family | Restaurants, bars | Juvenile fiction | Business, Careers, Occupations | Cooking & Food | Boys & Men | JUVENILE FICTION | Children's fiction | Business, fiction | Restaurants, fiction",eng,https://covers.openlibrary.org/b/id/4747203-M.jpg,https://openlibrary.org/works/OL4457012W,Open Library API,food business,
I'm Just Here for More Food,Alton Brown,4.4,5.0,2004.0,2.0,Baking,eng,https://covers.openlibrary.org/b/id/848968-M.jpg,https://openlibrary.org/works/OL6215377W,Open Library API,baking,
Glucose Revolution,Jessie Inchauspé | Alexandre Gombau Arnau,3.8333333,6.0,2022.0,7.0,Health | Science | Self Help | Nutrition | Food,eng | spa,https://covers.openlibrary.org/b/id/12769675-M.jpg,https://openlibrary.org/works/OL26599673W,Open Library API,nutrition,
HACCP,Sara Mortimore,3.0,1.0,1995.0,4.0,"Food handling | Safety measures | Hazard Analysis and Critical Control Point (Food safety system) | Food adulteration and inspection | Food, microbiology | Food industry and trade",eng,https://covers.openlibrary.org/b/id/1329060-M.jpg,https://openlibrary.org/works/OL16956818W,Open Library API,food safety,
Advances in agronomy,Donald L. Sparks,0.0,0.0,1991.0,206.0,"Agronomy | Agriculture, research | Agriculture",eng,https://covers.openlibrary.org/b/id/10005619-M.jpg,https://openlibrary.org/works/OL16931573W,Open Library API,agriculture,
Raw Materials and Brewhouse Operations (Mbaa Practical Handbook for the Specialty Brewer),Karl Ockert,,,2006.0,1.0,Brewing | Fermentation | Beer,eng,https://covers.openlibrary.org/b/id/13268832-M.jpg,https://openlibrary.org/works/OL9770971W,Open Library API,fermentation,
Food supply chain management,Liz Sharples | Stephen D. Ball,,,2001.0,9.0,Industries | Business logistics | Food Industry | Food industry and trade | BUSINESS & ECONOMICS | Beverage industry | Food service management,eng,https://covers.openlibrary.org/b/id/1400598-M.jpg,https://openlibrary.org/works/OL16959578W,Open Library API,food business,
Baking,Dorie Greenspan,5.0,2.0,2006.0,4.0,baking | desserts | Baking | Pies,eng,https://covers.openlibrary.org/b/id/394540-M.jpg,https://openlibrary.org/works/OL2977762W,Open Library API,baking,
Let's eat right to keep fit,Adelle Davis,4.25,4.0,1954.0,20.0,Nutrition | Diet | Food | Alimentation | Popular Works | Diet Therapy | Nutritional Physiological Phenomena,chi | eng,https://covers.openlibrary.org/b/id/4489535-M.jpg,https://openlibrary.org/works/OL99157W,Open Library API,nutrition,
Keamanan pangan,Winiati P. Rahayu,5.0,1.0,2011.0,1.0,Safety measures | Food contamination | Food | Government policy | Food industry and trade | Prevention,ind,,https://openlibrary.org/works/OL16118989W,Open Library API,food safety,
Against the Grain,James C. Scott,4.6666665,3.0,2017.0,9.0,"Origin | Agriculture and state | Agriculture | History | State, the | Agriculture -- Origin | Agriculture and state -- History | Agriculture -- Social aspects -- History",fre | ger | eng,https://covers.openlibrary.org/b/id/10381520-M.jpg,https://openlibrary.org/works/OL19721496W,Open Library API,agriculture,
Alcoholic fermentation,Arthur Harden,5.0,1.0,1911.0,8.0,Fermentation,eng,https://covers.openlibrary.org/b/id/6141978-M.jpg,https://openlibrary.org/works/OL1472418W,Open Library API,fermentation,
The restaurant,"Walker, John R. | John R. Walker | Donald E. Lundberg",,,2000.0,5.0,"Restaurant management | Business | Nonfiction | Travel | Entrepreneurship | Hotel & catering trades | Business & Economics | Business / Economics / Finance | Business/Economics | Industries - Hospitality, Travel & Tourism | Technology / Food Industry & Science | Restaurants, marketing | Food service management",eng,https://covers.openlibrary.org/b/id/1245700-M.jpg,https://openlibrary.org/works/OL1897960W,Open Library API,food business,
Gingerbread baby,Jan Brett,2.6666667,3.0,1999.0,6.0,"Baking | Fiction | Gingerbread | Specimens | Toy and movable books | Children's fiction | Fantasy fiction | Baking, fiction | Juvenile literature | Board books",eng,https://covers.openlibrary.org/b/id/259842-M.jpg,https://openlibrary.org/works/OL13917W,Open Library API,baking,
Biology,Neil Allison Campbell | Lawrence G. Mitchell | Jane B. Reece,3.4,5.0,1994.0,59.0,"Biology | Biology, outlines, syllabi, etc. | Textbooks | Biological sciences & nutrition -> biology -> general",eng,https://covers.openlibrary.org/b/id/6386348-M.jpg,https://openlibrary.org/works/OL1983083W,Open Library API,nutrition,
Food safety in the hospitality industry,Tim Knowles,,,2002.0,9.0,"Food adulteration and inspection | Food handling | Food industry and trade | Safety measures | Europe, commerce | HEALTH & FITNESS | Safety",eng,https://covers.openlibrary.org/b/id/12850983-M.jpg,https://openlibrary.org/works/OL8467231W,Open Library API,food safety,
The Grapes of Wrath,John Steinbeck,3.9363637,110.0,1939.0,321.0,"Labor camps | Depressions | Labor camps in literature | Classic Literature | Open Library Staff Picks | Pulitzer Prize Winner | Fiction | Migrant agricultural laborers in literature | award:pulitzer_prize=1940 | open_syllabus_project | award:pulitzer_prize=fiction | California | American fiction | In literature | Migrant agricultural laborers | Rural families | Migrant agricultural laborers -- Fiction | Dust Bowl Era, 1931-1939 | Farm family | Great Depression, 1929-1939 | Agricultural laborers | Migrant labor | California, fiction | Fiction, historical | American fiction (fictional works by one author) | Fiction, family life | Fiction, political | Oklahoma, fiction | English literature | Prose",und | cat | tib | eng | ger | pol | kor | swe | spa | chi,https://covers.openlibrary.org/b/id/12715902-M.jpg,https://openlibrary.org/works/OL23205W,Open Library API,agriculture,
Fermentations.,P. Schützenberger,,,1876.0,4.0,Fermentation,eng,https://covers.openlibrary.org/b/id/5735217-M.jpg,https://openlibrary.org/works/OL235535W,Open Library API,fermentation,
The Fate of Food,Amanda Little,4.0,2.0,2019.0,5.0,Food supply | Sustainable agriculture | Environmental aspects | Food security | SOCIAL SCIENCE / Agriculture & Food (see also POLITICAL SCIENCE / Public Policy / Agriculture & Food Policy) | TECHNOLOGY & ENGINEERING / Agriculture / Sustainable Agriculture | BUSINESS & ECONOMICS / Industries / Agribusiness,eng | chi,https://covers.openlibrary.org/b/id/10327347-M.jpg,https://openlibrary.org/works/OL21096576W,Open Library API,food business,
Advanced Bread and Pastry,Michel Suas,5.0,1.0,2008.0,4.0,Bread | Baking | Pastry | Baked products | Baking - general & miscellaneous | Pastries | Breads & muffins,eng,https://covers.openlibrary.org/b/id/2790698-M.jpg,https://openlibrary.org/works/OL9741991W,Open Library API,baking,
Nutrition,Lori A. Smolin | Smolin,4.25,4.0,1994.0,45.0,Nutrition | Health | Nutritionally induced diseases | Ernährungswissenschaft | Gesunde Ernährung,eng,https://covers.openlibrary.org/b/id/10679904-M.jpg,https://openlibrary.org/works/OL3000098W,Open Library API,nutrition,
Food safety for the 21st century,William H. Sperber,,,2010.0,9.0,Food | Safety  measures | Hazard Analysis and Critical Control Point (Food safety system) | Quality control | Food industry and trade | Business logistics | Safety measures,eng,https://covers.openlibrary.org/b/id/13075403-M.jpg,https://openlibrary.org/works/OL15571666W,Open Library API,food safety,
Farm power and machinery management,Donnell Hunt,4.5,2.0,1956.0,12.0,Agricultural machinery | Farm mechanization,eng,https://covers.openlibrary.org/b/id/3909795-M.jpg,https://openlibrary.org/works/OL3738190W,Open Library API,agriculture,
Preserving the Japanese way,Nancy Singleton Hachisu,,,2015.0,6.0,"Salting of food | Food | Fermented foods | Japanese | Preservation | Canning and preserving | Japanese Cooking | Fermentation | Cooking, japanese",eng,https://covers.openlibrary.org/b/id/14304227-M.jpg,https://openlibrary.org/works/OL20008658W,Open Library API,fermentation,
Food Policy in the United States,Parke Wilde,,,2013.0,16.0,Nutrition policy | Food supply | Politique alimentaire | BUSINESS & ECONOMICS / Infrastructure | SOCIAL SCIENCE / General,eng,https://covers.openlibrary.org/b/id/9233873-M.jpg,https://openlibrary.org/works/OL20592837W,Open Library API,food business,
The art of fine baking,Paula Peck,3.0,1.0,1961.0,7.0,Baking | Cooking,eng,https://covers.openlibrary.org/b/id/782500-M.jpg,https://openlibrary.org/works/OL2647121W,Open Library API,baking,
Introductory nutrition,Helen Andrews Guthrie,,,1967.0,8.0,Nutrition | Nutritional Physiological Phenomena,eng,https://covers.openlibrary.org/b/id/4273377-M.jpg,https://openlibrary.org/works/OL3513442W,Open Library API,nutrition,
The ultimate frontier,Eklal Kueshana,,,1963.0,8.0,Ancient Philosophy | Brotherhoods | Occultism | Prophecies | Prophecies (Occultism) | Religious communities | Secret societies | Civilization | Lemuria | Exports | Imports | Safety measures | Food | Economic aspects | United States. Food and Drug Administration,spa | eng,https://covers.openlibrary.org/b/id/4815430-M.jpg,https://openlibrary.org/works/OL8795258W,Open Library API,food safety,
Principles of farm machinery,Robert Allen Kepner,5.0,2.0,1972.0,2.0,Agricultural machinery | Agricultural engineering | Machines agricoles,eng,https://covers.openlibrary.org/b/id/4434761-M.jpg,https://openlibrary.org/works/OL1302560W,Open Library API,agriculture,
Handbook of indigenous fermented foods,Keith H. Steinkraus,,,1995.0,2.0,"Fermented foods | Handbooks, manuals | Fermentation | Food habits",eng,https://covers.openlibrary.org/b/id/1566704-M.jpg,https://openlibrary.org/works/OL18848818W,Open Library API,fermentation,
NRAEF ManageFirst,NRA National Restaurant Assoc. Educational Foundation,,,2006.0,22.0,"Accounting | Services alimentaires | Managerial accounting | Food service | Restaurants | Comptabilite de gestion | Comptabilite | Food service management | Menus | Restaurants, marketing | Hospitality industry | Restaurant management | Personnel management | Entrepreneurship | Business ethics | Inventory control | Cost control | Customer services | Management | Marketing",eng,https://covers.openlibrary.org/b/id/1112501-M.jpg,https://openlibrary.org/works/OL7952065W,Open Library API,food business,
Baking science & technology,E. J. Pyler,5.0,1.0,1952.0,4.0,Baking,eng,,https://openlibrary.org/works/OL4654476W,Open Library API,baking,
Omnivore's Dilemma. A Natural History of Four Meals,Michael Pollan | Richie Chevat | Raul Nagore,4.130435,46.0,2006.0,28.0,hunting | foodies | feral pigs | wild mushrooms | abalone | salads | leaf vegetables | sourdough | wild yeast | cherries | Whole Foods Market | omnivores | food chains | organic food | American cuisine | Food habits | nyt:paperback_nonfiction=2008-10-04 | New York Times bestseller | Food preferences | Evolution | Agriculture | Habitudes alimentaires | Feeding Behavior | Ernährungsgewohnheit | Préférences alimentaires | Évolution | Ernährungsökologie | Eating customs | Nahrungskette | Food chains (ecology),eng | heb | spa | rum,https://covers.openlibrary.org/b/id/8596706-M.jpg,https://openlibrary.org/works/OL3296483W,Open Library API,nutrition,
HACCP,Merle D. Pierson | Donald A. Corlett,,,2012.0,3.0,"Safety measures | Quality control | Food | Hazard Analysis and Critical Control Point (Food safety system) | Food industry and trade | Microbiology | Food, microbiology",eng,https://covers.openlibrary.org/b/id/8656492-M.jpg,https://openlibrary.org/works/OL19854178W,Open Library API,food safety,
Restoration agriculture,Mark Shepard,5.0,1.0,2013.0,1.0,Permaculture | Edible forest gardens | Sustainable agriculture | Agricultural ecology | Alternative agriculture | Agriculture,eng,https://covers.openlibrary.org/b/id/10084144-M.jpg,https://openlibrary.org/works/OL19970935W,Open Library API,agriculture,
Ferment,Holly Davis,3.0,1.0,2017.0,3.0,Fermentation | Cooking,eng,https://covers.openlibrary.org/b/id/8803652-M.jpg,https://openlibrary.org/works/OL20158567W,Open Library API,fermentation,
Appetite for Profit,Michele Simon,4.5,2.0,2006.0,3.0,"Nutrition | Food habits | Food industry and trade | Food Industry | Popular Works | Economics | Ethics | Food Preferences | Health Status | Nutrition Policy | Obesity | Public health, united states | Social responsibility of business | Feeding Behavior",eng,https://covers.openlibrary.org/b/id/789933-M.jpg,https://openlibrary.org/works/OL8859398W,Open Library API,food business,
The simple art of perfect baking,Flo Braker,,,1985.0,7.0,Desserts | Baking | Cooking,eng,https://covers.openlibrary.org/b/id/601031-M.jpg,https://openlibrary.org/works/OL4283728W,Open Library API,baking,
Nutrition and physical fitness,Lotta Jean Bogert | George M. Briggs | Doris Howes Calloway,4.1666665,6.0,1931.0,19.0,Nutrition | Physical fitness | Diet | Food | Digestion | Health | Hygiene | Nutritional Physiological Phenomena | Nutritional aspects,eng,https://covers.openlibrary.org/b/id/7155807-M.jpg,https://openlibrary.org/works/OL142101W,Open Library API,nutrition,
Home Comforts,Cheryl Mendelson,5.0,1.0,1999.0,5.0,house & home | decorating & furnishings | Maintenance & Repair | cleaning & caretaking | Home economics | food | cloth | cleanliness | materials | daily life | sleep | safe shelter | Home Cooking | breakfast | lunch | dinner | beverages | meals | kitchen culture | safe food | fabric | natural fibers | Man-Made Fibers | Care Labels | laundry | Ironing | linens | stains | air | dust,eng,https://covers.openlibrary.org/b/id/8383746-M.jpg,https://openlibrary.org/works/OL5736885W,Open Library API,food safety,
Krishi-Parashara =,Parāśara,5.0,2.0,1999.0,1.0,Agriculture | History,eng | san,,https://openlibrary.org/works/OL2598045W,Open Library API,agriculture,
Fermented foods and beverages of the world,Jyoti Prakash Tamang,0.0,0.0,2010.0,4.0,"Food | Fermented milk | Fermented foods | Microbiology | History | Fermentation | Beverages | Food, analysis",eng,https://covers.openlibrary.org/b/id/9512120-M.jpg,https://openlibrary.org/works/OL16651449W,Open Library API,fermentation,
Planning and control for food and beverage operations,Jack D. Ninemeier,5.0,1.0,1982.0,7.0,Bartending | Food service management | Gestion | Restaurants | Business &amp; economics | Management,eng,https://covers.openlibrary.org/b/id/3792305-M.jpg,https://openlibrary.org/works/OL2743453W,Open Library API,food business,
Cookie-Store Cat,Cynthia Rylant,4.5,2.0,1999.0,4.0,"Cats | Baking | Fiction | Children's fiction | Cats, fiction | Baking, fiction",eng,https://covers.openlibrary.org/b/id/384936-M.jpg,https://openlibrary.org/works/OL64131W,Open Library API,baking,
"Soil, Grass and Cancer",Andrė Voisin,2.0,2.0,1959.0,6.0,Cancer | Causes and theories of causation | Composition | Diseases | Nutrition | Nutritional aspects | Nutritional aspects of Cancer | Soils | Soils and animal nutrition | Soils and nutrition | Disease | Etiology | Neoplasms | Nutrition disorders | Soil | Nutritional Physiological Phenomena | Chemistry,eng | fre,https://covers.openlibrary.org/b/id/702988-M.jpg,https://openlibrary.org/works/OL544036W,Open Library API,nutrition,
Codex alimentarius,Joint FAO/WHO Codex Alimentarius Commission.,,,1981.0,22.0,"Biotechnology | Codex alimentarius | Food | Food adulteration and inspection | Food handling | Food industry and trade | Food law and legislation | Handbooks, manuals | Health risk assessment | Joint FAO/WHO Codex Alimentarius Commission | Labeling | Law and legislation | Natural foods | Quality control | Safety measures | Standards | Aliments | Normes | Droit | Food, labeling | Quality control, standards | Fruit | Vegetables | Grain | Legumes | Food Labeling | Food Legislation | Food-Processing Industry | Food Inspection | Health Food",eng,https://covers.openlibrary.org/b/id/4907755-M.jpg,https://openlibrary.org/works/OL854917W,Open Library API,food safety,
The Unsettling of America,Wendell Berry,5.0,1.0,1977.0,13.0,"Agriculture | Social aspects of Agriculture | Economic aspects of Agriculture | Rural conditions | Landwirtschaft | Soziale Situation | Social aspects | Economic aspects | Ländlicher Raum | Agriculture, united states | Agriculture, social aspects | Farm mechanization | Culture | Agriculture, economic aspects, united states | United states, rural conditions",eng,https://covers.openlibrary.org/b/id/4792566-M.jpg,https://openlibrary.org/works/OL14862077W,Open Library API,agriculture,
The complete idiot's guide to fermenting foods,Wardeh Harmon,,,2012.0,1.0,Canning and preserving | Fermented foods | Fermentation,eng,https://covers.openlibrary.org/b/id/12712243-M.jpg,https://openlibrary.org/works/OL16694408W,Open Library API,fermentation,
Tamime and Robinson's yoghurt,A. Y. Tamime,5.0,1.0,2007.0,3.0,"Yogurt | Technological innovations | Yogurt industry | Food science | Food industry | Professional, career & trade -> food technology -> food science | Business & economics -> business -> industries",eng,https://covers.openlibrary.org/b/id/8725615-M.jpg,https://openlibrary.org/works/OL19905627W,Open Library API,food business,
Cake pop crush,Suzanne Nelson,4.0,6.0,2013.0,1.0,"Bakeries | Boys | Baking | Juvenile fiction | Contests | Girls | Children's fiction | Baking, fiction | Boys, fiction | Girls, fiction | Contests, fiction",eng,https://covers.openlibrary.org/b/id/8126965-M.jpg,https://openlibrary.org/works/OL17833410W,Open Library API,baking,
Fasting Can Save Your Life,Herbert M. Shelton,2.0,1.0,1964.0,2.0,Fasting | Nutrition | Health aspects,eng,https://covers.openlibrary.org/b/id/6681828-M.jpg,https://openlibrary.org/works/OL3009649W,Open Library API,nutrition,
Caution in the kitchen!,Jennifer Boothroyd | Intuitive | Intuitive Intuitive,,,2016.0,8.0,"Food allergy | Food handling | Food contamination | Safety | Safety education | Safety education, juvenile literature | Allergy | Allergy, juvenile literature | Safety measures | Juvenile literature",eng,https://covers.openlibrary.org/b/id/12913231-M.jpg,https://openlibrary.org/works/OL19742599W,Open Library API,food safety,
The art of the commonplace,Wendell Berry | Norman Wirzba,4.0,1.0,2002.0,6.0,"Social aspects of Agriculture | Agriculture | Economic aspects of Agriculture | Agriculture, united states | Agriculture, economic aspects, united states | Agriculture, social aspects | American literature | Economic aspects | Social aspects",eng,https://covers.openlibrary.org/b/id/871313-M.jpg,https://openlibrary.org/works/OL14862058W,Open Library API,agriculture,
Fermenting for dummies,Marni Wasserman,,,2013.0,6.0,"Fermentation | Fermented foods | Cooking | Food, preservation | Food | Canning and preserving",eng,https://covers.openlibrary.org/b/id/12961332-M.jpg,https://openlibrary.org/works/OL19970334W,Open Library API,fermentation,
Food Supply Chain Management and Logistics,Samir Dani,,,2015.0,9.0,Business logistics | Food supply | Food industry and trade | Management | Marketing | Produce trade | BUSINESS & ECONOMICS / Production & Operations Management | BUSINESS & ECONOMICS / Distribution | BUSINESS & ECONOMICS / Facility Management | BUSINESS & ECONOMICS / Management Science | BUSINESS & ECONOMICS / Management,eng,https://covers.openlibrary.org/b/id/9138097-M.jpg,https://openlibrary.org/works/OL20473345W,Open Library API,food business,
How baking works,Paula Figoni,,,2011.0,1.0,Baking,eng,https://covers.openlibrary.org/b/id/12839231-M.jpg,https://openlibrary.org/works/OL18635530W,Open Library API,baking,
"Krause's food, nutrition, & diet therapy",L. Kathleen Mahan | Sylvia Escott-Stump,5.0,1.0,1996.0,3.0,Nutrition | Food | Voeding | Dieettherapie | Diétothérapie | Diet therapy | Aliments | Nutritional Physiological Phenomena | Dietetics & nutrition | Nursing - Nutrition | Medical / Nursing | Medical | Medical / Nursing / Nutrition,eng,https://covers.openlibrary.org/b/id/458713-M.jpg,https://openlibrary.org/works/OL15162222W,Open Library API,nutrition,
Engineering for food safety and sanitation,Thomas J. Imholte,,,1984.0,2.0,Food industry and trade | Safety measures | Sanitation,eng,https://covers.openlibrary.org/b/id/12928842-M.jpg,https://openlibrary.org/works/OL5289507W,Open Library API,food safety,
Pengantar ekonomi pertanian,Mubyarto.,5.0,1.0,1973.0,2.0,Agriculture | Economic aspects of Agriculture | Economic aspects | Rural development,ind,https://covers.openlibrary.org/b/id/4053624-M.jpg,https://openlibrary.org/works/OL945981W,Open Library API,agriculture,
Mastering fermentation,Mary Karlin,,,2013.0,1.0,Fermented foods | Fermentation | Cooking | Food,eng,https://covers.openlibrary.org/b/id/12628884-M.jpg,https://openlibrary.org/works/OL19970320W,Open Library API,fermentation,
Good Burger 2 go,Steve Holland,5.0,1.0,1998.0,3.0,"Fast food restaurants | Hamburgers | Juvenile fiction | Sauces | Good burger (Motion picture) | Business | Kidnapping | Children's fiction | Children, fiction",eng,https://covers.openlibrary.org/b/id/2547284-M.jpg,https://openlibrary.org/works/OL738352W,Open Library API,food business,
Baking for Dummies,Emily Nolan,,,2002.0,3.0,Baking,eng,https://covers.openlibrary.org/b/id/521892-M.jpg,https://openlibrary.org/works/OL2769746W,Open Library API,baking,
Food Science And Nutrition,Sunetra Roday,5.0,1.0,2007.0,2.0,Food | Nutrition,eng,https://covers.openlibrary.org/b/id/7641574-M.jpg,https://openlibrary.org/works/OL17469685W,Open Library API,nutrition,
Food security,Kathy Wilson Peacock,,,2011.0,1.0,"Safety measures | Food security | Food | Food supply | Juvenile literature | Lebensmittelversorgung | Food supply, juvenile literature",eng,https://covers.openlibrary.org/b/id/7257308-M.jpg,https://openlibrary.org/works/OL15942478W,Open Library API,food safety,
"Hello, World! How Do Apples Grow?",Jill McDonald,,,2019.0,1.0,Agriculture,,https://covers.openlibrary.org/b/id/8807086-M.jpg,https://openlibrary.org/works/OL20161413W,Open Library API,agriculture,
Industrial microbiology,Samuel Cate Prescott,,,1940.0,5.0,Yeast | Microbiology | Technical Chemistry | Industrial microbiology | Yeasts | Fermentation | Bacteria | Molds (Fungi),eng,https://covers.openlibrary.org/b/id/7052606-M.jpg,https://openlibrary.org/works/OL6441633W,Open Library API,fermentation,
Gastrophysics,"Spence, Charles (Experimental psychologist)",3.0,1.0,2017.0,1.0,Food | Gastronomy | Sensory evaluation | Dinners and dining | Nutrition | Senses and sensation | BUSINESS & ECONOMICS / Industries / Food Industry | COOKING / Methods / Garnishing & Food Presentation | TECHNOLOGY & ENGINEERING / Food Science | COOKING / Reference | Food habits | Psychological aspects | Intersensory effects | SCIENCE / Essays | SOCIAL SCIENCE / Agriculture & Food | Popular Science | Food & Society | Neurosciences | Food--sensory evaluation | Business & economics / industries / food industry | Cooking / methods / garnishing & food presentation | Technology & engineering / food science | Tx631 .s679 2017 | 641.01/3,eng,https://covers.openlibrary.org/b/id/13138970-M.jpg,https://openlibrary.org/works/OL19712248W,Open Library API,food business,
The Fannie Farmer baking book,Marion Cunningham,4.0,1.0,1984.0,2.0,Baking,eng,https://covers.openlibrary.org/b/id/320780-M.jpg,https://openlibrary.org/works/OL1921062W,Open Library API,baking,
Good enough to eat,Lizzy Rockwell | Rockwell,4.0,1.0,1997.0,6.0,"Juvenile literature | Nutrition | Food | Children | Nutrition, juvenile literature | Children, nutrition",eng,https://covers.openlibrary.org/b/id/24384-M.jpg,https://openlibrary.org/works/OL1826076W,Open Library API,nutrition,
Microorganisms in Foods 8,International Commission on Microbiological Specifications for Foods,,,2011.0,1.0,"Chemistry | Food, microbiology | Methods | Food | Food Industry | Food Inspection | Analysis | Standards | Food Microbiology | Food Safety | Food Analysis | Food, analysis | Food industry and trade | Food adulteration and inspection | Chemistry/Food Science, general",eng,https://covers.openlibrary.org/b/id/9908770-M.jpg,https://openlibrary.org/works/OL16995261W,Open Library API,food safety,
Essentials of agricultural economics,A. J. Adegeye,,,1982.0,3.0,Agriculture | Economic aspects | Economic aspects of Agriculture,eng,,https://openlibrary.org/works/OL5406028W,Open Library API,agriculture,
"Fermentation Microbiology and Biotechnology, Fourth Edition",E. M. T. El-Mansi | Jens Nielsen | David Mousdale | Ross P. Carlson,,,2018.0,5.0,Industrial microbiology | Fermentation,eng,https://covers.openlibrary.org/b/id/12438695-M.jpg,https://openlibrary.org/works/OL25225794W,Open Library API,fermentation,
Meet Me At The Cupcake Cafe,Jenny Colgan | Jenny Colgan,3.3333333,3.0,2011.0,9.0,"Bakers | New business enterprises | Fiction | Fiction, women | Confectioners | Life change events | Conduct of life | Women in the food industry | Fiction, general | Fiction, humorous, general | Fiction, romance, general",eng,https://covers.openlibrary.org/b/id/7825423-M.jpg,https://openlibrary.org/works/OL17561924W,Open Library API,food business,
Artisan bread in five minutes a day,Jeff Hertzberg,4.6666665,3.0,2007.0,5.0,Bread | Baking,eng,https://covers.openlibrary.org/b/id/7316076-M.jpg,https://openlibrary.org/works/OL9392539W,Open Library API,baking,
Nutrition,Joan Salge Blake,,,2009.0,20.0,Textbooks | Nutrition,eng,https://covers.openlibrary.org/b/id/10123322-M.jpg,https://openlibrary.org/works/OL18634124W,Open Library API,nutrition,
Essentials of food safety and sanitation,David Zachary McSwane,,,1998.0,2.0,Food service | Safety measures | Food handling | Sanitation,eng,https://covers.openlibrary.org/b/id/1114229-M.jpg,https://openlibrary.org/works/OL23646268W,Open Library API,food safety,
Principles of agribusiness management,James G. Beierlein,3.5,4.0,1986.0,5.0,"Agricultural industries | Management | Finance | Agriculture, economic aspects",eng,https://covers.openlibrary.org/b/id/1933180-M.jpg,https://openlibrary.org/works/OL3150795W,Open Library API,agriculture,
Nutritional ecology of the ruminant,Peter J. Van Soest,,,1982.0,4.0,Animal nutrition | Feeding and feeds | Feeds | Rumen fermentation | Ruminants,eng,https://covers.openlibrary.org/b/id/3873199-M.jpg,https://openlibrary.org/works/OL3463538W,Open Library API,fermentation,
Food and Beverage Cost Control,Jack E. Miller,,,2001.0,5.0,"Food service | Cost control | Industries | TRAVEL | Hospitality, Travel & Tourism | BUSINESS & ECONOMICS | Restaurants | Food industry and trade | Beverage industry | Services alimentaires | Coût | Contrôle",eng,https://covers.openlibrary.org/b/id/1244509-M.jpg,https://openlibrary.org/works/OL1802199W,Open Library API,food business,
How Baking Works,Paula I. Figoni,,,2003.0,7.0,Cooking & Food | Nonfiction | Baking,eng,https://covers.openlibrary.org/b/id/1250541-M.jpg,https://openlibrary.org/works/OL8227472W,Open Library API,baking,
Nourishing traditions,Sally Fallon,4.5,2.0,1995.0,5.0,Nutrition | Cookery | Cooking,eng,https://covers.openlibrary.org/b/id/732441-M.jpg,https://openlibrary.org/works/OL2846748W,Open Library API,nutrition,
Food Safety,Sharon Gordon,,,2001.0,2.0,Safety measures | Safety | Picture books | Food adulteration and inspection | Safety education | Food handling | Juvenile literature,eng,https://covers.openlibrary.org/b/id/1264166-M.jpg,https://openlibrary.org/works/OL4965466W,Open Library API,food safety,
Agricultural Research Updates,Prathamesh Gorawala,,,2012.0,19.0,"Agriculture | Agriculture, research",eng,https://covers.openlibrary.org/b/id/8942129-M.jpg,https://openlibrary.org/works/OL20284185W,Open Library API,agriculture,
Cultured Foods for Your Kitchen: 100 Recipes Featuring the Bold Flavors of Fermentation,Leda Scheintaub,,,2014.0,1.0,Fermented foods | Fermentation | Cooking | COOKING / General,eng,https://covers.openlibrary.org/b/id/8462109-M.jpg,https://openlibrary.org/works/OL19349796W,Open Library API,fermentation,
Hospitality marketing management,Robert D. Reid | David C. Bojanic,,,1989.0,8.0,"Accueil (Tourisme) | Business | Food service | Hospitality industry | Marketing | Nonfiction | Restaurants | Services alimentaires | Industries - Hospitality, Travel & Tourism | Business / Economics / Finance | Sales & marketing management | Food Service Management | Cooking | Business/Economics | Business & Economics / Hospitality, Travel & Tourism | Methods - Professional | Study and teaching | Hotel management | Restaurants, marketing",eng | und,https://covers.openlibrary.org/b/id/4142284-M.jpg,https://openlibrary.org/works/OL4807197W,Open Library API,food business,
Beard on bread,James Beard | Karl Stuecklen,,,1973.0,5.0,Bread | Baking,eng,https://covers.openlibrary.org/b/id/4507627-M.jpg,https://openlibrary.org/works/OL1925014W,Open Library API,baking,
Let's Get Well,Adelle Davis,4.0,4.0,1965.0,17.0,"Diet in disease | Diet in diseases | Popular Works | Nutritional Physiological Phenomena | Diet Therapy | Self-care, health | Nutrition",chi | eng,https://covers.openlibrary.org/b/id/6629531-M.jpg,https://openlibrary.org/works/OL99158W,Open Library API,nutrition,
A colony for an Indian reserve in Kansas,C. C. Hutchinson,3.75,4.0,1863.0,1.0,Agricultural colonies -- Kansas. | Ottawa Indians.,eng,,https://openlibrary.org/works/OL15437558M,Open Library API,agriculture,
Yeast,Chris White,,,2010.0,1.0,Brewing | Fermentation | Yeast,eng,https://covers.openlibrary.org/b/id/12184515-M.jpg,https://openlibrary.org/works/OL16651463W,Open Library API,fermentation,
The food truck handbook,David Weber,,,2012.0,1.0,Food service | Management | BUSINESS & ECONOMICS / Entrepreneurship | New business enterprises | Food industry and trade | Industrial management,eng,https://covers.openlibrary.org/b/id/14362919-M.jpg,https://openlibrary.org/works/OL16499629W,Open Library API,food business,
BakingStyle,Lisa Yockelson,,,2011.0,6.0,Baking,eng,https://covers.openlibrary.org/b/id/9435762-M.jpg,https://openlibrary.org/works/OL15632802W,Open Library API,baking,
Nutrition and physical degeneration,Weston A. Price | Weston Andrew Price,,,1938.0,15.0,Anthropology | Cariogenic Diet | Civilization | Diet | Diseases | Nutrition and dental health | Nutrition disorders | Nutritional anthropology | Nutritionally induced diseases | Primitive societies | Teeth | Tooth Diseases | Ernährungskrankheit | Ernährungsgewohnheit | Zahnkrankheit | Ernährung | Ureinwohner | Nutritional Physiological Phenomena | Physical Anthropology | Prehistoric peoples | Nutrition | Degeneration (Pathology) | Hygiene | Oral Health,eng,https://covers.openlibrary.org/b/id/676267-M.jpg,https://openlibrary.org/works/OL98980W,Open Library API,nutrition,
The certified HACCP auditor handbook,John G. Surak | Steven Wilson,,,2007.0,2.0,"Safety measures | Food adulteration and inspection | Hazard Analysis and Critical Control Point (Food safety system) | Food industry and trade | Food handling | Handbooks, manuals",eng,https://covers.openlibrary.org/b/id/2673210-M.jpg,https://openlibrary.org/works/OL18693388W,Open Library API,food safety,
The People of Sparks (Book of Ember #2),Jeanne DuPrau,3.8125,16.0,2004.0,11.0,Agriculture | Juvenile Fiction | Fiction | Traditional farming | Fantasy | War | Vandalism | Refugees | Children's fiction | Science fiction | Fantasy fiction | New York Times reviewed,spa | eng,https://covers.openlibrary.org/b/id/234047-M.jpg,https://openlibrary.org/works/OL4132757W,Open Library API,agriculture,
Brewing Yeast Fermentation Performance,Katherine Smart,,,2000.0,6.0,Fermentation | Yeast,eng,https://covers.openlibrary.org/b/id/1329284-M.jpg,https://openlibrary.org/works/OL8233200W,Open Library API,fermentation,
Feeding the World,Vaclav Smil,5.0,2.0,2000.0,3.0,Agricultural productivity | Food supply | Agriculture | Productivité | BUSINESS & ECONOMICS | Industries | Agribusiness | TECHNOLOGY & ENGINEERING | Sustainable Agriculture,eng,https://covers.openlibrary.org/b/id/150701-M.jpg,https://openlibrary.org/works/OL1855339W,Open Library API,food business,
Bunny Cakes (Max and Ruby),Rosemary Wells,4.6666665,3.0,1997.0,12.0,"Children's fiction | Rabbits, fiction | Baking | Brothers and sisters | Cake | Rabbits | Juvenile fiction | Fiction | Siblings | Brothers and sisters, fiction | Baking, fiction | Birthday cakes | Food, fiction | Siblings, fiction",spa | eng | ita | chi,https://covers.openlibrary.org/b/id/105467-M.jpg,https://openlibrary.org/works/OL32569W,Open Library API,baking,
Ilmu gizi,Sumarmo Sunaryo Poorwo Soedarmo | Achmad Djaeni Sediaoetama,4.0,2.0,1974.0,1.0,Nutrition | Diet | Food supply,ind,,https://openlibrary.org/works/OL22600114W,Open Library API,nutrition,
Methods in Food Analysis,Rui M. S. Cruz | Igor Khmelinski | Margarida Viera,,,2014.0,4.0,"Food, analysis | Food Analysis | Methods | Food | Analysis | BUSINESS & ECONOMICS | Infrastructure | SOCIAL SCIENCE | General | Safety measures | Food -- Safety measures",eng,https://covers.openlibrary.org/b/id/14496338-M.jpg,https://openlibrary.org/works/OL21260698W,Open Library API,food safety,
The Pests of Crops in Indonesia,Louis George Edmund Kalshoven,4.5,2.0,1950.0,4.0,Agricultural pests | Plant parasites | Beneficial insects | Insect pests | Zoology,ger | eng | dut,https://covers.openlibrary.org/b/id/14560299-M.jpg,https://openlibrary.org/works/OL6206697W,Open Library API,agriculture,
The Art of Making Fermented Sausages,Stanley Marianski,,,2008.0,3.0,Preservation | Sausages | Meat | Fermentation | Cookery (Sausages) | Cooking (Sausages),eng,https://covers.openlibrary.org/b/id/6304863-M.jpg,https://openlibrary.org/works/OL14955922W,Open Library API,fermentation,
Coffeeland,Augustine Sedgewick,5.0,1.0,2020.0,7.0,Beverage industry | Coffee trade | Coffee industry | History | Economic aspects | Globalization | HISTORY / Latin America / General | BUSINESS & ECONOMICS / Globalization | BUSINESS & ECONOMICS / Industries / Food Industry | Case studies,eng,https://covers.openlibrary.org/b/id/9416326-M.jpg,https://openlibrary.org/works/OL20730701W,Open Library API,food business,
The King Arthur Flour Baker's Companion,King Arthur Flour,,,2003.0,3.0,Baking | Baked products,eng,https://covers.openlibrary.org/b/id/678582-M.jpg,https://openlibrary.org/works/OL8587839W,Open Library API,baking,
Nutrition for dummies,Carol Ann Rinzler,,,2007.0,12.0,Nutrition | Dietetics,eng,https://covers.openlibrary.org/b/id/12414997-M.jpg,https://openlibrary.org/works/OL20029421W,Open Library API,nutrition,
Introduction to the US Food System,Roni Neff,,,2014.0,2.0,"Public health, united states | Food supply | Ecology | Food industry and trade | Environment | Food Industry | Nutritional Physiological Phenomena | Public Health | Food | Safety measures | Nutrition | Environmental aspects",eng,https://covers.openlibrary.org/b/id/9013361-M.jpg,https://openlibrary.org/works/OL20347793W,Open Library API,food safety,
Farm machinery,Claude Culpin,5.0,1.0,1952.0,15.0,Agricultural machinery | Machines agricoles,eng,https://covers.openlibrary.org/b/id/12653731-M.jpg,https://openlibrary.org/works/OL6722465W,Open Library API,agriculture,
Traditionally fermented foods,Shannon Stonger,,,2017.0,2.0,Cooking (Fermented foods) | Fermentation,eng,https://covers.openlibrary.org/b/id/14526880-M.jpg,https://openlibrary.org/works/OL19762337W,Open Library API,fermentation,
How to start & manage a sandwich shop/deli business,Jerre G. Lewis,,,1996.0,6.0,Management | New business enterprises | Small business | Food industry and trade | Delicatessens,eng,https://covers.openlibrary.org/b/id/5186953-M.jpg,https://openlibrary.org/works/OL3012835W,Open Library API,food business,
Baking,Emma Patmore,,,1998.0,6.0,Baking,eng,https://covers.openlibrary.org/b/id/10196071-M.jpg,https://openlibrary.org/works/OL20874537W,Open Library API,baking,
Advanced nutrition,Carolyn D. Berdanier | Janos Zempleni,4.0,2.0,1995.0,22.0,"Diet in disease | Dietary Carbohydrates | Dietary Fats | Dietary Proteins | Energy metabolism | Metabolism | Micronutrients | Minerals in nutrition | Nutrition | Nutrition Physiology | Trace elements | Vitamins | Food Science | Physiology | Medical / Nutrition | Life Sciences - Biochemistry | Medical | Medical / Nursing | Nutritional Physiological Phenomena | Métabolisme énergétique | Métabolisme | Physiologie de la nutrition | Nutrition, research | Low-protein diet | Dietary supplements | Energy Metabolism | American Cooking | Southwestern style | Cooking | Social life and customs",eng,https://covers.openlibrary.org/b/id/1598836-M.jpg,https://openlibrary.org/works/OL2736370W,Open Library API,nutrition,
Haccp,Sara E. Mortimore | Carol A. Wallace,,,2007.0,5.0,Food adulteration and inspection | Food handling | Hazard Analysis and Critical Control Point (Food safety system) | Safety measures | TECHNOLOGY & ENGINEERING / Food Science,eng,https://covers.openlibrary.org/b/id/13842123-M.jpg,https://openlibrary.org/works/OL21553022W,Open Library API,food safety,
"Agroforestry, principles and practices","Dwivedi, A. P.",,,1992.0,1.0,Agroforestry | Agriculture,eng,https://covers.openlibrary.org/b/id/13312834-M.jpg,https://openlibrary.org/works/OL3433698W,Open Library API,agriculture,
Economic analysis of fermentation processes,Harold B. Reisman,,,1988.0,7.0,Fermentation,eng,https://covers.openlibrary.org/b/id/4117793-M.jpg,https://openlibrary.org/works/OL4964665W,Open Library API,fermentation,
Homemade for sale,Lisa Kivirist | John Ivanko,,,2015.0,7.0,Marketing | Home-based businesses | Management | New business enterprises | Food industry and trade,eng,https://covers.openlibrary.org/b/id/12467413-M.jpg,https://openlibrary.org/works/OL20001838W,Open Library API,food business,
Bake from scratch,Brian Hart Hoffman,,,2018.0,5.0,Cake | Desserts | Baking | Pastry | Bread | Cooking | American Cooking | Southern style | Baked products | Pies | Cookies,eng,https://covers.openlibrary.org/b/id/12636763-M.jpg,https://openlibrary.org/works/OL19747699W,Open Library API,baking,
Nutrition,Janice Thompson | Janice Thompson | Melinda Manore,,,2008.0,6.0,Nutrition,eng,https://covers.openlibrary.org/b/id/2383983-M.jpg,https://openlibrary.org/works/OL12375910W,Open Library API,nutrition,
Aflatoxin and food safety,Hamed K. Abbas,,,2005.0,6.0,Food | Aflatoxins | Safety measures,eng,https://covers.openlibrary.org/b/id/13853331-M.jpg,https://openlibrary.org/works/OL19278883W,Open Library API,food safety,
A Painted House,John Grisham,4.0666666,15.0,2000.0,59.0,"Boys | Cotton farmers | Migrant labor | Nineteen fifties | Farm life | Fiction | Large type books | Rural families | Arkansas, fiction | Fiction, historical | New York Times reviewed | American fiction | Bildungsromans | Fiction, historical, general | Fiction, thrillers, suspense | Muchachos | Ficción | Vida agrícola | Familias rurales | Granjeros de algodón | Domestic fiction | Cotton growing | Tenant farmers | Mexican American migrant agricultural laborers | Migrant agricultural laborers | Baseball stories | Children's secrets",pol | por | rus | eng | ger | fre | spa | ita,https://covers.openlibrary.org/b/id/9322890-M.jpg,https://openlibrary.org/works/OL76991W,Open Library API,agriculture,
Fermented milks,A. Y. Tamime,,,2006.0,2.0,Fermented milk | Yogurt,eng,https://covers.openlibrary.org/b/id/1329259-M.jpg,https://openlibrary.org/works/OL19807942W,Open Library API,fermentation,
Food Sovereignty in International Context,Amy Trauger,,,2015.0,7.0,Food supply | Food security | SOCIAL SCIENCE / Agriculture & Food | Sécurité alimentaire | BUSINESS & ECONOMICS | Industries | General,eng,,https://openlibrary.org/works/OL21279705W,Open Library API,food business,
The Hummingbird Bakery Cookbook,Tarek Malouf,,,2009.0,4.0,Cakes | Cupcakes | Baking | Desserts | Hummingbird Bakery | Baked products | Cooking,eng,https://covers.openlibrary.org/b/id/7070063-M.jpg,https://openlibrary.org/works/OL13654063W,Open Library API,baking,
Medicinal secrets of your food,Aman,5.0,1.0,1969.0,2.0,Deficiency diseases | Diet therapy | Food | Nutrition | Nutrition Physiology,eng,,https://openlibrary.org/works/OL6998135W,Open Library API,nutrition,
International Food Safety Handbook,Kees Van der Heijden,,,2019.0,4.0,"Food adulteration and inspection | Handbooks, manuals | Food industry and trade | Safety measures | TECHNOLOGY | Food Science",eng,,https://openlibrary.org/works/OL28334277W,Open Library API,food safety,
Handy farm devices and how to make them,Rolfe Cobleigh,,,1910.0,21.0,"Handbooks, manuals | Design and construction | Farm equipment | Farm buildings | Agricultural implements | Agricultural machinery | Do-it-yourself work | Agriculture | Landbouwwerktuigen | Geschiedenis | Agriculture, handbooks, manuals, etc.",eng,https://covers.openlibrary.org/b/id/782418-M.jpg,https://openlibrary.org/works/OL2959120W,Open Library API,agriculture,
Food and gender,Carole Counihan | Steven L. Kaplan,,,1998.0,7.0,Infrastructure | SOCIAL SCIENCE | Food | Food habits | General | Social aspects | Psychological aspects | BUSINESS & ECONOMICS | Nutrition,eng,https://covers.openlibrary.org/b/id/8650164-M.jpg,https://openlibrary.org/works/OL19850720W,Open Library API,food business,
100 Great Breads,Paul Hollywood,,,2004.0,6.0,Bread | Baking | Cooking (Bread) | Baked products,eng,https://covers.openlibrary.org/b/id/893682-M.jpg,https://openlibrary.org/works/OL8494033W,Open Library API,baking,
How Not to Die,Michael Greger | Gene Stone,4.5333333,15.0,2015.0,7.0,"Nutrition | Self-care, Health | HEALTH & FITNESS / Nutrition | HEALTH & FITNESS / Healthy Living | HEALTH & FITNESS / Food Content Guides | Food preferences | Chronic diseases | Popular works | Longevity | nyt:advice-how-to-and-miscellaneous=2015-12-27 | New York Times bestseller",eng,https://covers.openlibrary.org/b/id/7398330-M.jpg,https://openlibrary.org/works/OL17319629W,Open Library API,nutrition,
Food Safety Management,Yasmine Motarjemi | Huub Lelieveld,,,2013.0,5.0,"Food handling | Food industry and trade | Food supply | Safety measures | Management | Risk factors | Food adulteration and inspection | Standards | Industry | Food science | Professional, career & trade -> food technology -> food science",eng,https://covers.openlibrary.org/b/id/13816716-M.jpg,https://openlibrary.org/works/OL21063473W,Open Library API,food safety,
Consolidação das leis do trabalho,Brazil,,,1943.0,102.0,Labor laws and legislation | Digests | Agricultural laborers | Labor courts,por | eng | spa,https://covers.openlibrary.org/b/id/12958956-M.jpg,https://openlibrary.org/works/OL15112624W,Open Library API,agriculture,
Microbiology and Technology of Fermented Foods,Robert W. Hutkins,,,2007.0,6.0,Fermentation,eng,https://covers.openlibrary.org/b/id/9233292-M.jpg,https://openlibrary.org/works/OL20592282W,Open Library API,fermentation,
Economics of agricultural development,George W. Norton,,,2009.0,23.0,"Agriculture | Economic aspects | Agriculture, economic aspects, developing countries | Food supply | Poverty | Sustainable agriculture | Sustainable development | Globalization | Developing countries, economic conditions | Agriculture, economic aspects | BUSINESS & ECONOMICS / General | BUSINESS & ECONOMICS / Development / Economic Development | BUSINESS & ECONOMICS / International / Economics | BUSINESS & ECONOMICS | Industries | Agribusiness | TECHNOLOGY & ENGINEERING | Sustainable Agriculture | General | Development | Economic Development | International | Economics",eng,https://covers.openlibrary.org/b/id/11624203-M.jpg,https://openlibrary.org/works/OL15626797W,Open Library API,food business,
The best mouse cookie,Laura Joffe Numeroff,5.0,2.0,1999.0,8.0,"Fiction | Cookies | Mice | Juvenile fiction | Baking | Mice, fiction | Baking, fiction | Children's fiction | Toy and movable books | Picture books",eng,https://covers.openlibrary.org/b/id/444628-M.jpg,https://openlibrary.org/works/OL61447W,Open Library API,baking,
Advances in applied microbiology,Allen I. Laskin | Geoffrey Michael Gadd | Sima Sariaslani,5.0,1.0,2008.0,80.0,Industrial microbiology | Microbiology | Biotechnology | Cell biology | Infectious diseases | Biological sciences & nutrition -> biology -> biotechnology | Allied health & medical -> medical -> infectious diseases | Biological sciences & nutrition -> biology -> molecular & cell biology | Biological sciences & nutrition -> biology -> general,eng,https://covers.openlibrary.org/b/id/8614384-M.jpg,https://openlibrary.org/works/OL19824143W,Open Library API,nutrition,
Fruits & vegetables,Paula Kurtzweil,,,1998.0,8.0,Safety measures | Food handling | Fruit | Vegetables,eng,,https://openlibrary.org/works/OL10355741W,Open Library API,food safety,
Apples,Gail Gibbons | Bonnie Kelley-Young,5.0,2.0,2000.0,12.0,"Deaf | Growth | Apples | Parties | Juvenile literature | Apples, juvenile literature | Agriculture",eng,https://covers.openlibrary.org/b/id/625438-M.jpg,https://openlibrary.org/works/OL51715W,Open Library API,agriculture,
Personal reminiscences of the Duke of Wellington,Francis Egerton Earl of Ellesmere,,,1903.0,4.0,Zymase | Fermentation,eng | ger,https://covers.openlibrary.org/b/id/5712918-M.jpg,https://openlibrary.org/works/OL1113119W,Open Library API,fermentation,
One hungry cat,Joanne Rocklin,,,1997.0,4.0,"Fiction | Division | Cats | Baking | Juvenile fiction | Children's fiction | Baking, fiction | Cats, fiction",chi | eng,https://covers.openlibrary.org/b/id/385842-M.jpg,https://openlibrary.org/works/OL121002W,Open Library API,baking,
"Nutrition, health, and safety for young children",Joanne Sorte,,,2010.0,14.0,"Health Promotion | Health and hygiene | Children- | Methods | Nutritional Requirements | Textbooks | Child Nutritional Physiology Phenomena | Infant | Nutrtion | Child Care | Child | Child Welfare | Children, health and hygiene | Children, nutrition | Child care | Child welfare | Health promotion | Nutrition | Children | Child nutritional physiology phenomena | Nutritional requirements",eng,https://covers.openlibrary.org/b/id/9021436-M.jpg,https://openlibrary.org/works/OL18667569W,Open Library API,nutrition,
The poison squad,Deborah Blum,5.0,1.0,2018.0,1.0,"United States | Safety measures | Government policy | Food additives | Food | Officials and employees | Safety regulations | Chemists | Food inspectors | United States. Bureau of Chemistry | Biography | History | New York Times reviewed | POLITICAL SCIENCE | Public Affairs & Administration | Public Policy | Agriculture & Food Policy | SOCIAL SCIENCE | Agriculture & Food | BUSINESS & ECONOMICS | Industries | Food Industry | Employees | Additifs alimentaires | Histoire | Approvisionnement en nourriture | Contrôle des aliments | Department of Agriculture (USA) | Lebensmittelüberwachung | Wiley, harvey washington, 1844-1930",eng,https://covers.openlibrary.org/b/id/14509885-M.jpg,https://openlibrary.org/works/OL19753509W,Open Library API,food safety,
Dinamika kelompok,Sunarru Samsi Hariadi,5.0,1.0,2011.0,1.0,Cooperative Agriculture | Rural development,ind,,https://openlibrary.org/works/OL16264442W,Open Library API,agriculture,
Fermentation biotechnology,Owen P. Ward,,,1988.0,3.0,Industrial microbiology | Fermentation,eng,https://covers.openlibrary.org/b/id/5391839-M.jpg,https://openlibrary.org/works/OL11738898W,Open Library API,fermentation,
Opportunities in culinary careers,Mary Deirdre Donovan,,,1990.0,4.0,"Vocational guidance | Business | Food service | Nonfiction | Careers | Food service, vocational guidance",eng,https://covers.openlibrary.org/b/id/58591-M.jpg,https://openlibrary.org/works/OL2670356W,Open Library API,food business,
Betty Crocker cookie book,Betty Crocker,,,2003.0,2.0,"Cookies | Cakes, baking, icing & sugarcraft | Methods - Baking | Baking - Confectionery | Cooking / Wine | Cooking | Courses & Dishes - Cookies | General | Cooking / Cookies",eng,https://covers.openlibrary.org/b/id/521092-M.jpg,https://openlibrary.org/works/OL15030288W,Open Library API,baking,
Prescription for nutritional healing,James F. Balch | Phyllis A. Balch | Stacey J. Bell,5.0,1.0,1990.0,25.0,"Nutrition | Diet therapy | Vitamin therapy | Herbs | Therapeutic use | Popular works | Vitamins | Herbal Medicine | Formulated Food | Nutritional Physiological Phenomena | Dietary supplements | Terapéutica dietética | Uso terapéutico | Obras populares | Nutrición | Vitaminoterapia | Hierbas medicinales y aromáticas | Handbooks, manuals | Handbooks, manuals, etc | Fitness & diet | Popular medicine | Healing | Holism | Health & Fitness | Consumer Health | Health/Fitness | Health & Fitness / Nutrition | Diet - | Vitamins - | Nutrition -",chi | eng,https://covers.openlibrary.org/b/id/4021092-M.jpg,https://openlibrary.org/works/OL551319W,Open Library API,nutrition,
Food safety in shrimp processing,Laxman Kanduri,,,2002.0,4.0,Food | Food adulteration and inspection | Safety measures | Shrimp industry,eng,https://covers.openlibrary.org/b/id/1602460-M.jpg,https://openlibrary.org/works/OL5963380W,Open Library API,food safety,
Permaculture one,Bill Mollison | David Holmgren,,,1978.0,4.0,Agriculture & related industries | Agricultural science,eng | fre,https://covers.openlibrary.org/b/id/702268-M.jpg,https://openlibrary.org/works/OL8658016W,Open Library API,agriculture,
Handbook of fermented meat and poultry,Fidel Toldrá | Y. H. Hui,,,2008.0,7.0,"Handbooks, manuals | Fermented foods | Fermentation | Preservation | Meat | TECHNOLOGY & ENGINEERING / Food Science",eng,https://covers.openlibrary.org/b/id/8533882-M.jpg,https://openlibrary.org/works/OL19612347W,Open Library API,fermentation,
Managing Risk and Performance,Thomas Stanton | Douglas W. Webster,,,2014.0,5.0,Risk management | Government executives | BUSINESS & ECONOMICS / Government & Business | Food | History | Food habits | Administrative agencies,eng,https://covers.openlibrary.org/b/id/10822688-M.jpg,https://openlibrary.org/works/OL21518311W,Open Library API,food business,
Betty Crocker's breads,Betty Crocker,,,1974.0,1.0,Baking | Bread,,https://covers.openlibrary.org/b/id/8256795-M.jpg,https://openlibrary.org/works/OL17928391W,Open Library API,baking,
Nutrition,Janice Thompson | Melinda Manore,,,2005.0,22.0,Nutrition | Diet,eng,https://covers.openlibrary.org/b/id/582070-M.jpg,https://openlibrary.org/works/OL21403593W,Open Library API,nutrition,
Aviation food safety,Erica Sheward,,,2006.0,3.0,Safety measures | Food contamination | Food | Food service | Food handling | Airlines | Prevention,eng,https://covers.openlibrary.org/b/id/9489261-M.jpg,https://openlibrary.org/works/OL16948299W,Open Library API,food safety,
The encyclopedia of country living,Carla Emery,4.5,2.0,1975.0,8.0,"Home economics | homesteading | recipes | Handbooks, manuals | how-to books | Agriculture | Gardening | American Cookery | Cookery | Country life | Agriculture, handbooks, manuals, etc. | Cooking",eng,https://covers.openlibrary.org/b/id/703603-M.jpg,https://openlibrary.org/works/OL2026168W,Open Library API,agriculture,
"Kombucha, Kefir, and Beyond",Alex Lewin | Raquel Guajardo,,,2017.0,2.0,Fermentation | Beverages,eng,https://covers.openlibrary.org/b/id/8850811-M.jpg,https://openlibrary.org/works/OL20200768W,Open Library API,fermentation,
Environment & Food,Colin Sage,,,2009.0,8.0,"Food habits | Environmental aspects | Food supply | Food preferences | Food | Human beings, effect of environment on | BUSINESS & ECONOMICS | Infrastructure | SOCIAL SCIENCE | General",eng,,https://openlibrary.org/works/OL9351775W,Open Library API,food business,
Everybody Bakes Bread,Norah Dooley,,,1996.0,3.0,"Baking | Bread | Fiction | Baking, fiction | Children's fiction",eng,https://covers.openlibrary.org/b/id/1628597-M.jpg,https://openlibrary.org/works/OL3746180W,Open Library API,baking,
The care and feeding of children,"Holt, L. Emmett | L. Emmett Holt | Luther Emmett Holt | Luther Emmett Holt",0.0,0.0,1894.0,72.0,Care and hygiene | Child Nutrition Physiology | Child care | Child care. | Children | Health and hygiene | Infant Nutrition Physiology | Infants | Nutrition | Child Nutrition | Niños | Nutrición | Salud e higiene | Feeding Behavior | Child Nutrition Disorders | Child Nutritional Physiological Phenomena | Popular works | Care | Child | Infant Nutritional Physiological Phenomena | Child Nutrition Sciences | Infant Care | Infant | Diet | Infant Food,eng | spa,https://covers.openlibrary.org/b/id/10679907-M.jpg,https://openlibrary.org/works/OL15230140W,Open Library API,nutrition,
"100,000,000 guinea pigs",Arthur Kallet,,,1932.0,9.0,Food adulteration and inspection | Drug adulteration | Patent medicines | Cosmetics | Cosmetics industry | Drugs | Analysis | Foodborne Diseases | Food Inspection | Drug Contamination | Poisoning | Testing | Food Contamination | Food Analysis | Pharmaceutical Preparations | Nonprescription Drugs | Nostrums | Adverse effects | Food Additives | Consumer Product Safety | Clock and watch making | Goldwork,fre | eng,https://covers.openlibrary.org/b/id/9693522-M.jpg,https://openlibrary.org/works/OL171759W,Open Library API,food safety,
A concept of agribusiness,John Herbert Davis,1.0,1.0,1957.0,1.0,Economic aspects | Agriculture | Economic aspects of Agriculture,eng,https://covers.openlibrary.org/b/id/9760695-M.jpg,https://openlibrary.org/works/OL7437935W,Open Library API,agriculture,
Fermented,Jill Ciciarelli | Bill Staley | Diane Sanfilippo,,,2013.0,2.0,Fermentation | Food | Dietary supplements | Fermented foods | Canning and preserving | Tp371.44 .c53 2013,eng,https://covers.openlibrary.org/b/id/11368483-M.jpg,https://openlibrary.org/works/OL21245424W,Open Library API,fermentation,
"Good food, great business",Susie Wyshak,,,2014.0,2.0,Cottage industries | Food industry and trade | Small business | Food service management,eng,https://covers.openlibrary.org/b/id/12936946-M.jpg,https://openlibrary.org/works/OL19998794W,Open Library API,food business,
Flour Water Salt Yeast,Ken Forkish,4.8,5.0,2012.0,2.0,Bread | COOKING / Courses & Dishes / Bread | COOKING / Methods / Baking | COOKING / Courses & Dishes / Pizza | Pizza | Cooking | nyt:advice-how-to-and-miscellaneous=2020-04-26 | New York Times bestseller | Baking | U.s. cooking,eng,https://covers.openlibrary.org/b/id/8163031-M.jpg,https://openlibrary.org/works/OL16626586W,Open Library API,baking,
Bigger Leaner Stronger,Michael Matthews,4.5,2.0,2012.0,4.0,Bodybuilding | Nutrition | Requirements | Physical fitness | Weight training | Exercise,eng,https://covers.openlibrary.org/b/id/10656236-M.jpg,https://openlibrary.org/works/OL24209011W,Open Library API,nutrition,
Pocket Dictionary Of Food Safety,Jeffrey T. Solate,,,2010.0,5.0,Food | Dictionaries | Safety measures,eng,https://covers.openlibrary.org/b/id/7573400-M.jpg,https://openlibrary.org/works/OL17435539W,Open Library API,food safety,
"Booker T. Whatley's handbook on how to make $100,000 farming 25 acres",Booker T. Whatley,5.0,1.0,1987.0,2.0,"Small Farms | Management | Agriculture | Handbooks, manuals",eng,https://covers.openlibrary.org/b/id/15117330-M.jpg,https://openlibrary.org/works/OL4973658W,Open Library API,agriculture,
Topics in Enzyme and Fermentation Biotechnology,Alan Wiseman,,,1977.0,10.0,Enzymes | Biochemical engineering | Fermentation | Biochemistry | Biotechnology,eng,https://covers.openlibrary.org/b/id/5050464-M.jpg,https://openlibrary.org/works/OL145577W,Open Library API,fermentation,
"Principles of Food, Beverage, and Labor Cost Controls",Paul R. Dittmer,,,2002.0,3.0,Business | Cost control | Food service | Nonfiction,eng,https://covers.openlibrary.org/b/id/304313-M.jpg,https://openlibrary.org/works/OL8226725W,Open Library API,food business,
Bake!,Nick Malgieri,,,2010.0,2.0,Baking | Pastry,eng,https://covers.openlibrary.org/b/id/13059378-M.jpg,https://openlibrary.org/works/OL19942044W,Open Library API,baking,
6 weeks to a Hollywood body,Steve Zim,4.6,5.0,2006.0,2.0,Nutrition | Health and hygiene | Celebrities | Physical fitness | Bodybuilding | Exercise,eng,https://covers.openlibrary.org/b/id/306500-M.jpg,https://openlibrary.org/works/OL5827745W,Open Library API,nutrition,
Advances in food diagnostics,Leo M. L. Nollet | Fidel Toldrá | Y. H. Hui,,,2007.0,7.0,Food | Safety measures | Quality | Analysis | Food adulteration and inspection,eng,https://covers.openlibrary.org/b/id/8524931-M.jpg,https://openlibrary.org/works/OL19558997W,Open Library API,food safety,
Commercial Hydroponics,John Mason - undifferentiated,5.0,1.0,1990.0,4.0,Hydroponics | Agriculture,eng,https://covers.openlibrary.org/b/id/654647-M.jpg,https://openlibrary.org/works/OL2849361W,Open Library API,agriculture,
Fermentation and Enzyme Technology (Techniques in Pure and Applied Microbiology),Charles L. Cooney | Arnold L. Demain | Peter Dunnill,,,1979.0,1.0,Enzymes | Microbiology | Chemical engineering | Fermentation | Industrial applications | Chemical Engineering,eng,https://covers.openlibrary.org/b/id/4432365-M.jpg,https://openlibrary.org/works/OL19335068W,Open Library API,fermentation,
Food Security Policy Evaluation and Impact Assessment,Sheryl. L. Hendriks,,,2019.0,6.0,"Food supply, government policy | Food security | Food supply | Government policy | BUSINESS & ECONOMICS | Development | Sustainable Development",eng,https://covers.openlibrary.org/b/id/13724656-M.jpg,https://openlibrary.org/works/OL21650701W,Open Library API,food business,
Baking and Pastry,Culinary Institute of America.,,,2004.0,1.0,Desserts | Baking | Pastry,eng,https://covers.openlibrary.org/b/id/304831-M.jpg,https://openlibrary.org/works/OL8226629W,Open Library API,baking,
Mental and Elemental Nutrients,Carl C. Pfeiffer,,,1976.0,1.0,Nutrition | Nutritional aspects | Diet | Mental illness,eng,https://covers.openlibrary.org/b/id/4734343-M.jpg,https://openlibrary.org/works/OL8565107W,Open Library API,nutrition,
Food Safety and Technology Governance,Ching-Fu Lin | Kuei-Jung Ni,,,2022.0,5.0,Home economics | Food | Safety measures | Food industry and trade | Safety regulations,eng,,https://openlibrary.org/works/OL28024957W,Open Library API,food safety,
Mini farming,Brett L. Markham,,,2010.0,9.0,"Small Farms | Agriculture | Self-reliant living | Handbooks, manuals | Agriculture, handbooks, manuals, etc. | Family farms",eng,https://covers.openlibrary.org/b/id/9259707-M.jpg,https://openlibrary.org/works/OL15568312W,Open Library API,agriculture,
Fermented,Charlotte Pike,,,2015.0,1.0,Fermentation,eng,,https://openlibrary.org/works/OL27795955W,Open Library API,fermentation,
In-N-Out Burger,Stacy Perman,,,2009.0,6.0,Biography & Autobiography | Business | Fast food restaurants | History | In-N-Out Burger (Firm) | Nonfiction,eng,https://covers.openlibrary.org/b/id/11652807-M.jpg,https://openlibrary.org/works/OL7951428W,Open Library API,food business,
How to bake,Nick Malgieri,,,1995.0,4.0,Baking,eng,https://covers.openlibrary.org/b/id/22192-M.jpg,https://openlibrary.org/works/OL2756130W,Open Library API,baking,
Wardlaw's perspectives in nutrition,Carol Byrd-Bredbenner,,,2008.0,9.0,Nutrition | Nutritional Physiological Phenomena,eng,https://covers.openlibrary.org/b/id/8733423-M.jpg,https://openlibrary.org/works/OL16567384W,Open Library API,nutrition,
Essentials of Food Safety and Sanitation,David McSwane | Nancy R. Rue | Richard Linton | Anna Graf Willliams | FMI Staff,,,2004.0,1.0,Food service | Food handling | Sanitation | Safety measures,eng,https://covers.openlibrary.org/b/id/12192763-M.jpg,https://openlibrary.org/works/OL21394005W,Open Library API,food safety,
"Agricultural machines, theory and construction",Henryk Bernacki,5.0,1.0,1972.0,1.0,Agricultural machinery,eng,,https://openlibrary.org/works/OL10782709W,Open Library API,agriculture,
Microbial technology,Henry J. Peppler,,,1967.0,2.0,Industrial microbiology | Fermentation | Microorganisms,eng,https://covers.openlibrary.org/b/id/14374327-M.jpg,https://openlibrary.org/works/OL22586061W,Open Library API,fermentation,
The book of yields,Francis Talyn Lynch,,,2004.0,5.0,"Food | Tables | Weights and measures | Analysis | Food, analysis | Food, tables | Business &amp; economics | Industries",eng,https://covers.openlibrary.org/b/id/12695468-M.jpg,https://openlibrary.org/works/OL2150662W,Open Library API,food business,
Betty Crocker Baking for Today,Betty Crocker,,,2005.0,2.0,Baking,eng,https://covers.openlibrary.org/b/id/522714-M.jpg,https://openlibrary.org/works/OL268730W,Open Library API,baking,
"ASPEN Parenteral Nutrition Handbook, Third Edition",Phil Ayers | Elizabeth Bobo | Ryan Hurt | Andrew Mays | Patricia Worthington,,,2020.0,3.0,Medicine | Nutrition,eng,,https://openlibrary.org/works/OL20767901W,Open Library API,nutrition,
Improving Import Food Safety,Darryl Sullivan,,,2012.0,5.0,Safety measures | TECHNOLOGY & ENGINEERING / Food Science | Food | Safety regulations | Food industry and trade | Standards,eng,https://covers.openlibrary.org/b/id/7640421-M.jpg,https://openlibrary.org/works/OL17469111W,Open Library API,food safety,
Under the feet of Jesus,Helena María Viramontes,3.3333333,3.0,1995.0,6.0,"Fiction | Mexican American families | Mexican American women | Migrant agricultural laborers | Mexican Americans | Migrant agricultural laborers -- United States -- Fiction | Mexican American families -- Fiction | Mexican American women -- Fiction | Mexican Americans -- Fiction | Jesus christ | Jesus christ, biography",eng,https://covers.openlibrary.org/b/id/3888921-M.jpg,https://openlibrary.org/works/OL3086852W,Open Library API,agriculture,
Microbiology and Technology of Fermented Foods,Robert Hutkins,,,2006.0,1.0,Textbooks | Fermented foods | Microbiology | Fermentation,eng,https://covers.openlibrary.org/b/id/1541657-M.jpg,https://openlibrary.org/works/OL8499116W,Open Library API,fermentation,
Human Resource Management in the Hotel and Catering Industry,M. J. Boella,,,1987.0,7.0,Hospitality industry | Personnel management | Hotels | Food service | Services alimentaires | Personnel | Direction | BUSINESS & ECONOMICS | Small Business,eng,https://covers.openlibrary.org/b/id/10202119-M.jpg,https://openlibrary.org/works/OL8461675W,Open Library API,food business,
The Baking Cookbook,Parragon,,,2011.0,1.0,Baking | Cookbooks,eng,https://covers.openlibrary.org/b/id/12493328-M.jpg,https://openlibrary.org/works/OL26455502W,Open Library API,baking,
Let's have healthy children,Adelle Davis,,,1951.0,13.0,"Nutrition | Nutritional aspects | Pregnancy | Nutritional aspects of Pregnancy | Infants | Infants, nutrition | Pregnancy, nutritional aspects | Child Nutritional Physiological Phenomena | Infant Nutritional Physiological Phenomena",eng,https://covers.openlibrary.org/b/id/4523930-M.jpg,https://openlibrary.org/works/OL99159W,Open Library API,nutrition,
Food preservation techniques,P. Zeuthen,,,2003.0,2.0,"Food | Safety measures | Preservation | Food, preservation",eng,https://covers.openlibrary.org/b/id/2053745-M.jpg,https://openlibrary.org/works/OL16920894W,Open Library API,food safety,
Agricultural Relief,United States. Congress. House. Committee on Agriculture,,,1971.0,43.0,"Agricultural cooperative credit associations | Agricultural price supports | Agricultural prices | Agriculture | Agriculture, Cooperative | American Surplus agricultural commodities | Cooperative Agriculture | Economic aspects | Economic aspects of Agriculture | Farm produce | Law and legislation | Marketing | Surplus agricultural commodities, American",eng,,https://openlibrary.org/works/OL10875763W,Open Library API,agriculture,
Études sur la bière,Louis Pasteur,5.0,1.0,1876.0,1.0,Beer | Fermentation,fre,https://covers.openlibrary.org/b/id/6343656-M.jpg,https://openlibrary.org/works/OL17775940W,Open Library API,fermentation,
Sweetness and power,Sidney Wilfred Mintz | Tom Perkins,4.0,2.0,1985.0,3.0,History | Social aspects | Social aspects of Sugar | Social aspects of Sugar trade | Sugar | Sugar trade | Sucre | Industrie | Histoire | Aspect social | Commerce | ASPECTOS SOCIALES | AZUCAR | Feeding Behavior | Antropologische aspecten | HISTORIA | Voedingsgewoonten | Sociale aspecten | Suiker | Carbohydrates | INDUSTRIA AZUCARERA | BUSINESS & ECONOMICS | Industries | General | Caribbean & West Indies | Geschichte | Kultur | Zucker | Suikerhandel | Food,eng,https://covers.openlibrary.org/b/id/94242-M.jpg,https://openlibrary.org/works/OL1413516W,Open Library API,food business,
Homemade cookies cook book,Nancy Morton,,,1975.0,2.0,Cookies | Baking,eng,https://covers.openlibrary.org/b/id/6512376-M.jpg,https://openlibrary.org/works/OL15142218W,Open Library API,baking,
How to live 365 days a year,John A. Schindler,4.142857,14.0,1954.0,20.0,"Health | Longevity | Mental health | Popular Medicine | Psychosomatic Medicine | Rejuvenation | Nutrition | Self-help techniques | Psychology, applied | Interpersonal relations | Conduct of life",spa | vie | eng | ger,https://covers.openlibrary.org/b/id/513413-M.jpg,https://openlibrary.org/works/OL7497934W,Open Library API,nutrition,
What's the beef,Christopher K. Ansell | David Vogel,,,2006.0,2.0,Food service | Safety measures | Food handling,eng,https://covers.openlibrary.org/b/id/1153554-M.jpg,https://openlibrary.org/works/OL19167503W,Open Library API,food safety,
The agricultural revolution,Eric Kerridge,5.0,1.0,1967.0,10.0,"Agriculture | History | Agriculture, great britain, history",eng,https://covers.openlibrary.org/b/id/13004852-M.jpg,https://openlibrary.org/works/OL4115220W,Open Library API,agriculture,
The theory and practice of brewing illustrated ...,William Littell Tizard,,,1846.0,6.0,Beer | Fermentation,eng,https://covers.openlibrary.org/b/id/7954325-M.jpg,https://openlibrary.org/works/OL17680907W,Open Library API,fermentation,
Label halal,Muhammad,,,2009.0,1.0,Food | Muslims | Dietary laws | Business | Islam,ind,,https://openlibrary.org/works/OL16191972W,Open Library API,food business,
Practical baking,William J. Sultan,,,1965.0,7.0,Baking,und | eng,https://covers.openlibrary.org/b/id/11697740-M.jpg,https://openlibrary.org/works/OL4646286W,Open Library API,baking,
Visualizing nutrition,Mary B. Grosvenor,,,2010.0,19.0,Textbooks | Nutrition,eng,https://covers.openlibrary.org/b/id/10124853-M.jpg,https://openlibrary.org/works/OL15440775W,Open Library API,nutrition,
Food Regulation,Neal D. Fortin,,,2008.0,12.0,Food law and legislation | Food industry and trade | Food adulteration and inspection | Safety regulations | TECHNOLOGY & ENGINEERING | Food Science | SOCIAL SCIENCE | Agriculture & Food | LAW | Agricultural,eng,https://covers.openlibrary.org/b/id/12437178-M.jpg,https://openlibrary.org/works/OL21107226W,Open Library API,food safety,
Agribusiness management,Jay T. Akridge,,,2012.0,5.0,"Agricultural industries | Management | Agriculture | Economic aspects | Industrial management | Agriculture, economic aspects",eng,https://covers.openlibrary.org/b/id/12591382-M.jpg,https://openlibrary.org/works/OL16152916W,Open Library API,agriculture,
Bacterial fermentations,Horace Albert Barker,,,1956.0,3.0,Bacteria | Fermentation,eng,https://covers.openlibrary.org/b/id/7028013-M.jpg,https://openlibrary.org/works/OL7518385W,Open Library API,fermentation,
Weekend baking,Sarah Randell,,,2010.0,2.0,Desserts | Baking,eng,https://covers.openlibrary.org/b/id/9462978-M.jpg,https://openlibrary.org/works/OL15975401W,Open Library API,baking,
Nutrition and diet therapy,"Williams, Sue Rodwell. | Sue Rodwell Williams",1.0,1.0,1969.0,10.0,Diet therapy | Dietetics | Nutrition | Nutrition. 2 | Popular works | Diétothérapie | Nutritional Physiological Phenomena | Physiologie de la nutrition | Régimes | Diet in disease,eng,https://covers.openlibrary.org/b/id/3931358-M.jpg,https://openlibrary.org/works/OL2231038W,Open Library API,nutrition,
Food Policy,Arlene Spark,,,2012.0,4.0,Nutrition policy | Food consumption | Food supply | Government policy | Food security | Food | Safety measures | Food industry and trade,eng,https://covers.openlibrary.org/b/id/14384383-M.jpg,https://openlibrary.org/works/OL21241276W,Open Library API,food safety,
Ilmu usaha-tani,R. Anwas Adiwilaga,,,1972.0,1.0,Agriculture,ind,,https://openlibrary.org/works/OL6657227W,Open Library API,agriculture,
The soluble ferments and fermentation,J. Reynolds Green,,,1899.0,3.0,Enzymes | Fermentation,eng,https://covers.openlibrary.org/b/id/7919149-M.jpg,https://openlibrary.org/works/OL1470273W,Open Library API,fermentation,
Dining room and banquet management,Anthony J. Strianese | Pamela P. Strianese,,,1990.0,6.0,"Food service management | Administracion | Servicio de alimentos | Careers guidance | Hotel And Restaurant Management | Business & Economics | Careers / Job Opportunities | Business/Economics | Careers - General | Industries - Hospitality, Travel & Tourism | Banquet; Banquet Management; Dining Room Management; Strianese; Dining Room; Plate Settings; Business Management | Business & Economics / Careers",eng,https://covers.openlibrary.org/b/id/1574312-M.jpg,https://openlibrary.org/works/OL3276990W,Open Library API,food business,
President of the whole fifth grade,Sherri Winston,5.0,3.0,2010.0,9.0,"Baking | Elections | Fiction | Leadership | Schools | Juvenile fiction | Children's fiction | Elections, fiction | Baking, fiction | Schools, fiction | African Americans",eng,https://covers.openlibrary.org/b/id/9907594-M.jpg,https://openlibrary.org/works/OL15631919W,Open Library API,baking,
Understanding Nutrition,Eleanor Noss Whitney | ELLIE WHITNEY / SHARON RADY ROLFES | Whitney | Sharon Rady Rolfes,5.0,2.0,1977.0,52.0,"Nutrition | Metabolism | open_syllabus_project | Alimentation | Nutritional Physiological Phenomena | Metabolisme | Food | Voeding | Diet Therapy | Diet | Textbooks | Flute | Methods | Early works to 1800 | Flute music | Interpretation (Phrasing, dynamics, etc.) | Musical accompaniment | Instruction and study | Physiology",eng | ger,https://covers.openlibrary.org/b/id/10679950-M.jpg,https://openlibrary.org/works/OL1953253W,Open Library API,nutrition,
Food Safety,Nina E. Redman,,,2000.0,5.0,"Safety measures | Food industry and trade | Handbooks, manuals | Food adulteration and inspection | Food adulteration and inspection -- Handbooks, manuals, etc | Food industry and trade -- Safety measures -- Handbooks, manuals, etc | Food industry and trade -- Safety measures | Lebensmittel | Qualitätssicherung | Sicherheit",eng,https://covers.openlibrary.org/b/id/829741-M.jpg,https://openlibrary.org/works/OL8924904W,Open Library API,food safety,
The Vertical Farm,Dickson D. Despommier,4.0,1.0,2010.0,1.0,Green Revolution | Urban Land use | Agricultural innovations | Environmental aspects | Agriculture | Alternative agriculture | Urban agriculture,eng,https://covers.openlibrary.org/b/id/6608061-M.jpg,https://openlibrary.org/works/OL15394496W,Open Library API,agriculture,
Fermentation Microbiology and Biotechnology,C. F. A. Bryce | E. M. T. El-Mansi,,,1999.0,3.0,Fermentation | Enzymes,eng,,https://openlibrary.org/works/OL22053369W,Open Library API,fermentation,
Food City,C. J. Lim,,,2014.0,6.0,"Food industry and trade | Food, transportation | Food service | City planning | Case studies | Food | Transportation | ARCHITECTURE / General | Aliments | Études de cas | Transport | Services alimentaires | BUSINESS & ECONOMICS | Industries | General",eng,https://covers.openlibrary.org/b/id/13311056-M.jpg,https://openlibrary.org/works/OL21246243W,Open Library API,food business,
The Pillsbury bake-off cookbook,Pillsbury Company | Diane B. Anderson | Elaine Christiansen,,,1990.0,2.0,Baking,eng,https://covers.openlibrary.org/b/id/8104346-M.jpg,https://openlibrary.org/works/OL17815569W,Open Library API,baking,
Introduction to human nutrition,Michael J. Gibney,,,2009.0,7.0,"Food | Nutrition | Nutritional Physiological Phenomena | Nutrition, psychological aspects",eng,https://covers.openlibrary.org/b/id/8665070-M.jpg,https://openlibrary.org/works/OL16937042W,Open Library API,nutrition,
Food-related services,United States. General Accounting Office,,,1997.0,7.0,Costs | Food | Safety measures | User charges | Food adulteration and inspection,eng,,https://openlibrary.org/works/OL564892W,Open Library API,food safety,
Farm management pocketbook,John Nix,5.0,1.0,1966.0,34.0,"Farm management | Handbooks, manuals | Agriculture, great britain",eng,https://covers.openlibrary.org/b/id/8825660-M.jpg,https://openlibrary.org/works/OL4187827W,Open Library API,agriculture,
Novel Food Fermentation Technologies,K. Shikha Ojha | Brijesh K. Tiwari,,,2016.0,3.0,Food | Fermentation,eng,https://covers.openlibrary.org/b/id/10119640-M.jpg,https://openlibrary.org/works/OL20817814W,Open Library API,fermentation,
Sustainable Diets,Pamela Mason | Tim Lang,,,2017.0,6.0,Food supply | Nutrition | Diet | Environmental aspects | Food consumption | Agrobiodiversity | Aliments | Consommation | Aspect de l'environnement | Alimentation | Biodiversité agricole | BUSINESS & ECONOMICS | Industries | General | Food | Economics | Food Preferences | Ecology,eng,https://covers.openlibrary.org/b/id/8873313-M.jpg,https://openlibrary.org/works/OL20220922W,Open Library API,food business,
Baking at home with the Culinary Institute of America,Culinary Institute of America.,5.0,1.0,2004.0,1.0,Baking | Cake | Bread,eng,https://covers.openlibrary.org/b/id/304914-M.jpg,https://openlibrary.org/works/OL18151463W,Open Library API,baking,
Food safety,Joan Kalbacken,,,1998.0,2.0,Foodborne diseases | Food handling | Juvenile literature | Safety measures | Food adulteration and inspection | Food,eng,https://covers.openlibrary.org/b/id/6783430-M.jpg,https://openlibrary.org/works/OL15800577W,Open Library API,food safety,
"Fields, Factories, and Workshops",Peter Kropotkin,,,1899.0,89.0,"Agriculture | Anarchism | Anarchist Thought | Economic aspects | Economic aspects of Agriculture | Economic history | Economics | Industries | Technical education | Histoire e conomique | Économie politique | Aspect économique | Industrie | Factories | Workshops | Economic history, 1750-1918 | Anarchisme | Enseignement technique | BUSINESS & ECONOMICS / Economic History | BUSINESS & ECONOMICS / Economics / General | Philosophy | Agriculture, economic aspects | Agriculture, economic aspects, europe | Industries, europe",fre | ger | ita | spa | dut | jpn | yid | dan | rus | eng,https://covers.openlibrary.org/b/id/10147288-M.jpg,https://openlibrary.org/works/OL1105381W,Open Library API,agriculture,
Fermented foods for vitality & health,Dunja Gulin,,,2015.0,1.0,Fermented foods | Probiotics | Cooking (Fermented foods) | Health aspects | Cooking,eng,https://covers.openlibrary.org/b/id/13033864-M.jpg,https://openlibrary.org/works/OL20003784W,Open Library API,fermentation,
Setting up a food drying business,Fabrice Thuillier,,,2002.0,2.0,"Dried food industry | New business enterprises | Food, drying | Business planning",eng,https://covers.openlibrary.org/b/id/2048391-M.jpg,https://openlibrary.org/works/OL6060847W,Open Library API,food business,
Bake Good Things,Williams-Sonoma Editors,,,2017.0,1.0,Baking,eng,https://covers.openlibrary.org/b/id/10609706-M.jpg,https://openlibrary.org/works/OL21095625W,Open Library API,baking,
Nutrition through the life cycle,Judith E. Brown | Janet Isaacs | Beate Krinke | Maureen Murtaugh | Carolyn Sharbaugh,,,2004.0,10.0,"Nutrition | Children | Older people | Dietetics & nutrition | Health/Fitness | Health & Fitness | Medical / Nursing | Textbooks | Physiology | Medical / Nutrition | Older people, nutrition | Children, nutrition | Nutritional Physiological Phenomena | Human Development | Children -- Nutrition | Older people -- Nutrition | Human Development -- physiology | Study and teaching | Evaluation | Human Life cycle",eng,https://covers.openlibrary.org/b/id/1274621-M.jpg,https://openlibrary.org/works/OL19101888W,Open Library API,nutrition,
Microbial Food Safety and Preservation Techniques,V. Ravishankar Rai | Jamuna A. Bai,,,2014.0,5.0,"Food, microbiology | Food handling | Food presentation | Food Microbiology | Food Safety | Food Handling | Food Preservation | Methods",eng,,https://openlibrary.org/works/OL21264738W,Open Library API,food safety,
The food of the gods and how it came to earth,H. G. Wells,3.7777777,18.0,1900.0,194.0,"Fiction | Giants | Growth factors | Food supply | Science fiction | Agriculture | Experimentation | Fiction, science fiction, general | British and irish fiction (fictional works by one author) | Scientists | Artificial foods | English literature | English fiction | English Science fiction | Giants -- Fiction",por | eng,https://covers.openlibrary.org/b/id/314687-M.jpg,https://openlibrary.org/works/OL52195W,Open Library API,agriculture,
Fermentation processes engineering in the food industry,Carlos Ricardo Soccol | Ashok Pandey | Christian Larroche,,,2013.0,6.0,Food industry and trade | Fermentation | Food | Fermented foods | TECHNOLOGY & ENGINEERING | Food Science,eng,https://covers.openlibrary.org/b/id/8086640-M.jpg,https://openlibrary.org/works/OL17802057W,Open Library API,fermentation,
Endless appetites,Alan Bjerga,,,2011.0,5.0,Food prices | Food security | BUSINESS & ECONOMICS / Finance | Food supply | Hunger,eng,,https://openlibrary.org/works/OL16486235W,Open Library API,food business,
The unofficial hunger games cookbook,Emily Ansara Baines,,,2011.0,3.0,Cooking | Baking,eng,https://covers.openlibrary.org/b/id/12489932-M.jpg,https://openlibrary.org/works/OL16589208W,Open Library API,baking,
Superhero Nutrition,Steve Zim | Steven Stiefel,4.25,4.0,2018.0,1.0,weight loss | health | Wellness | nutrition | recipes,,https://covers.openlibrary.org/b/id/9209373-M.jpg,https://openlibrary.org/works/OL20567504W,Open Library API,nutrition,
Food safety,Carol Ballard,,,2010.0,1.0,"Food | Safety measures | Juvenile literature | Food, juvenile literature",eng,https://covers.openlibrary.org/b/id/7085210-M.jpg,https://openlibrary.org/works/OL2626795W,Open Library API,food safety,
Agricultural process engineering,S. M. Henderson,,,1955.0,3.0,Agricultural engineering | Agricultural machinery | Agricultural processing | Food | Farm produce | Preservation,eng,https://covers.openlibrary.org/b/id/4451935-M.jpg,https://openlibrary.org/works/OL2771413W,Open Library API,agriculture,
Practical fermentation technology,B. McNeil,,,2008.0,2.0,Fermentation,eng,https://covers.openlibrary.org/b/id/2423251-M.jpg,https://openlibrary.org/works/OL13288421W,Open Library API,fermentation,
The Complete Idiots Guide To Starting A Food Truck Business,Scott Baitinger,,,2012.0,1.0,Food service | New business enterprises | Food trucks | Management,,https://covers.openlibrary.org/b/id/7494378-M.jpg,https://openlibrary.org/works/OL17395740W,Open Library API,food business,
Baking bible,Robert P. Winston,,,2008.0,1.0,Baking | Cookery,eng,https://covers.openlibrary.org/b/id/11956070-M.jpg,https://openlibrary.org/works/OL25068703W,Open Library API,baking,
Advanced nutrition and human metabolism,James L. Groff,,,1995.0,4.0,Nutrition | Nutrition Physiology | Metabolism,eng,https://covers.openlibrary.org/b/id/1173892-M.jpg,https://openlibrary.org/works/OL3492595W,Open Library API,nutrition,
Culinary Infrastructure,Jeffrey Pilcher,,,2017.0,5.0,Food industry and trade | Food supply | History | Food | Safety measures,eng,,https://openlibrary.org/works/OL21302416W,Open Library API,food safety,
Agricultural microbiology,G. Rangaswami,3.0,1.0,1966.0,2.0,Agricultural microbiology,eng,,https://openlibrary.org/works/OL63664W,Open Library API,agriculture,
Advances in Fermented Foods and Beverages,W. Holzapfel,,,2014.0,2.0,Fermentation | Beverages | Fermented foods | Microbiology,eng,,https://openlibrary.org/works/OL25686672W,Open Library API,fermentation,
Successful wine marketing,Kirby S Moulton | James Lapsley | Kirby Moulton,,,2001.0,4.0,"Marketing | Wine industry | Wine | Fermented foods | Safety measures | Food industry and trade | Food & beverage technology | Industries - Agribusiness | Business / Economics / Finance | Business & Economics | Business/Economics | Beverages - Wine & Spirits | Marketing - General | Business & Economics / Marketing / General | Business & Economics-Industries - Agribusiness | Cooking-Beverages - Wine & Spirits | Technology / Food Industry & Science | wine, viticulture | Development - Business Development | Fermentation | Wine and wine making",eng,https://covers.openlibrary.org/b/id/8648638-M.jpg,https://openlibrary.org/works/OL18208017W,Open Library API,food business,
Baking,Chuck Williams,,,2005.0,1.0,Baking,eng,https://covers.openlibrary.org/b/id/644664-M.jpg,https://openlibrary.org/works/OL20139533W,Open Library API,baking,
Food code,Oregon. Food Safety Division.,,,2002.0,2.0,Government policy | Food | Food handling | Safety measures,eng,,https://openlibrary.org/works/OL11665204W,Open Library API,food safety,
Publication Cancelled,Cancelled Publication,,,2015.0,53.0,Agriculture,eng | rus,,https://openlibrary.org/works/OL25386363W,Open Library API,agriculture,
The fermented man,Derek Dellinger,,,2016.0,5.0,Functional foods | Probiotics | Fermented foods | Food | Dietary supplements,eng,https://covers.openlibrary.org/b/id/13093440-M.jpg,https://openlibrary.org/works/OL20032476W,Open Library API,fermentation,
Home baking,Jo Wheatley,,,2014.0,1.0,Cookbooks | Baking | Baked products,eng,https://covers.openlibrary.org/b/id/10182756-M.jpg,https://openlibrary.org/works/OL20865378W,Open Library API,baking,
Nutritional assessment,"Lee, Robert D. | Robert D Lee | David C. Nieman",,,1993.0,5.0,Diagnosis | Evaluation | Nutrition | Nutrition Assessment | Nutrition disorders | Nutrition surveys | Nutritional Status | Dietetics & nutrition | Diets - General | Nutrition | Medical / Nutrition | Medical | Medical / Nursing | Textbooks | Diagnosis | Evaluation | Nutrition disorders | Nutrition surveys | Nutrition Disorders | Ernährungserhebung | Nutritional Physiological Phenomena | Health &amp; fitness,eng,https://covers.openlibrary.org/b/id/4010754-M.jpg,https://openlibrary.org/works/OL2936993W,Open Library API,nutrition,
Supervisor's Guide to Food Safety and Sanitation,David McSwane | Nancy R. Rue | Richard Linton | Anna Graf Willliams,,,2003.0,2.0,Food handling | Food service | Sanitation | Safety measures,eng,https://covers.openlibrary.org/b/id/1103292-M.jpg,https://openlibrary.org/works/OL17836866W,Open Library API,food safety,
Permaculture,Bill Mollison,4.0,2.0,1998.0,1.0,"Permaculture | Organic farming | Agricultural ecology | Handbooks, manuals | Organic gardening",eng,https://covers.openlibrary.org/b/id/14811982-M.jpg,https://openlibrary.org/works/OL16975983W,Open Library API,agriculture,
Fermented beverage production,John R. Piggott,,,2003.0,6.0,Fermentation | Alcoholic beverage industry | Beverages,eng,https://covers.openlibrary.org/b/id/1164614-M.jpg,https://openlibrary.org/works/OL18265368W,Open Library API,fermentation,
Halal Logistics and Supply Chain Management in Southeast Asia,Nor Aida Abdul Rahman | Azizul Hassan | Mohammad Fakhrulnizam Mohammad,,,2020.0,6.0,Economics | Halal food industry | Business | Islam | Business logistics | Aliments halal | Industrie | Logistique (Organisation) | BUSINESS & ECONOMICS / General,eng,,https://openlibrary.org/works/OL20753288W,Open Library API,food business,
BakeWise,Shirley O. Corriher,,,2008.0,2.0,Cake | Desserts | Cookies | Baking,eng,https://covers.openlibrary.org/b/id/12180281-M.jpg,https://openlibrary.org/works/OL12006820W,Open Library API,baking,
Sport Nutrition,Asker Jeukendrup | Michael Gleeson,,,2018.0,6.0,Sports | Nutrition | Biological sciences & nutrition -> health -> nutrition & weight management,eng,https://covers.openlibrary.org/b/id/9226392-M.jpg,https://openlibrary.org/works/OL20584966W,Open Library API,nutrition,
The Unhealthy Truth: One Mother's Shocking Investigation into the Dangers of America's Food Supply-- and What Every Family Can Do to Protect Itself,Robyn O'Brien | Rachel Kranz,,,2010.0,1.0,Genetically modified foods | Safety measures | Food additives | Food adulteration and inspection | Toxicology | Food supply | Food allergy in children | Toxins,,https://covers.openlibrary.org/b/id/8453195-M.jpg,https://openlibrary.org/works/OL19340263W,Open Library API,food safety,
Plant biotechnology,Adrian Slater | Nigel W. Scott | Mark R. Fowler,4.0,3.0,2003.0,4.0,"Plant genetic engineering | Genetics | Genetically Modified Plants | Plant biotechnology | Agricultural Crops | Plants | Biotechnology | Plant genetics | Plants, genetically modified | Crops, agricultural | Tp248.27.p55 s59 2003 | 631.5/23",eng,https://covers.openlibrary.org/b/id/133235-M.jpg,https://openlibrary.org/works/OL6046440W,Open Library API,agriculture,
Fermentation essentials,Sandi Lane,,,2015.0,1.0,"Fermented foods | Handbooks, manuals | Fermentation | Health aspects | Aliments fermentés | Guides, manuels",eng,https://covers.openlibrary.org/b/id/12959879-M.jpg,https://openlibrary.org/works/OL29230479W,Open Library API,fermentation,
Introduction to foodservice,June Payne-Palacio | June PaynePalacio | Monica Theis,,,2005.0,4.0,"Food service management | Food manufacturing & related industries | Food And Beverage Industries (Economic Aspects) | Quantity Food Production And Service | Business & Economics | Business / Economics / Finance | Business/Economics | Business & Economics / Hospitality, Travel & Tourism | Food Science | Industries - Hospitality, Travel & Tourism | Services alimentaires | Gestion | Storkök",eng,https://covers.openlibrary.org/b/id/1103764-M.jpg,https://openlibrary.org/works/OL2938415W,Open Library API,food business,
Italian Home Baking,Gino D'Acampo,,,2011.0,2.0,Baked products | Baking | Italian Cooking,eng | dut,https://covers.openlibrary.org/b/id/7578460-M.jpg,https://openlibrary.org/works/OL17438077W,Open Library API,baking,
Food rules,Michael Pollan | Laura Manero Jiménez;,3.6,15.0,2009.0,18.0,Nutrition | Food habits | food | eating | consumption | health | Diet | Health & Fitness | Nonfiction | New York Times bestseller | nyt:hardcover_advice=2011-11-05 | Alimentation | Régimes alimentaires | Habitudes alimentaires | Coutumes alimentaires | Diets - better health | Nutrition - popular works | Public health,eng | spa,https://covers.openlibrary.org/b/id/6305235-M.jpg,https://openlibrary.org/works/OL14873323W,Open Library API,nutrition,
Eat well,Linda Bacon,,,2006.0,2.0,Nutrition | Safety measures | Food additives | Health aspects of Food additives | Food | Diet | Health aspects | Food habits,eng,https://covers.openlibrary.org/b/id/2764837-M.jpg,https://openlibrary.org/works/OL9710325W,Open Library API,food safety,
The Permaculture Plot,Simon Pratt,,,1996.0,3.0,Directories | Sustainable agriculture | Alternative agriculture | Permaculture,eng,https://covers.openlibrary.org/b/id/3006828-M.jpg,https://openlibrary.org/works/OL6541219W,Open Library API,agriculture,
Fermentation,B. McNeil,,,1990.0,4.0,Fermentation,eng,https://covers.openlibrary.org/b/id/12786710-M.jpg,https://openlibrary.org/works/OL19128967W,Open Library API,fermentation,
Food lovers' guide to Wisconsin,Martin Hintz,,,2014.0,1.0,"Restaurants | Guidebooks | Food | TRAVEL | BUSINESS & ECONOMICS | Small Business | Wisconsin, guidebooks",eng,https://covers.openlibrary.org/b/id/10756079-M.jpg,https://openlibrary.org/works/OL24265557W,Open Library API,food business,
Baking Bible,Rose Levy Beranbaum,5.0,1.0,2014.0,2.0,Baking,eng,,https://openlibrary.org/works/OL21796000W,Open Library API,baking,
Life extension,Durk Pearson | Sandy Shaw,4.5,2.0,1982.0,6.0,Longevity | Health | Popular works | Nutrition | Aging | Nutritional Physiological Phenomena,eng | und,https://covers.openlibrary.org/b/id/6526128-M.jpg,https://openlibrary.org/works/OL5111660W,Open Library API,nutrition,
"Regulation of cancer-causing food additives, time for a change?",United States. General Accounting Office,,,1981.0,6.0,Safety regulations | Carcinogens | Food additives | Standards,eng,,https://openlibrary.org/works/OL564836W,Open Library API,food safety,
We Are the Weather,Jonathan Safran Foer,,,2019.0,7.0,Sustainable agriculture | Livestock | Vegetarianism,eng,https://covers.openlibrary.org/b/id/9924242-M.jpg,https://openlibrary.org/works/OL20780432W,Open Library API,agriculture,
Fermented Meat Products,Nevijo Zdolec,,,2016.0,6.0,Fermentation | Meat industry and trade | Fermented foods | Meat | Preservation | TECHNOLOGY & ENGINEERING | Food Science,eng,,https://openlibrary.org/works/OL21298696W,Open Library API,fermentation,
Dabbawala of Mumbai,Pawan G. Agrawal,,,2009.0,1.0,Precooked foods | Transportation | Business logistics,eng,,https://openlibrary.org/works/OL16627785W,Open Library API,food business,
Baking,Parragon - Love Food Editors,,,2014.0,1.0,Baking | Cookbooks,eng,https://covers.openlibrary.org/b/id/11593153-M.jpg,https://openlibrary.org/works/OL24814824W,Open Library API,baking,
Advanced nutrition and human metabolism,Sareen Annora Stepnick Gropper,5.0,1.0,2009.0,2.0,Nutrition | Metabolism,eng,https://covers.openlibrary.org/b/id/10048704-M.jpg,https://openlibrary.org/works/OL11993462W,Open Library API,nutrition,
Food safety,Lawrence J. Dyckman,,,1998.0,10.0,Administrative agencies | Appropriations and expenditures | Economic aspects of Food adulteration and inspection | Egg processing | Eggs | Food | Food adulteration and inspection | Food contamination | Food service | Government policy | Prevention | Reorganization | Safety measures | Safety regulations | Salmonella enteritidis | States | Storage | United States | United States. Food Safety and Inspection Service | United States. Food and Drug Administration,eng,,https://openlibrary.org/works/OL8480812W,Open Library API,food safety,
Agricultural economics,Feliciano R. Fajardo,,,1982.0,2.0,Agriculture | Economic aspects of Agriculture,eng,,https://openlibrary.org/works/OL5177010W,Open Library API,agriculture,
Basic Fermentation,Sandor Ellix Katz,,,2017.0,1.0,Fermentation | Food,,https://covers.openlibrary.org/b/id/8850640-M.jpg,https://openlibrary.org/works/OL20200624W,Open Library API,fermentation,
Raising the bar,Gary Erickson | Lois Lorentzen,,,2004.0,3.0,Clif Bar Inc | Snack food industry | Food manufacturing & related industries | Infrastructure | Business/Economics | Business & Economics | Business / Economics / Finance | USA | Leadership | Entrepreneurship | General | Business & Economics / Leadership | Snack foods,eng,https://covers.openlibrary.org/b/id/549597-M.jpg,https://openlibrary.org/works/OL8575038W,Open Library API,food business,
Nancy Silverton's breads from the La Brea Bakery,Nancy Silverton,,,1996.0,1.0,Bread | Baking | Cooking,eng,https://covers.openlibrary.org/b/id/417414-M.jpg,https://openlibrary.org/works/OL2908185W,Open Library API,baking,
Nutricide,Llaila O. Afrika | Llaila Olela Afrika,4.5,2.0,1994.0,4.0,Nutrition | Blacks | Nutritionally induced diseases,eng,https://covers.openlibrary.org/b/id/2088053-M.jpg,https://openlibrary.org/works/OL1808041W,Open Library API,nutrition,
"Functional Polymers in Food Science : From Technology to Biology, Volume 2",Giuseppe Cirillo | Umile Gianfranco Spizzirri | Francesca Iemma,,,2015.0,4.0,"Polymers | Food, packaging | Food Packaging | Food Safety | Food Technology | Food, biotechnology",eng,https://covers.openlibrary.org/b/id/10497600-M.jpg,https://openlibrary.org/works/OL21577301W,Open Library API,food safety,
Pembangunan pertanian,Soekartawi.,5.0,2.0,1995.0,1.0,Agriculture | Agriculture and state | Economic aspects | Economic aspects of Agriculture | Social aspects,ind,,https://openlibrary.org/works/OL3223699W,Open Library API,agriculture,
Micro-organisms and fermentation,Alfred Jörgensen,,,1893.0,7.0,Bacteria | Bibliography | Fermentation | Yeast | Pleasure principle (Psychology) | Psychoanalysis,eng,https://covers.openlibrary.org/b/id/5737790-M.jpg,https://openlibrary.org/works/OL6973425W,Open Library API,fermentation,
Innovation and Future Trends in Food Manufacturing and Supply Chain Technologies,Craig Leadley,,,2015.0,2.0,Food industry and trade | Business logistics | Food supply,eng,,https://openlibrary.org/works/OL25691243W,Open Library API,food business,
"Flicka, Ricka, Dicka bake a cake",Maj Lindman,,,1955.0,3.0,"Sisters | Triplets | Baking | Fiction | Children: Grades 2-3 | Children's fiction | Baking, fiction | Sisters, fiction | Sweden, fiction",eng,https://covers.openlibrary.org/b/id/1316519-M.jpg,https://openlibrary.org/works/OL3235621W,Open Library API,baking,
Food and Nutrition,Anita Tull,5.0,1.0,1983.0,7.0,Food | Juvenile literature | Nutrition,eng | wel,https://covers.openlibrary.org/b/id/5037467-M.jpg,https://openlibrary.org/works/OL8012003W,Open Library API,nutrition,
Food Safety in China,Linhai Wu | Dian Zhu,,,2014.0,6.0,"Food adulteration and inspection | Food supply, government policy | Food contamination | China, politics and government | Food | Safety measures | Government policy | TECHNOLOGY & ENGINEERING / Food Science | Food Industry | Nutrition Policy | Food Safety",eng,https://covers.openlibrary.org/b/id/13724671-M.jpg,https://openlibrary.org/works/OL21271167W,Open Library API,food safety,
Características mesológicas de Angola,A. Castanheira Diniz,1.0,1.0,1973.0,1.0,Agricultural ecology | Agricultural geography | Physical geography | Plant ecology | Soils,por,,https://openlibrary.org/works/OL3842573W,Open Library API,agriculture,
Entwicklung Von Laborfermentoren,Manfred Ringpfeil | Lothar Dimter,,,1980.0,5.0,Fermentation | Congresses,ger,,https://openlibrary.org/works/OL28357169W,Open Library API,fermentation,
Bartending Inside-Out,Lori Marcus,,,1997.0,5.0,"Hospitality industry | Bartending | Management | Handbooks, manuals | Business | Cooking & Food | Nonfiction | Miscellanea",eng,https://covers.openlibrary.org/b/id/1694501-M.jpg,https://openlibrary.org/works/OL3375665W,Open Library API,food business,
The Magic School Bus Gets Baked in a Cake,Linda Ward Beech,4.0,1.0,1995.0,13.0,"Cake | Juvenile literature | Baking | Chemistry | Chemistry, juvenile literature | Cooking, juvenile literature | Cooking",fre | spa | kor | eng,https://covers.openlibrary.org/b/id/383209-M.jpg,https://openlibrary.org/works/OL83047W,Open Library API,baking,
The China Study,"T. Colin Campbell, PhD | T. Colin Campbell | Thomas M. Campbell",4.5,8.0,2004.0,4.0,"Health & Fitness | Nonfiction | Nutrition | Nutritionally induced diseases | diet in disease | Methods | Maladies d'origine nutritionnelle | Food Habits | Disease | Diet | Etiology | Preventive Medicine | Adverse effects | Régimes alimentaires | Diet Therapy | Popular Works | Vegetarian Diet | Dietetics & nutrition | Health/Fitness | Nutrition And Diet | Nutrition And Public Health | Consumer Health | Healthy Living | Health & Fitness / Nutrition | Diets - General | Diseases - General | Diet / Health / Fitness | mirror | pdf.yt | Diet, Vegetarian",eng,https://covers.openlibrary.org/b/id/7254516-M.jpg,https://openlibrary.org/works/OL15176142W,Open Library API,nutrition,
"Communication Practices in Engineering, Manufacturing, and Research for Food and Water Safety",David Wright | Traci Nathans-Kelly,,,2015.0,4.0,Communication in organizations | food safety | water safety,eng,https://covers.openlibrary.org/b/id/8975315-M.jpg,https://openlibrary.org/works/OL20314336W,Open Library API,food safety,
Farming,Gail Gibbons,,,1988.0,5.0,"Juvenile literature | Farms | Farm life | Agriculture | Agriculture, juvenile literature",eng,https://covers.openlibrary.org/b/id/3364453-M.jpg,https://openlibrary.org/works/OL51662W,Open Library API,agriculture,
"Food, Fermentation, and Micro-Organisms",Charles W. Bamforth | David J. Cook,,,2007.0,7.0,"Fermentation | Food, microbiology | Yeast | Alcoholic beverages",eng,,https://openlibrary.org/works/OL21039877W,Open Library API,fermentation,
Food Price Policy in an Era of Market Instability,Per Pinstrup-Andersen,,,2016.0,3.0,"Economics, finance, business & management | Development economics & emerging economies | Environmental economics | Food prices | Food supply, government policy | Food, history | Government policy | Food industry and trade | Food supply | History",eng,https://covers.openlibrary.org/b/id/12596228-M.jpg,https://openlibrary.org/works/OL20931950W,Open Library API,food business,
Baking Illustrated,Editors of Cook's Illustrated Magazine,5.0,1.0,2004.0,2.0,Baking | Pastry | Bread | Cake | Cookies | Desserts | Pies,eng,https://covers.openlibrary.org/b/id/714594-M.jpg,https://openlibrary.org/works/OL8723577W,Open Library API,baking,
Feed me! I'm yours,Vicki Lansky,4.0,1.0,1974.0,23.0,"Infants | Nutrition | Children | Cookery | Cookery (Baby foods) | Nutrición | Niños | Niños lactantes | Cocina | Alimentos para bebés | Baby foods | Cooking | Children, nutrition | Infants, nutrition | Alimentación | Recetas",eng | spa,https://covers.openlibrary.org/b/id/6498487-M.jpg,https://openlibrary.org/works/OL16480411W,Open Library API,nutrition,
Chickenizing farms & food,Ellen K. Silbergeld,,,2016.0,2.0,Food | Safety measures | Food Safety | Food supply | Animal culture | Factory farms | Health aspects | Environmental aspects,eng,,https://openlibrary.org/works/OL19664371W,Open Library API,food safety,
Your Successful Farm Business,Joel Salatin,,,2017.0,1.0,Agriculture,,https://covers.openlibrary.org/b/id/8870788-M.jpg,https://openlibrary.org/works/OL20218800W,Open Library API,agriculture,
Technologies for Converting Biomass to Useful Energy,Erik Dahlquist,,,2013.0,7.0,Biomass energy | Combustion | Fermentation | Chemical reactions,eng,,https://openlibrary.org/works/OL21329643W,Open Library API,fermentation,
Food wars,Tim Lang | Michael Heasman,,,2003.0,11.0,Food supply | Nutrition policy | Agriculture & related industries | Dietetics & nutrition | Food manufacturing & related industries | Globalization | Nutrition And Public Health | Agricultural Economics | Technology & Industrial Arts | Health & Fitness | Nutrition | Health/Fitness | International - Marketing | Agriculture - General | Food Science | Technology / Food Industry & Science | Diet | Environmental Health | Public health | Food industry and trade | Food Industry | Nutrition Disorders | BUSINESS & ECONOMICS | Infrastructure | SOCIAL SCIENCE | General,eng,https://covers.openlibrary.org/b/id/903711-M.jpg,https://openlibrary.org/works/OL3936552W,Open Library API,food business,
The Big Bake Sale Cookbook,Cookbook Resources,,,2007.0,1.0,Cake | Cookies | Cooking | Baked products,eng,https://covers.openlibrary.org/b/id/10342885-M.jpg,https://openlibrary.org/works/OL8952997W,Open Library API,baking,
Nutrition in clinical dentistry,Abraham E. Nizel,5.0,1.0,1960.0,2.0,Nutrition | Zahnmedizin | Nutrition and dental health | Ernährung | Dentistry | Nutritional Physiological Phenomena | Alimentation et santé dentaire | Dental Care,eng,https://covers.openlibrary.org/b/id/4065270-M.jpg,https://openlibrary.org/works/OL4643179W,Open Library API,nutrition,
Genetically modified and non-genetically modified food supply chains,Yves Bertheau,,,2012.0,5.0,Genetically modified foods | Food supply | TECHNOLOGY & ENGINEERING / Food Science | Food Safety | Genetically Modified Food,eng,,https://openlibrary.org/works/OL16592003W,Open Library API,food safety,
Agronomy,Detroy E. Green,,,1981.0,2.0,Field crops | Agriculture,eng,https://covers.openlibrary.org/b/id/9816083-M.jpg,https://openlibrary.org/works/OL9598061W,Open Library API,agriculture,
Microbiology of Fermented Food,Brian J. B. Wood,,,1985.0,2.0,"Fermented foods | Microbiology | Fermentation | Food, microbiology",eng,,https://openlibrary.org/works/OL8650266W,Open Library API,fermentation,
"55 surefire food-related businesses you can start for under $5,000",Cheryl Kimball,,,2009.0,1.0,Management | Food industry and trade | New business enterprises | Small business | Food service management | Success in business | Entrepreneurship,eng,https://covers.openlibrary.org/b/id/6458499-M.jpg,https://openlibrary.org/works/OL5824620W,Open Library API,food business,
Amelia Bedelia bakes off,Herman Parish,5.0,2.0,2009.0,6.0,"Children's fiction | Baking, fiction | Contests, fiction | Humorous stories | Fiction | Contests | Baking | Amelia-bedelia (fictitious character), fiction | Picture books | Amelia-Bedelia (Fictitious character) | Juvenile fiction",eng,https://covers.openlibrary.org/b/id/6675749-M.jpg,https://openlibrary.org/works/OL1984641W,Open Library API,baking,
The cancer prevention diet,Michio Kushi | Alex Jack,4.5,2.0,1983.0,8.0,"Cancer | Diet therapy | Macrobiotic diet | Nutritional aspects | Nutritional aspects of Cancer | Prevention | Recipes | Coping with illness | Diets & dieting | Cancer, diet therapy | Cancer, prevention | Dieettherapie | Kanker | Preventie | Neoplasms | Prevention & control | Cancer, nutritional aspects | Diet in disease | Macrobiotic diet, recipes",eng,https://covers.openlibrary.org/b/id/1167163-M.jpg,https://openlibrary.org/works/OL877286W,Open Library API,nutrition,
Foundations of EU Food Law and Policy,Alberto Alemanno | Simone Gabbi,,,2014.0,6.0,"Food law and legislation | Law, european union countries | European Food Safety Authority | International Agencies | Legislation as Topic | Food Safety",eng,,https://openlibrary.org/works/OL21246962W,Open Library API,food safety,
Captain Swing,Eric Hobsbawm | George Rudé | Marísa González de Oleaga | Jesús Izquierdo Martín | Ofelia Castillo | Saúl Martínez | Julián Casanova | Marísa González de Oleaga,4.0,1.0,1968.0,22.0,"Agricultural laborers | Agriculture | Economic aspects of Agriculture | England | History | Riots | Rural conditions | Social conditions | Conditions rurales | Economic aspects | Aspect économique | Travailleurs agricoles | Émeutes | Boerenbewegingen | Opstanden | Industriële revolutie | HISTORIA | Agricultural laborers, great britain | Riots, great britain | Agriculture, economic aspects, great britain | Great britain, rural conditions",spa | eng,https://covers.openlibrary.org/b/id/889093-M.jpg,https://openlibrary.org/works/OL495657W,Open Library API,agriculture,
Principles and Applications of Fermentation Technology,Arindam Kuila | Vinay Sharma,,,2018.0,4.0,Fermentation | Biotechnology | Industrial microbiology,eng,,https://openlibrary.org/works/OL21622197W,Open Library API,fermentation,
Urban Food Planning,Rositsa T. Ilieva,,,2016.0,6.0,"Food supply | City planning, developing countries | Food security | City planning | Sécurité alimentaire | BUSINESS & ECONOMICS | Industries | General",eng,,https://openlibrary.org/works/OL21311292W,Open Library API,food business,
English Bread and Yeast Cookery (Cookery Library),Elizabeth David,,,1977.0,9.0,"Bread | Cooking, english | Baking | English Cooking | History | Cooking (Bread) | Cooking",eng,https://covers.openlibrary.org/b/id/101219-M.jpg,https://openlibrary.org/works/OL727624W,Open Library API,baking,
Deep nutrition,Catherine Shanahan,,,2017.0,3.0,Nutrition | Popular works | Diet | Nutrition -- Popular works | Diet -- Popular works,eng,https://covers.openlibrary.org/b/id/13174891-M.jpg,https://openlibrary.org/works/OL20047522W,Open Library API,nutrition,
Dietary Reference Intakes,Committee on Use of Dietary Reference Intakes in Nutrition Labeling,,,2004.0,3.0,"Nutrition | Fortified Food | HEALTH & FITNESS | Food | Labeling | Standards | Recommended Dietary Allowances | Etiquetage | Safety | Aliments | Food Labeling | Food, labeling | Étiquetage | MEDICAL",eng,https://covers.openlibrary.org/b/id/5404900-M.jpg,https://openlibrary.org/works/OL9390779W,Open Library API,food safety,
Five acres and independence,Maurice Grenville Kains,4.0,3.0,1948.0,1.0,Farms | Agriculture | Self-sustainability | self-reliance,eng,https://covers.openlibrary.org/b/id/6499754-M.jpg,https://openlibrary.org/works/OL15139751W,Open Library API,agriculture,
Fermented Foods in Health and Disease Prevention,Juana ías | Cristina Martínez-Villaluenga | Elena Peñas,,,2016.0,3.0,Fermentation | Natural foods,eng,,https://openlibrary.org/works/OL25050095W,Open Library API,fermentation,
At your service,Culinary Institute of America. | John W. Fischer,,,2005.0,2.0,"Food service | Food & Drink / Cookery | Restaurant & pub guides | Business / Economics / Finance | Cooking | Customer Service | Industries - Hospitality, Travel & Tourism | Methods - Professional | Cooking / Professional | Dining rooms",eng,https://covers.openlibrary.org/b/id/522007-M.jpg,https://openlibrary.org/works/OL18861080W,Open Library API,food business,
Vintage Cakes,Jane Brocket,,,2012.0,4.0,Cake | Baking,eng,https://covers.openlibrary.org/b/id/9069192-M.jpg,https://openlibrary.org/works/OL20401692W,Open Library API,baking,
Advisory Committee on the Microbiological Safety of Food,Dept.of Health,,,1993.0,8.0,"Food Contamination | Poultry | Microbiology | Poultry industry | Safety regulations | Escherichia coli infections | Pathophysiology | Verocytotoxins | Foodborne diseases | Environmental health and safety | Food technology, food microbiology and industry | Food, microbiology",eng,https://covers.openlibrary.org/b/id/11832030-M.jpg,https://openlibrary.org/works/OL7925418W,Open Library API,food safety,
Outlines of Dairy Technology,Sukumar De,3.5,14.0,2002.0,2.0,dairy technology | food science | agriculture | food processing | milk processing | milk products | dairy industry | dairy chemistry | dairy microbiology | dairy engineering | dairy economics,eng,https://covers.openlibrary.org/b/id/14428234-M.jpg,https://openlibrary.org/works/OL9330438W,Open Library API,agriculture,
Fed-Batch Fermentation,Garner G. Moulton,,,2014.0,3.0,Fermentation | Escherichia coli,eng,https://covers.openlibrary.org/b/id/13197028-M.jpg,https://openlibrary.org/works/OL21036977W,Open Library API,fermentation,
Internet of Things with Raspberry Pi and Arduino,Rajesh Singh | Anita Gehlot | Lovi Raj Gupta | Bhupendra Singh | Mahendra Swain,,,2019.0,6.0,Food waste | Food industry and trade | Food supply | Food security | BUSINESS & ECONOMICS / Development / Sustainable Development | NATURE / Ecology | Internet of things | Raspberry Pi (Computer) | Arduino (Programmable controller) | Internet des objets | Raspberry Pi (Ordinateur) | Arduino (Automate programmable) | Livres numériques | E-books | TECHNOLOGY | Electricity | Electronic books,eng,https://covers.openlibrary.org/b/id/12439952-M.jpg,https://openlibrary.org/works/OL25219498W,Open Library API,food business,
Cookie,Jacqueline Wilson,5.0,1.0,2009.0,4.0,"Fiction | Baking | Family problems | Teasing | Schools | Self-esteem | Juvenile Fiction | Children's fiction | Runaways, fiction | Fathers and daughters, fiction | Self-esteem, fiction | Family life, fiction | Schools, fiction | Baking, fiction",eng,https://covers.openlibrary.org/b/id/7144438-M.jpg,https://openlibrary.org/works/OL14911474W,Open Library API,baking,
Are you confused?,Paavo O. Airola,,,1971.0,6.0,Nutrition | Health | Diet | Santé | Naturopathy | Nutrition Physiology,eng,https://covers.openlibrary.org/b/id/4201018-M.jpg,https://openlibrary.org/works/OL127405W,Open Library API,nutrition,
The food safety handbook (level 2),Richard A. Sprenger,,,2007.0,1.0,Food handling | Food | Safety measures,eng,https://covers.openlibrary.org/b/id/10756092-M.jpg,https://openlibrary.org/works/OL24265565W,Open Library API,food safety,
Scientific Farm Animal Production,Thomas Field | Robert Taylor - undifferentiated,,,2013.0,2.0,Livestock | Agriculture,eng,https://covers.openlibrary.org/b/id/10889066-M.jpg,https://openlibrary.org/works/OL24361640W,Open Library API,agriculture,
Handbook of dough fermentations,Karel Kulp,,,2003.0,7.0,Cookery (Sourdough) | Fermentation | Bread | Sourdough bread | Cooking (Sourdough) | Food industry and trade,eng,https://covers.openlibrary.org/b/id/6463604-M.jpg,https://openlibrary.org/works/OL18541737W,Open Library API,fermentation,
Changing the Food Game,Lucas Simons,,,2014.0,12.0,Sustainable agriculture | Food industry and trade | Voedingsgewoonten | Voedselproductie | Duurzame landbouw | Marketing | Levensmiddelenindustrie | Agriculture durable | BUSINESS & ECONOMICS | Business Ethics | Motivational | Industries | General,eng,https://covers.openlibrary.org/b/id/12399603-M.jpg,https://openlibrary.org/works/OL21092210W,Open Library API,food business,
Betty Crocker baking basics,Betty Crocker,,,2008.0,2.0,Baking,eng,https://covers.openlibrary.org/b/id/12889898-M.jpg,https://openlibrary.org/works/OL15030432W,Open Library API,baking,
Hot point fitness,Steve Zim,5.0,2.0,2001.0,1.0,Nutrition | Physical fitness | Exercise,eng,https://covers.openlibrary.org/b/id/6628493-M.jpg,https://openlibrary.org/works/OL5827746W,Open Library API,nutrition,
Food safety issues in the 106th Congress,Donna U. Vogt,,,1999.0,4.0,Food | Food law and legislation | Safety measures,eng,,https://openlibrary.org/works/OL6223941W,Open Library API,food safety,
Agroecology,Stephen R. Gliessman,,,1990.0,17.0,Sustainable agriculture | Agricultural ecology | Research | Agricultural systems | TECHNOLOGY & ENGINEERING | Agriculture | Agronomy | Crop Science | General,eng,https://covers.openlibrary.org/b/id/13031705-M.jpg,https://openlibrary.org/works/OL18246534W,Open Library API,agriculture,
Bacterial Starter Cultures for Food,Stanley E. Gilliland,,,2017.0,5.0,Food additives | Fermentation | Bacterial starter cultures | Fermented foods | Ferments bactériens | Aliments fermentés | Aliments | Additifs | TECHNOLOGY & ENGINEERING | Food Science,eng,,https://openlibrary.org/works/OL21353342W,Open Library API,fermentation,
The fight for food,Harold E. Croxall,,,1984.0,7.0,Agricultural productivity | Food crops | Food supply | Agriculture | Productivité | Cultures vivrières | BUSINESS & ECONOMICS | General,eng,https://covers.openlibrary.org/b/id/8366681-M.jpg,https://openlibrary.org/works/OL5356828W,Open Library API,food business,
"Great Coffee Cakes, Sticky Buns, Muffins & More",Carole Walter,5.0,1.0,2007.0,3.0,Coffee cakes | Baking,eng,https://covers.openlibrary.org/b/id/1165145-M.jpg,https://openlibrary.org/works/OL2699233W,Open Library API,baking,
Caribbean Food and Nutrition for CSEC 2nd Edition,Anita Tull | Antonia Coward,,,2016.0,1.0,"Nutrition, study and teaching",eng,,https://openlibrary.org/works/OL21303236W,Open Library API,nutrition,
Food safety issues in the 107th Congress,Donna U. Vogt,,,2001.0,4.0,Food | Food law and legislation | Safety measures,eng,,https://openlibrary.org/works/OL6223942W,Open Library API,food safety,
The Living Soil Handbook,Jesse Frost,,,2021.0,2.0,Agriculture,eng,https://covers.openlibrary.org/b/id/11521960-M.jpg,https://openlibrary.org/works/OL24769298W,Open Library API,agriculture,
Weck small-batch preserving,Stephanie Thurow,,,2018.0,2.0,Canning and preserving | Fruit | Pickled foods | Fermentation | Vegetables | Fermented foods | Preservation,eng,,https://openlibrary.org/works/OL19763707W,Open Library API,fermentation,
From scratch,Allen Salkin,,,2013.0,1.0,"PERFORMING ARTS | SOCIAL SCIENCE | Television cooking shows | Food | Food habits | Food Network (Firm) | Television | American Cooking | General | Social aspects | Biography | Popular Culture | BUSINESS & ECONOMICS | History | SOCIAL SCIENCE / Popular Culture | PERFORMING ARTS / Television / General | BUSINESS & ECONOMICS / General | Food, history | Television broadcasting, united states",eng,https://covers.openlibrary.org/b/id/8203723-M.jpg,https://openlibrary.org/works/OL17890955W,Open Library API,food business,
Baking chez moi,Dorie Greenspan,,,2014.0,2.0,"Desserts | French Cooking | Baking | Cooking, french | COOKING / Regional & Ethnic / French | COOKING / Methods / Baking",eng,https://covers.openlibrary.org/b/id/10649109-M.jpg,https://openlibrary.org/works/OL19986623W,Open Library API,baking,
Vitamin bible,Earl Mindell | Time Warner Electronic Publishing,4.5,2.0,1979.0,22.0,Health | Physiological effect | Vitamins | Vitamins in human nutrition | Vitamin therapy | Preventive nutrition | Nutrient requirements | Disease prevention | Nutrient-drug interactions | Therapeutic nutrition | Supplements (Nutrient) | Popular works,eng,https://covers.openlibrary.org/b/id/9712339-M.jpg,https://openlibrary.org/works/OL1867260W,Open Library API,nutrition,
Food Hygiene for Scottish Qualifications,Alistair MacGregor,,,2006.0,1.0,Food | Safety measures,,https://covers.openlibrary.org/b/id/12153623-M.jpg,https://openlibrary.org/works/OL9465798W,Open Library API,food safety,
Agribusiness Management,Freddie L. Barnard | Elizabeth A. Yeager | John Foltz,,,2012.0,11.0,"Agricultural industries | Agriculture, economic aspects",eng,https://covers.openlibrary.org/b/id/13884682-M.jpg,https://openlibrary.org/works/OL21574766W,Open Library API,agriculture,
Principles of fermentation technology,Peter F. Stanbury,,,1984.0,8.0,"Fermentation | Food science | Chemical & biochemical | Professional, career & trade -> food technology -> food science | Professional, career & trade -> engineering -> chemical engineering | 034 | 308 | L0140401670 | 030 | 660.28449",eng,https://covers.openlibrary.org/b/id/3884039-M.jpg,https://openlibrary.org/works/OL3507385W,Open Library API,fermentation,
Small batch,Suzanne Cope,4.0,1.0,2014.0,3.0,"Cottage industries | Food industry and trade | Small business | Small business, united states",eng,https://covers.openlibrary.org/b/id/12988958-M.jpg,https://openlibrary.org/works/OL19992680W,Open Library API,food business,
Baking,Jacqueline Bellafontaine,,,2011.0,1.0,Cookbooks | Baking,eng,https://covers.openlibrary.org/b/id/10314822-M.jpg,https://openlibrary.org/works/OL20976838W,Open Library API,baking,
Nutrition for healthy living,Wendy Schiff,,,2009.0,6.0,Textbooks | Human nutrition | Nutrition,eng,https://covers.openlibrary.org/b/id/8701272-M.jpg,https://openlibrary.org/works/OL18347892W,Open Library API,nutrition,
Disaster and Emergency Preparedness in Foodservice Operations,Ruby P. Puckett,,,2003.0,1.0,Food service | Safety measures | Disaster Planning | Food | Decontamination | Safety,eng,https://covers.openlibrary.org/b/id/13644669-M.jpg,https://openlibrary.org/works/OL3690650W,Open Library API,food safety,
Aeroponics,Thomas W. Gurley,,,2020.0,6.0,Agriculture,eng,,https://openlibrary.org/works/OL20751871W,Open Library API,agriculture,
Himalayan fermented foods,Jyoti Prakash Tamang,,,2009.0,5.0,"Fermented foods | Food Microbiology | Fermentation | Food, microbiology | Nutrition",eng,https://covers.openlibrary.org/b/id/9549373-M.jpg,https://openlibrary.org/works/OL16984070W,Open Library API,fermentation,
Hershey,Michael D'Antonio,2.0,1.0,2006.0,3.0,"Biography | Businesspeople | Chocolate industry | Hershey Chocolate Corporation | History | Businessmen | BIOGRAPHY & AUTOBIOGRAPHY / Business | BIOGRAPHY & AUTOBIOGRAPHY / Historical | BIOGRAPHY & AUTOBIOGRAPHY / Rich & Famous | Schokoladenindustrie | Hershey's Foods Corporation | Businesspeople, biography | Hershey foods corporation | Hershey, milton snavely, 1857-1945 | Businesspersons & entrepreneurs - biography | Business biography - specific individuals",eng,https://covers.openlibrary.org/b/id/474396-M.jpg,https://openlibrary.org/works/OL3913267W,Open Library API,food business,
The Great British Bake Off How To Bake The Perfect Victoria Sponge And Other Baking Secrets,Paul Hollywood,,,2011.0,1.0,Great British bake off | Baking,,https://covers.openlibrary.org/b/id/7689609-M.jpg,https://openlibrary.org/works/OL17493904W,Open Library API,baking,
Gut and psychology syndrome,Natasha Campbell-McBride,4.0,1.0,2004.0,1.0,Mental health | Nutritional aspects of Mental illness | Nutritional aspects | Mental illness | Diet therapy | Nutritional aspects of Mental health,eng,https://covers.openlibrary.org/b/id/9962105-M.jpg,https://openlibrary.org/works/OL11745248W,Open Library API,nutrition,
The produce contamination problem,Karl R. Matthews,,,2009.0,6.0,"Safety measures | Fruit | Food contamination | Microbial contamination | Vegetables | Produce trade | Microbiology | Pollution | Pollutants | Foodborne diseases | Food, microbiology | Prevention | Food | Food Microbiology | Food Industry | Standards | Food Safety | Methods | Farm produce | Food adulteration and inspection | Food Contamination | Aliments | Contamination | Produits agricoles | HEALTH & FITNESS | Safety",eng,https://covers.openlibrary.org/b/id/9547498-M.jpg,https://openlibrary.org/works/OL16959192W,Open Library API,food safety,
Agribisnis,Bungaran Saragih,,,2010.0,1.0,Agricultural industries | Agriculture,ind,,https://openlibrary.org/works/OL15477791W,Open Library API,agriculture,
The everyday fermentation handbook,Branden Byers,,,2014.0,2.0,Fermented foods | Cooking (Fermented foods) | Cooking | Food,eng,,https://openlibrary.org/works/OL19983174W,Open Library API,fermentation,
The sports event management and marketing playbook,Frank Supovitz | Joe Goldblatt,,,2004.0,9.0,"Economic aspects of Sports | Handbooks, manuals | Marketing | Sports | Sports administration | Food & Drink / Cookery | Business & Economics | Business / Economics / Finance | Business/Economics | Industries - Hospitality, Travel & Tourism | Management - General | Reference | Business & Economics / Hospitality, Travel & Tourism | Economic aspects | Handbooks, manuals, etc | Management | Sport | Evenementen | Sports, marketing | Sports, economic aspects | Professional sports | Guides, manuels | Gestion | Aspect économique | Aspect economique",eng,https://covers.openlibrary.org/b/id/1247292-M.jpg,https://openlibrary.org/works/OL9261475W,Open Library API,food business,
Bake,Alison Thompson,5.0,1.0,2011.0,1.0,Desserts | Baking,eng,https://covers.openlibrary.org/b/id/8375255-M.jpg,https://openlibrary.org/works/OL17926875W,Open Library API,baking,
Real Food for Pregnancy,Lily Nichols,,,2018.0,1.0,Nutrition | Health | Pregnancy | Nutritional aspects | Pregnant women | Health and hygiene | Food | Prenatal care | Prenatal Nutritional Physiological Phenomena | Nutrition Therapy,eng,https://covers.openlibrary.org/b/id/8831013-M.jpg,https://openlibrary.org/works/OL20183059W,Open Library API,nutrition,
Supervising food safety (level 3),Richard A. Sprenger,,,2008.0,2.0,Food handling | Food | Safety measures | Study and teaching,eng,https://covers.openlibrary.org/b/id/12700117-M.jpg,https://openlibrary.org/works/OL27705492W,Open Library API,food safety,
Pertanian,Soleh Solahuddin,,,2009.0,1.0,Agriculture and state | Agriculture,ind,,https://openlibrary.org/works/OL15599194W,Open Library API,agriculture,
Letters on natural magic,Sir David Brewster,,,1883.0,1.0,Scientific recreations | Fermentation,eng,https://covers.openlibrary.org/b/id/7949231-M.jpg,https://openlibrary.org/works/OL15608067W,Open Library API,fermentation,
Theory of Hospitality and Catering,David Foskett | Patricia Paskins | Andrew Pennington | Neil Rippington,,,2011.0,3.0,Hospitality industry | Caterers and catering | Food service management | BUSINESS & ECONOMICS | Small Business | Travel and Tourism,eng,https://covers.openlibrary.org/b/id/12694851-M.jpg,https://openlibrary.org/works/OL21126267W,Open Library API,food business,
Cookie and cracker technology,Samuel A. Matz,5.0,1.0,1968.0,5.0,Biscuits | Cookies | Baking | Baked products | Food industry and trade | Cookie industry,eng,https://covers.openlibrary.org/b/id/1231106-M.jpg,https://openlibrary.org/works/OL2470691W,Open Library API,baking,
Introduction to Nutrition and Metabolism,David A. Bender,,,1997.0,13.0,Nutrition | Nutrition Physiology | Metabolism | Physiology,eng,https://covers.openlibrary.org/b/id/1806223-M.jpg,https://openlibrary.org/works/OL3259749W,Open Library API,nutrition,
Food safety,Dana Meachen Rau,,,2009.0,2.0,"Food | Safety measures | Juvenile literature | Food, juvenile literature",eng,https://covers.openlibrary.org/b/id/10229492-M.jpg,https://openlibrary.org/works/OL14859835W,Open Library API,food safety,
Ferment for Good,Sharon Flynn,,,2017.0,1.0,Fermentation | Natural foods,eng,,https://openlibrary.org/works/OL21139741W,Open Library API,fermentation,
Shopped,Joanna Blythman,,,2004.0,7.0,"Food | Product management | Supermarkten | Quality | Food industry and trade | Supermarkets | Business enterprises, great britain",eng,https://covers.openlibrary.org/b/id/11335-M.jpg,https://openlibrary.org/works/OL263861W,Open Library API,food business,
Nestle Toll House Recipe Collection,Nestle,,,1988.0,3.0,Cake | Desserts | Cookies | Cooking (Chocolate) | Baking,eng,https://covers.openlibrary.org/b/id/6946450-M.jpg,https://openlibrary.org/works/OL8301951W,Open Library API,baking,
Nutrition and You,Joan Salge Blake,,,2007.0,15.0,Nutrition,eng,https://covers.openlibrary.org/b/id/13241440-M.jpg,https://openlibrary.org/works/OL25615214W,Open Library API,nutrition,
Genetically Engineered Crops,"Committee on Genetically Engineered Crops: Past Experience and Future Prospects | Board on Agriculture and Natural Resources | Division on Earth and Life Studies | National Academies of Sciences, Engineering, and Medicine",,,2016.0,4.0,Transgenic plants | Crops | Genetic engineering | History | Environmental aspects | Health aspects | Safety measures | Genetically modified foods | Crop zones | Genetically Modified Food | Genetically Modified Plants | Agricultural Crops | Food Safety | Plantes transgéniques | Histoire | Aspect de l'environnement | Sécurité | Mesures | Cultures | Génie génétique | Aliments transgéniques | Zones de cultures | TECHNOLOGY & ENGINEERING | Agriculture | General,eng,https://covers.openlibrary.org/b/id/12946467-M.jpg,https://openlibrary.org/works/OL21594961W,Open Library API,food safety,
Agricultural economics and agribusiness,Gail L. Cramer,,,1979.0,11.0,"Agricultural industries | Agriculture | Economic aspects | Economic aspects of Agriculture | Agriculture, economic aspects, united states | Agriculture, economic aspects",eng,https://covers.openlibrary.org/b/id/1242773-M.jpg,https://openlibrary.org/works/OL3286828W,Open Library API,agriculture,
Studies on fermentation,Louis Pasteur,,,1879.0,4.0,Beer | Fermentation,eng,https://covers.openlibrary.org/b/id/5965276-M.jpg,https://openlibrary.org/works/OL3037536W,Open Library API,fermentation,
Refashioning nature,"Goodman, David | David Goodman | Michael Redclift | M. R. Redclift",,,1991.0,11.0,"Agricultural innovations | Agriculture | Environmental aspects | Environmental aspects of Agriculture | Food additives | Food habits | Food industry and trade | Food supply | Health aspects | Health aspects of Food additives | Technological innovations | Agriculture, environmental aspects | Feeding Behavior | Innovations | Habitudes alimentaires | Aspect de l'environnement | SOCIAL SCIENCE | General | BUSINESS & ECONOMICS | Infrastructure",eng,https://covers.openlibrary.org/b/id/1203394-M.jpg,https://openlibrary.org/works/OL4459703W,Open Library API,food business,
One more slice,Leila Lindholm,,,2011.0,4.0,Baking,eng,https://covers.openlibrary.org/b/id/12627110-M.jpg,https://openlibrary.org/works/OL20040113W,Open Library API,baking,
Textbook of community nutrition,Indian Council of Agricultural Research. Directorate of Information and Publications on Agriculture,5.0,1.0,2007.0,1.0,Textbooks | Nutrition | Nutrition policy | Nutritional Status | Malnutrition | Nutritional Physiological Phenomena,eng,,https://openlibrary.org/works/OL18658262W,Open Library API,nutrition,
HACCP and ISO 22000,Ioannis S. Arvanitoyannis,,,2009.0,4.0,Hazard Analysis and Critical Control Point (Food safety system) | Food of animal origin | Contamination | Animal products,eng,https://covers.openlibrary.org/b/id/8656486-M.jpg,https://openlibrary.org/works/OL18345140W,Open Library API,food safety,
Engineering principles of agricultural machines,Ajit K. Srivastava,2.0,1.0,1993.0,2.0,Agricultural engineering | Agricultural machinery | Design and construction | Agricultural & food processing machinery,eng,https://covers.openlibrary.org/b/id/7154792-M.jpg,https://openlibrary.org/works/OL4327342W,Open Library API,agriculture,
Practical management of pure yeast,Alfred Jörgensen,,,1903.0,4.0,Fermentation | Yeast,eng,https://covers.openlibrary.org/b/id/5740801-M.jpg,https://openlibrary.org/works/OL6973424W,Open Library API,fermentation,
Causes of Supply Chain Disruptions,Verena Brenner,,,2015.0,2.0,"Business logistics | Food, marketing | Drugs, marketing",eng,https://covers.openlibrary.org/b/id/9349148-M.jpg,https://openlibrary.org/works/OL20678367W,Open Library API,food business,
The King Arthur Flour baker's companion,King Arthur Flour (Firm),,,2003.0,1.0,Baking,eng,https://covers.openlibrary.org/b/id/12627836-M.jpg,https://openlibrary.org/works/OL18438549W,Open Library API,baking,
Principles of nutritional assessment,Rosalind S. Gibson,5.0,1.0,1990.0,2.0,Evaluation | Nutrition | Nutrition and dietetics | Nutrition Assessment | Nutritional Status | Nutritional Physiological Phenomena | Food | Eating | Appetite Regulation | Starvation | Nutrition--evaluation | Rc621 .g52 2005 | 2005 g-827 | Qu 145 g449p 2005 | 613.2,eng,https://covers.openlibrary.org/b/id/1124375-M.jpg,https://openlibrary.org/works/OL3900613W,Open Library API,nutrition,
Food labeling,Institute of Medicine (U.S.). Committee on State Food Labeling. | Committee on State Food Labeling | Institute of Medicine,,,1992.0,3.0,"Food | Labeling | Law and legislation | Biotechnology | Food & Drink / Cookery | Food & beverage technology | Food Biotechnology | Diet / Health / Fitness | Politics/International Relations | Administrative Law & Regulatory Practice | Nutrition | Safety | Dietetics & nutrition | Technology / Food Industry & Science | States | United States | HEALTH & FITNESS | Legislation & jurisprudence | Food Labeling | Food law and legislation | Food, labeling | Food Legislation",eng,https://covers.openlibrary.org/b/id/2361364-M.jpg,https://openlibrary.org/works/OL4322939W,Open Library API,food safety,
Getting agriculture moving,Arthur Theodore Mosher,,,1966.0,1.0,Agriculture and state | Agricultural development,eng,https://covers.openlibrary.org/b/id/8081547-M.jpg,https://openlibrary.org/works/OL6141964W,Open Library API,agriculture,
Trends in Food Safety and Protection,Rai V. Ravishankar | Jamuna Bai Aswathanarayan | Jamuna A. Bai,,,2017.0,5.0,"Food, preservation | Food | Safety measures | Food industry and trade | Food contamination | Prevention | BUSINESS & ECONOMICS | Infrastructure | SOCIAL SCIENCE | General | TECHNOLOGY | Food Science",eng,,https://openlibrary.org/works/OL21325510W,Open Library API,food business,
The King Arthur Flour 200th anniversary cookbook,Brinna B. Sands,,,1992.0,1.0,Baking,eng,https://covers.openlibrary.org/b/id/678409-M.jpg,https://openlibrary.org/works/OL4289743W,Open Library API,baking,
Nutrition,Lori A. Smolin | Mary B. Grosvenor,,,2004.0,33.0,Nutrition,eng,https://covers.openlibrary.org/b/id/13262791-M.jpg,https://openlibrary.org/works/OL29066249W,Open Library API,nutrition,
Food safety,United States. General Accounting Office,0.0,0.0,1990.0,34.0,Administrative agencies | Adverse effects | Antibiotics | Antibiotics in agriculture | Appropriations and expenditures | Bacteria | Bacterial diseases | Bovine spongiform encephalopathy | Centers for Disease Control (U.S.) | Consumer protection | Contamination | Costs | Databases | Decision making | Dietary supplements | Dioxins | Drug Residues | Drug resistance in microorganisms | Economic aspects of Food adulteration and inspection | Evaluation | Feeds | Food | Food adulteration and inspection | Food contamination | Foodborne diseases | Functional foods | Government policy | Health aspects of Antibiotics in agriculture | Imports | Inspection,eng,https://covers.openlibrary.org/b/id/12800342-M.jpg,https://openlibrary.org/works/OL565200W,Open Library API,food safety,
Who took the farmer's hat?,Joan L. Nodset,4.0,2.0,1963.0,5.0,"Hats | Animals | Fiction | Children's fiction | Agriculture, fiction",eng,https://covers.openlibrary.org/b/id/1578649-M.jpg,https://openlibrary.org/works/OL3282715W,Open Library API,agriculture,
Vergleichende Untersuchungen an drei obergärigen Arten von Bierhefe,Paul Regensburger,,,1906.0,4.0,Fermentation | Yeast,ger,https://covers.openlibrary.org/b/id/6199890-M.jpg,https://openlibrary.org/works/OL18099149W,Open Library API,fermentation,
Stolen Harvest,Vandana Shiva,,,1999.0,9.0,"Alimentos | Empresas | Industria y comercio | Big business | Abastecimiento | Food industry and trade | Food supply | Agrarwelthandel | Ernährungssicherung | Qualität | Agro-industrie | Welternährung | Ecology | Voedselvoorziening | Genetic Engineering | Agrarproduktion | Lebensmittelindustrie | Genetische manipulatie | Agricultural ecology | Landbouw | Agriculture & related industries | International economic relations | Food supply, government policy",eng | spa,https://covers.openlibrary.org/b/id/4910497-M.jpg,https://openlibrary.org/works/OL1054924W,Open Library API,food business,
Bake,Parragon | Love Food Editors,,,2013.0,1.0,Baking,eng,https://covers.openlibrary.org/b/id/8288546-M.jpg,https://openlibrary.org/works/OL18019408W,Open Library API,baking,
Nutrition,Janice Thompson,,,2011.0,1.0,Nutrition,eng,https://covers.openlibrary.org/b/id/9681687-M.jpg,https://openlibrary.org/works/OL15538004W,Open Library API,nutrition,
"HACCP, a systematic approach to food safety",Kenneth E. Stevenson,,,2006.0,1.0,Safety measures | Sanitation | Food adulteration and inspection | Food | Food handling | Food industry and trade | Microbiology | Hazard Analysis and Critical Control Point (Food safety system),eng,https://covers.openlibrary.org/b/id/6617262-M.jpg,https://openlibrary.org/works/OL18603069W,Open Library API,food safety,
Sugar Snow,Laura Ingalls Wilder | Doris Ettlinger,4.25,4.0,1998.0,7.0,"Juvenile fiction | Fiction | Maple sugar | Frontier and pioneer life | Children's fiction | Snow, fiction | Agriculture, fiction",eng,https://covers.openlibrary.org/b/id/6765957-M.jpg,https://openlibrary.org/works/OL15851999W,Open Library API,agriculture,
"Handbook on High Value Fermentation Products, Volume 2",Saurabh Saran | Vikash Babu | Asha Chaubey,,,2019.0,3.0,Fermentation,eng,https://covers.openlibrary.org/b/id/14739737-M.jpg,https://openlibrary.org/works/OL21640046W,Open Library API,fermentation,
McIlhenny's Gold,Jeffrey Rothfeder,,,2007.0,12.0,"History | McIlhenny Co | Hot pepper sauce industry | Tabasco sauce | Biography & Autobiography | Business | Cooking & Food | Nonfiction | McIlhenny Company | Sauces | Louisiana, biography | Industries, louisiana | Condiments | Family-owned business enterprises",eng,https://covers.openlibrary.org/b/id/4940331-M.jpg,https://openlibrary.org/works/OL4273024W,Open Library API,food business,
John Whaite Bakes,John Whaite,,,2013.0,2.0,Baking | Baked products,eng,https://covers.openlibrary.org/b/id/12585222-M.jpg,https://openlibrary.org/works/OL25157421W,Open Library API,baking,
Nutrition,Mary B. Grosvenor,,,2001.0,24.0,Nutrition | Health | Nutritionally induced diseases | Literary collections,eng,https://covers.openlibrary.org/b/id/11505794-M.jpg,https://openlibrary.org/works/OL270576W,Open Library API,nutrition,
"Principles of food, beverage, and labor cost controls",Paul Dittmer,,,2003.0,4.0,"Food service | Cost control | Services alimentaires | Coût | Contrôle | BUSINESS & ECONOMICS | Industries | Hospitality, Travel & Tourism | TRAVEL | Restaurants | Industrial health & safety | Trades & technology -> industrial health & safety -> industrial health & safety",eng,https://covers.openlibrary.org/b/id/8709499-M.jpg,https://openlibrary.org/works/OL1931610W,Open Library API,food safety,
Chemical equilibria in soils,Willard Lyman Lindsay,,,1979.0,2.0,Chemical equilibrium | Soil chemistry | Agricultural chemistry,eng,https://covers.openlibrary.org/b/id/8445510-M.jpg,https://openlibrary.org/works/OL6560011W,Open Library API,agriculture,
Practical Fermentation Technology,Brian McNeil | Linda Harvey,,,2008.0,3.0,Fermentation,eng,,https://openlibrary.org/works/OL21448107W,Open Library API,fermentation,
Inside the FDA,Fran Hawthorne,,,2005.0,6.0,"Drug Industry | Business | Food adulteration and inspection | Food | United States | Nonfiction | Pharmaceutical policy | Drug Approval | United States. Food and Drug Administration | United states, food and drug administration | Politics | Safety | United States Food and Drug Administration",eng,https://covers.openlibrary.org/b/id/305961-M.jpg,https://openlibrary.org/works/OL8226915W,Open Library API,food business,
How to bake everything,Mark Bittman,,,2016.0,2.0,Baking | Quick and easy cooking,eng,https://covers.openlibrary.org/b/id/13099911-M.jpg,https://openlibrary.org/works/OL20036138W,Open Library API,baking,
Food combining made easy,Herbert M. Shelton,4.0,1.0,1940.0,4.0,Diet | Digestion | Food combining | Nutrition | Nutrition Physiology | Popular works,eng,https://covers.openlibrary.org/b/id/7230177-M.jpg,https://openlibrary.org/works/OL3009660W,Open Library API,nutrition,
Preharvest and postharvest food safety,Ross C. Beier | Suresh D. Pillai | Timothy D. Phillips | Richard L. Ziprin,,,2004.0,4.0,"Food | Safety measures | Agricultural microbiology | Microbiology | Food, microbiology",eng,https://covers.openlibrary.org/b/id/11698253-M.jpg,https://openlibrary.org/works/OL19124313W,Open Library API,food safety,
Agricultural development principles,Robert D. Stevens,,,1988.0,1.0,"Agriculture | Economic aspects of Agriculture | Agriculture, economic aspects | Economic aspects",eng,https://covers.openlibrary.org/b/id/4125746-M.jpg,https://openlibrary.org/works/OL4981719W,Open Library API,agriculture,
"High Value Fermentation Products, Volume 1",Asha Chaubey | Vikash Babu | Saurabh Saran,,,2019.0,3.0,Fermentation,eng,https://covers.openlibrary.org/b/id/8800895-M.jpg,https://openlibrary.org/works/OL20155839W,Open Library API,fermentation,
Food Security in a Food Abundant World,Kwan Choi | Hamid Beladi | Andrew Schmitz | P. Lynn Kennedy | Troy G. Schmitz,,,2016.0,2.0,Food supply | Business | Food security | Economic aspects | Nutrition policy | Development economics | BUSINESS & ECONOMICS | Industries | General,eng,https://covers.openlibrary.org/b/id/12514235-M.jpg,https://openlibrary.org/works/OL21114665W,Open Library API,food business,
Nestlé toll house all-time favorite cookie and baking recipes,"Nestlé USA, Inc",,,2003.0,2.0,Cookies | Baking,eng,https://covers.openlibrary.org/b/id/11702331-M.jpg,https://openlibrary.org/works/OL19395582W,Open Library API,baking,
Food values of portions commonly used,Anna De Planter Bowes | Anna de Planter Bowes,,,1939.0,25.0,"Composition | Food | Food Analysis | Nutrition | Nutrition Physiology | Tables | Alimentation | Levensmiddelen | Aliments | Nutritional Physiological Phenomena | Voedingswaarde | Food, composition | Physiology | Reference Values | Food, tables | Diet therapy | Cooperative Agriculture",eng | spa,https://covers.openlibrary.org/b/id/6965680-M.jpg,https://openlibrary.org/works/OL4304829W,Open Library API,nutrition,
The philosophy of food,David M. Kaplan,,,2011.0,3.0,Food | Food Safety | Food Supply | Animal Welfare | Ethics,eng,https://covers.openlibrary.org/b/id/10346318-M.jpg,https://openlibrary.org/works/OL16142243W,Open Library API,food safety,
Sumberdaya lahan Indonesia dan pengelolaannya,Pusat Penelitian Tanah dan Agroklimat (Indonesia),5.0,1.0,2000.0,1.0,Agricultural resources | Rural Land use | Management | Agriculture | Agricultural ecology,ind,,https://openlibrary.org/works/OL19161134W,Open Library API,agriculture,
Modern Solid State Fermentation,Hongzhang Chen,,,2013.0,3.0,Fermentation,eng,https://covers.openlibrary.org/b/id/9366724-M.jpg,https://openlibrary.org/works/OL20692276W,Open Library API,fermentation,
Food Bank Nations,Graham Riches,,,2018.0,6.0,Food | Poverty | Social responsibility of business | Food banks | Food security | Banques alimentaires | Sécurité alimentaire | Pauvreté | Entreprises | Responsabilité sociale | BUSINESS & ECONOMICS | Infrastructure | SOCIAL SCIENCE | General,eng,,https://openlibrary.org/works/OL21335243W,Open Library API,food business,
The Great British bake off,Linda Collister,,,2015.0,1.0,Baking | Baked products,eng,https://covers.openlibrary.org/b/id/10323879-M.jpg,https://openlibrary.org/works/OL20037832W,Open Library API,baking,
A sociology of food & nutrition,John Germov | Lauren Williams,,,2004.0,2.0,Social aspects | Food | Food habits | Nutrition | Health | Nutrition and dietetics | Sociology,eng,https://covers.openlibrary.org/b/id/1129269-M.jpg,https://openlibrary.org/works/OL15893817W,Open Library API,nutrition,
Guide to Food Safety,David McSwane | Nancy R. Rue | Richard Linton | Anna Graf Willliams | FMI | David Zachary McSwane,,,2007.0,2.0,"Food service -- Safety measures -- Handbooks, manuals, etc. | Food service -- Sanitation -- Handbooks, manuals, etc. | Food handling -- Safety measures -- Handbooks, manuals, etc. | Food handling | Food service | Handbooks, manuals | Safety measures | Sanitation",eng,https://covers.openlibrary.org/b/id/1112407-M.jpg,https://openlibrary.org/works/OL17836865W,Open Library API,food safety,
Dirt to Soil,Gabe Brown,5.0,1.0,2018.0,2.0,"Organic farming | Agriculture, united states",eng,https://covers.openlibrary.org/b/id/8817749-M.jpg,https://openlibrary.org/works/OL20171211W,Open Library API,agriculture,
The chemistry of corn into alcohol,Dale Holm,5.0,1.0,1980.0,1.0,Alcohol as fuel | Fermentation,eng,https://covers.openlibrary.org/b/id/13961378-M.jpg,https://openlibrary.org/works/OL6104499W,Open Library API,fermentation,
Superbusiness,Fraser Doherty,,,2011.0,4.0,"SuperJam (Firm) | New business enterprises | Entrepreneurship | Food industry and trade | Industries, scotland",eng,https://covers.openlibrary.org/b/id/11080713-M.jpg,https://openlibrary.org/works/OL16590336W,Open Library API,food business,
Home baking,Jeffrey Alford | Naomi Duguid,,,2003.0,5.0,"Cookery, International | International Cookery | Baking | International cooking | Cakes, baking, icing & sugarcraft | Methods - Baking | Cooking | Cooking / Wine | Cooking / Baking",eng,https://covers.openlibrary.org/b/id/837600-M.jpg,https://openlibrary.org/works/OL1808306W,Open Library API,baking,
Biology,Neil Allison Campbell,3.8888888,27.0,1987.0,57.0,"Biology | Textbooks | Biology textbooks | Biologie | Science textbooks | Biology, Life Sciences | Biology (General) | Science | Science/Mathematics | Life Sciences - Biology - General | Problems, exercises | Biological Science Disciplines | Manuel | Biologi | Biological sciences & nutrition -> biology -> general | Qh308.2 .c34 2008 | 570 | Children's non-fiction | Science & technology",fre | spa | eng,https://covers.openlibrary.org/b/id/581911-M.jpg,https://openlibrary.org/works/OL1983087W,Open Library API,nutrition,
Thermal food processing,Da-Wen Sun,,,2005.0,7.0,"Food | Storage | Preservation | Food industry and trade | Food, preservation | Heating | Food Handling | Methods | Food Technology | Safety | Food Preservation | Aliments | Entreposage | Conservation | Chauffage | TECHNOLOGY & ENGINEERING | Food Science",eng,https://covers.openlibrary.org/b/id/1925823-M.jpg,https://openlibrary.org/works/OL18233210W,Open Library API,food safety,
The conditions of agricultural growth,Ester Boserup,,,1965.0,27.0,"Agriculture | Economic aspects | Economic aspects of Agriculture | Population | Agriculture, economic aspects | Economic development | Aspect économique | Jordbruk | Ekonomiska aspekter | Lantbruk | BUSINESS & ECONOMICS | Industries | General",eng,https://covers.openlibrary.org/b/id/1143078-M.jpg,https://openlibrary.org/works/OL4798174W,Open Library API,agriculture,
Mémoire sur la fermentation alcoolique,Louis Pasteur,,,1860.0,1.0,Fermentation,fre,https://covers.openlibrary.org/b/id/7206326-M.jpg,https://openlibrary.org/works/OL15522627W,Open Library API,fermentation,
Hooked,Michael Moss,2.0,1.0,2021.0,2.0,nyt:combined-print-and-e-book-nonfiction=2021-04-18 | New York Times bestseller | New York Times reviewed | Compulsive eating | Obesity | Food additives | Food industry and trade | Nutrition | Health aspects | Convenience foods | Marketing | Food Addiction | Diet | Adverse effects | Food-Processing Industry | Economics | Fast Foods | BUSINESS & ECONOMICS / Corporate & Business History | HEALTH & FITNESS / Diet & Nutrition / Nutrition | PSYCHOLOGY / Psychopathology / Addiction,eng,https://covers.openlibrary.org/b/id/10827495-M.jpg,https://openlibrary.org/works/OL21947343W,Open Library API,food business,
Nutritional sciences,Michelle McGuire | Kathy A. Beerman,,,2006.0,10.0,"Nutrition | Textbooks | Dietetics & nutrition | Medical / Nutrition | Medical | Medical / Nursing | Food | Food, carbohydrate content | Food, vitamin content",eng,https://covers.openlibrary.org/b/id/2473726-M.jpg,https://openlibrary.org/works/OL9389399W,Open Library API,nutrition,
Bacteria and foodborne illness,National Digestive Diseases Information Clearinghouse (U.S.),,,2007.0,2.0,Food poisoning | Prevention | Food handling | Safety measures | Foodborne diseases,eng,,https://openlibrary.org/works/OL32188355W,Open Library API,food safety,
A Corporate Tragedy,Barbara Marsh,5.0,1.0,1985.0,1.0,Agricultural machinery industry | International Harvester Company,eng,https://covers.openlibrary.org/b/id/4210350-M.jpg,https://openlibrary.org/works/OL5473527W,Open Library API,agriculture,
World Population and World Food Supplies,E. John Russell,,,2019.0,5.0,Food supply | Population | BUSINESS & ECONOMICS | International | Economics,eng,,https://openlibrary.org/works/OL25218308W,Open Library API,food business,
Healing with whole foods,Paul Pitchford,,,1993.0,7.0,"Chinese Medicine | Diet therapy | Medicine, Chinese | Nutrition | Chinese Traditional Medicine | Methods | Nutritional Physiological Phenomena | HEALTH & FITNESS / Naturopathy",eng | spa,https://covers.openlibrary.org/b/id/715985-M.jpg,https://openlibrary.org/works/OL3232291W,Open Library API,nutrition,
Genetic roulette,"Smith, Jeffrey M.",,,2007.0,1.0,Food | Biotechnology | Safety measures | Government policy | Genetically modified foods | Genetically Modified Food | Standards,eng,https://covers.openlibrary.org/b/id/11384605-M.jpg,https://openlibrary.org/works/OL6040777W,Open Library API,food safety,
Soil and Water Conservation Engineering,Glenn O. Schwab | Delmar D. Fangmeier | William J. Elliot | Richard K. Frevert,5.0,2.0,1955.0,2.0,Agricultural engineering | Soil conservation | Water conservation,eng,https://covers.openlibrary.org/b/id/1248780-M.jpg,https://openlibrary.org/works/OL19334438W,Open Library API,agriculture,
Die Bierbrauerei,Ludwig Narziss,,,1976.0,6.0,Beer | Brewing | Malt | Fermentation,ger,,https://openlibrary.org/works/OL19139710W,Open Library API,fermentation,
Multiresidue Methods for the Analysis of Pesticide Residues in Food,Horacio Heinzen | Leo M. L. Nollet | Amadeo R. Fernandez-Alba,,,2017.0,5.0,Pesticides | Pesticide residues in food | Food contamination | Food | Analysis | TECHNOLOGY & ENGINEERING | Food Science | BUSINESS & ECONOMICS | Infrastructure | SOCIAL SCIENCE | General,eng,https://covers.openlibrary.org/b/id/14268367-M.jpg,https://openlibrary.org/works/OL21297562W,Open Library API,food business,
Tate's Bake Shop Cookbook,Kathleen King,5.0,1.0,2005.0,2.0,Baking | Desserts,eng,https://covers.openlibrary.org/b/id/180357-M.jpg,https://openlibrary.org/works/OL9239192W,Open Library API,baking,
Ayurveda,Maya Tiwari,,,1994.0,4.0,"Ayurvedic Medicine | Health | Medicine, Ayurvedic | Nutrition | Medicine, ayurvedic | Nutritional Physiological Phenomena",eng,https://covers.openlibrary.org/b/id/691252-M.jpg,https://openlibrary.org/works/OL3001669W,Open Library API,nutrition,
International standards for food safety,Naomi Rees | David Watson,0.0,0.0,2000.0,1.0,Safety measures | Food adulteration and inspection | Food industry and trade | Standards | Food contamination,eng,https://covers.openlibrary.org/b/id/1579357-M.jpg,https://openlibrary.org/works/OL18648770W,Open Library API,food safety,
Hukum agraria,Rheena Effendy,5.0,1.0,1971.0,2.0,"Agricultural laws and legislation | Examinations, questions",ind,,https://openlibrary.org/works/OL7196391W,Open Library API,agriculture,
Ferment your vegetables,Amanda Feifer,,,2015.0,2.0,Fermented foods | Pickled foods | Food,eng,,https://openlibrary.org/works/OL22318401W,Open Library API,fermentation,
Opportunities in restaurant careers,Carol Ann Caprione Chmelynski | Carol Caprione Chemelynski,,,1990.0,6.0,"Vocational guidance | Business | Food service | Nonfiction | Careers | Industries | TRAVEL | Hospitality, Travel & Tourism | BUSINESS & ECONOMICS | Restaurants | Food service, vocational guidance",eng,https://covers.openlibrary.org/b/id/3725285-M.jpg,https://openlibrary.org/works/OL1811425W,Open Library API,food business,
Crumb,Ruby Tandoh,,,2001.0,3.0,Baking | Cake,eng,https://covers.openlibrary.org/b/id/11021898-M.jpg,https://openlibrary.org/works/OL20037288W,Open Library API,baking,
Grain Brain,David Perlmutter | Kristin Loberg,5.0,1.0,2013.0,18.0,"Dietary supplements | Brain, diseases | Mental health, nutritional aspects | Brain | Energy metabolism | Diseases | Carbohydrates | Nutritional aspects | Metabolism | Popular works | Prevention | nyt:combined-print-and-e-book-nonfiction=2013-10-06 | New York Times bestseller | Brain Diseases | Carbohydrate Metabolism | Nutritional Physiological Phenomena | Metabolismo | Aspectos nutritivos | Cerebro | Enfermedades | Prevencion | Metabolismo de la energia | Hidratos de carbono",chi | spa | eng,https://covers.openlibrary.org/b/id/7598066-M.jpg,https://openlibrary.org/works/OL17447903W,Open Library API,nutrition,
Handbook of food safety engineering,Da-Wen Sun,,,2011.0,5.0,"Safety measures | Sanitation | TECHNOLOGY & ENGINEERING / Food Science | Food | Food industry and trade | Microbiology | Food, microbiology",eng,https://covers.openlibrary.org/b/id/13753791-M.jpg,https://openlibrary.org/works/OL15980332W,Open Library API,food safety,
The Fatal Harvest Reader,Andrew Kimbrell,,,2002.0,6.0,"Organic farming | Environmental aspects | Agriculture | Agricultural ecology | Agriculture, environmental aspects | Agriculture, united states | Environment | Organic Food",eng,https://covers.openlibrary.org/b/id/787481-M.jpg,https://openlibrary.org/works/OL2718585W,Open Library API,agriculture,
"Fermented Foods, Part II",Ramesh C. Ray | Didier Montet,,,2017.0,6.0,"Food, biotechnology | Fermentation | Food | Fermented foods | Composition | Biochemistry | Biotechnology | Aliments fermentés | Biochimie | Aliments | Biotechnologie | TECHNOLOGY & ENGINEERING | Food Science",eng,,https://openlibrary.org/works/OL21300282W,Open Library API,fermentation,
ManageFirst,National Restaurant Association,,,2012.0,5.0,"Hospitality industry | Restaurant management | Nutrition | Food service management | Customer services | Management | Business ethics | Personnel management | Entrepreneurship | Problems, exercises",,https://covers.openlibrary.org/b/id/10142246-M.jpg,https://openlibrary.org/works/OL20835444W,Open Library API,food business,
Human nutrition,Catherine Geissler | Hilary Powers,,,2010.0,1.0,Nutrition | Nutrition Disorders | Diet therapy | Nutrition disorders | Nutritional Physiological Phenomena | Diet Therapy | Dietetics | Diets | Allied health & medical -> nursing -> nutrition,eng,https://covers.openlibrary.org/b/id/12592356-M.jpg,https://openlibrary.org/works/OL16767034W,Open Library API,nutrition,
Safety and sanitation,Michael Pepper | Gilbert Pratt | Alice Winnick,,,1984.0,3.0,Food service | Safety measures,eng,,https://openlibrary.org/works/OL19127260W,Open Library API,food safety,
Poison Path Herbal,Coby Michael,,,2021.0,2.0,Agriculture,eng,,https://openlibrary.org/works/OL25795783W,Open Library API,agriculture,
Current Developments in Biotechnology and Bioengineering,Ashok Pandey | Sudhir P. Singh | Sudesh Kumar Yadav | Guocheng Du,,,2016.0,19.0,"Bioengineering | Biotechnology | Cell culture | Fermentation | Biomass energy | Waste products | Chemistry, technical | Long Now Manual for Civilization",eng,https://covers.openlibrary.org/b/id/9238815-M.jpg,https://openlibrary.org/works/OL20598139W,Open Library API,fermentation,
Irrational Persistence,Dave Zilko,,,2016.0,4.0,Snack foods | Entrepreneurship | Success in business,eng,,https://openlibrary.org/works/OL21582697W,Open Library API,food business,
Sarabeth's bakery,Sarabeth Levine,,,2010.0,1.0,Desserts | Baking | Baked products,eng,https://covers.openlibrary.org/b/id/12629132-M.jpg,https://openlibrary.org/works/OL16282631W,Open Library API,baking,
Chemistry of Man,Bernard Jensen,,,1983.0,2.0,Nutrition | Homeopathy,eng,https://covers.openlibrary.org/b/id/7276720-M.jpg,https://openlibrary.org/works/OL1895390W,Open Library API,nutrition,
Cannabis Grower's Handbook,Ed Rosenthal | Robert Flannery | Angela Bacca,,,2021.0,2.0,Agriculture,eng,,https://openlibrary.org/works/OL25773842W,Open Library API,agriculture,
Chemicals from fermentation,Peter A. Hahn,,,1968.0,2.0,Chemical engineering | Fermentation,eng,https://covers.openlibrary.org/b/id/10738849-M.jpg,https://openlibrary.org/works/OL7204964W,Open Library API,fermentation,
Supply Chain Management for Sustainable Food Networks,Dionysis Bochtis | Eleftherios Iakovou | Dimitrios Vlachos | Dimitrios Aidonis,,,2016.0,4.0,Business logistics | Food industry and trade,eng,,https://openlibrary.org/works/OL21579566W,Open Library API,food business,
Baking,Not stated,,,2000.0,1.0,Cooking | Baking,eng,https://covers.openlibrary.org/b/id/8283517-M.jpg,https://openlibrary.org/works/OL18011788W,Open Library API,baking,
The Diet Myth,Professor Tim Spector,5.0,1.0,2016.0,1.0,"Nutrition | Diet therapy | Intestines, microbiology | Health behavior",eng,https://covers.openlibrary.org/b/id/9134252-M.jpg,https://openlibrary.org/works/OL20469388W,Open Library API,nutrition,
Introduction to Culinary Arts,Jerry Gleason | Culinary Institute of America.,,,2014.0,2.0,"Cooking, study and teaching | Food | Safety measures | Cooking | Study and teaching",eng,https://covers.openlibrary.org/b/id/10137375-M.jpg,https://openlibrary.org/works/OL20831730W,Open Library API,food safety,
English Pastoral,James Rebanks,,,2020.0,4.0,Agriculture,eng,,https://openlibrary.org/works/OL21682837W,Open Library API,agriculture,
Fermented foods of the world,Geoffrey Campbell-Platt,,,1987.0,2.0,Dictionaries | Fermented foods,eng,,https://openlibrary.org/works/OL5278551W,Open Library API,fermentation,
Food and Experiential Marketing,Wided Batat,,,2019.0,6.0,"Direct marketing | Customer relations | Food, marketing | Branding (Marketing) | Food | Marketing | BUSINESS & ECONOMICS | Consumer Behavior | Research | TECHNOLOGY | Food Science",eng,,https://openlibrary.org/works/OL25752759W,Open Library API,food business,
Diet and health,Walter J. Veith,,,1998.0,3.0,Cookery | Nutrition | Nutrition Physiology | Vegetarian Diet | Vegetarian cookery | Vegetarianism,eng,https://covers.openlibrary.org/b/id/2252881-M.jpg,https://openlibrary.org/works/OL9051301W,Open Library API,nutrition,
Food safety,Nina Redman,,,2007.0,3.0,"Current Events | Food adulteration and inspection | Food industry and trade | Handbooks, manuals | Handbooks, manuals, etc | Nonfiction | Safety measures | Science",eng,https://covers.openlibrary.org/b/id/6419555-M.jpg,https://openlibrary.org/works/OL1917024W,Open Library API,food safety,
Maison rustique du XIXe siècle,C. Bailly | Alexandre Bixio | François Malepeyre | Victor Frédéric Alexandre Ysabeau,,,1836.0,31.0,Agriculture | Dictionaries | French,fre,https://covers.openlibrary.org/b/id/6534280-M.jpg,https://openlibrary.org/works/OL15222720W,Open Library API,agriculture,
Amino Acid Fermentation,Atsushi Yokota | Masato Ikeda,,,2017.0,2.0,Amino acids | Fermentation,,https://covers.openlibrary.org/b/id/10167389-M.jpg,https://openlibrary.org/works/OL20854393W,Open Library API,fermentation,
Drying food for profit,B. L. Axtell | Barrie Axtell | Andrew Russell,,,2002.0,3.0,"Food | Drying | Agricultural science | Food & beverage technology | Food manufacturing & related industries | Technology | Technology & Industrial Arts | Science/Mathematics | Entrepreneurship | Food Science | New Business Enterprises | Technology / Food Industry & Science | Food, drying",eng,https://covers.openlibrary.org/b/id/2048400-M.jpg,https://openlibrary.org/works/OL3405921W,Open Library API,food business,
Taste of Home cookies,Taste of Home Books,,,2009.0,2.0,Desserts | Cookies | Baking,eng,https://covers.openlibrary.org/b/id/10344632-M.jpg,https://openlibrary.org/works/OL16595733W,Open Library API,baking,
"Foods That Harm, Foods That Heal",Reader's Digest Association,0.0,0.0,1997.0,3.0,Food | Nutrition | Popular works | Popular Works,eng,https://covers.openlibrary.org/b/id/512878-M.jpg,https://openlibrary.org/works/OL8064611W,Open Library API,nutrition,
Aflatoxin and Food Safety (Food Science and Technology (Crc Press)),Hamed K. Abbas,,,2005.0,1.0,Food | Aflatoxins | Safety measures,eng,https://covers.openlibrary.org/b/id/1564183-M.jpg,https://openlibrary.org/works/OL8561806W,Open Library API,food safety,
Principles of Agricultural Economics,Andrew Barkley | Paul W. Barkley,,,2013.0,17.0,"Economics | Agriculture, economic aspects, united states | Agriculture",eng,https://covers.openlibrary.org/b/id/13253012-M.jpg,https://openlibrary.org/works/OL20734617W,Open Library API,agriculture,
Fermented vegetables,Kirsten Shockey,,,2014.0,1.0,"Vegetables | Fermented foods | Canning and preserving | Preservation | Vegetables, preservation",eng,https://covers.openlibrary.org/b/id/14796137-M.jpg,https://openlibrary.org/works/OL19990292W,Open Library API,fermentation,
Organizing Supply Chain Processes for Sustainable Innovation in the Agri-Food Industry,Christopher Worley | Raffaella Cagliano | Frederico Caniato,,,2016.0,2.0,Business logistics | Food supply | Business,eng,,https://openlibrary.org/works/OL21133989W,Open Library API,food business,
Bakery Technology & Engineering,Samuel A. Matz,,,1960.0,5.0,Baking | Bakers and bakeries | Bakeries,eng,https://covers.openlibrary.org/b/id/1231104-M.jpg,https://openlibrary.org/works/OL2470693W,Open Library API,baking,
Nutrition,Mary B. Grosvenor | Lori A. Smolin,,,2005.0,10.0,Nutrition | Ernahrung | Nutritional Physiological Phenomena | Ernahrungserziehung | Ernahrungswissenschaft | Nutritionally induced diseases | Health,eng,https://covers.openlibrary.org/b/id/306223-M.jpg,https://openlibrary.org/works/OL12078101W,Open Library API,nutrition,
Sheng huo zhong bu ke bu zhi de shi pin an quan zhi shi,Yangqing Xiang,,,2009.0,1.0,Food | Safety measures | Microbiology,chi,https://covers.openlibrary.org/b/id/12480529-M.jpg,https://openlibrary.org/works/OL26449762W,Open Library API,food safety,
Introduction to Plant Biotechnology (3/e),H. S. Chawla,,,2011.0,7.0,Agricultural biotechnology,eng,,https://openlibrary.org/works/OL21643979W,Open Library API,agriculture,
Ancestral records and portraits,"Colonial Dames of America. Chapter I, Baltimore.",,,1910.0,1.0,Genealogy | Fermentation | Mycology | Insects,eng,https://covers.openlibrary.org/b/id/6272880-M.jpg,https://openlibrary.org/works/OL7706640W,Open Library API,fermentation,
The Fifth Risk,Michael Lewis | Ramón González Férriz,4.2,10.0,2018.0,11.0,"Politics and government | Civil service | Management | Administrative agencies | Public administration | Government executives | United states, politics and government, 2017- | Civil service, united states | nyt:combined-print-and-e-book-nonfiction=2018-10-21 | New York Times bestseller | New York Times reviewed | BUSINESS & ECONOMICS / Commercial Policy | POLITICAL SCIENCE / American Government / National | POLITICAL SCIENCE / Public Policy / Agriculture & Food Policy | POLITICAL SCIENCE / Public Policy / Energy Policy | nyt:paperback-nonfiction=2019-12-22 | United states, politics and government, 2017-2021",eng,https://covers.openlibrary.org/b/id/10285490-M.jpg,https://openlibrary.org/works/OL19754784W,Open Library API,food business,
Better Homes and Gardens Complete Book of Baking,Better Homes and Gardens,,,1995.0,2.0,Baking,eng,https://covers.openlibrary.org/b/id/445287-M.jpg,https://openlibrary.org/works/OL8194190W,Open Library API,baking,
Fundamentals of Meal Management,Margaret McWilliams,3.0,2.0,1978.0,7.0,Food | Table service | Grocery shopping | Food service | Nutrition,eng,https://covers.openlibrary.org/b/id/1103052-M.jpg,https://openlibrary.org/works/OL2154269W,Open Library API,nutrition,
Ready-to-eat foods,Lihan Huang,,,2009.0,3.0,Safety measures | Food contamination | Ready meals | Food | Convenience foods . | Microbiology | Foodborne diseases | Food law and legislation | Food adulteration and inspection | Convenience foods,eng,,https://openlibrary.org/works/OL18812898W,Open Library API,food safety,
The first farmers,Peter S. Bellwood,4.0,2.0,2004.0,6.0,"Origin | Prehistoric Agriculture | Cultivated Plants | Plants, Cultivated | Agriculture, Prehistoric | Agriculture | Landbouw | Agrarische maatschappij | Ontstaansgeschiedenis | Prehistorie",eng,https://covers.openlibrary.org/b/id/1326682-M.jpg,https://openlibrary.org/works/OL3344510W,Open Library API,agriculture,
Secrets of the still,Grace Firth,,,1983.0,1.0,Amateurs' manuals | Distillation | Fermentation,eng,https://covers.openlibrary.org/b/id/13176831-M.jpg,https://openlibrary.org/works/OL5599849W,Open Library API,fermentation,
Lawrie's Meat Science,Fidel Toldra,,,2017.0,3.0,"Meat industry and trade | Meat | Food science | Food industry | Microbiology | Professional, career & trade -> food technology -> food science | Business & economics -> business -> industries | Allied health & medical -> medical -> microbiology | 256 | 720 | L0140401607",eng,https://covers.openlibrary.org/b/id/12588664-M.jpg,https://openlibrary.org/works/OL25175043W,Open Library API,food business,
Nutrition Across Life Stages,Melissa Bernstein | Kimberley McMahon,,,2017.0,2.0,Nutrition | Diet | Nutritional physiological phenomena,eng,https://covers.openlibrary.org/b/id/13286642-M.jpg,https://openlibrary.org/works/OL21137890W,Open Library API,nutrition,
Practical Food Safety,Rajeev Bhat | Vicente M. Gómez-López,,,2014.0,2.0,Food Safety | Food Contamination | Food contamination,eng,https://covers.openlibrary.org/b/id/9012723-M.jpg,https://openlibrary.org/works/OL20347266W,Open Library API,food safety,
The Homesteading Handbook,Abigail R. Gehring,4.0,1.0,2011.0,2.0,"Agriculture | Handbooks, manuals | Rural Home economics | Family farms | Sustainable living | Agriculture, united states | Home economics, rural | Agriculture, handbooks, manuals, etc.",eng,https://covers.openlibrary.org/b/id/8035125-M.jpg,https://openlibrary.org/works/OL15936920W,Open Library API,agriculture,
Real food fermentation,Alex Lewin,4.0,1.0,2012.0,2.0,COOKING / Methods / Canning & Preserving | COOKING / General | Fermented foods | Fernentation | Fermentation | Food,eng,,https://openlibrary.org/works/OL16486444W,Open Library API,fermentation,
Starting a Small Food Processing Enterprise,Peter Fellows | Ernesto Franco | Walter Rios,,,1996.0,2.0,Food industry and trade | Management | New business enterprises | Small business,eng,https://covers.openlibrary.org/b/id/5165781-M.jpg,https://openlibrary.org/works/OL21715187W,Open Library API,food business,
Baking,Martha Day,,,2002.0,2.0,Baking | Baked products,eng,https://covers.openlibrary.org/b/id/12533557-M.jpg,https://openlibrary.org/works/OL27028039W,Open Library API,baking,
A cancer therapy,Max Gerson,,,1958.0,14.0,Alternative therapies | Cancer | Case studies | Diet therapy | Neoplasms | Nutritional aspects | Nutritional aspects of Cancer | Therapy,eng,https://covers.openlibrary.org/b/id/724920-M.jpg,https://openlibrary.org/works/OL3355005W,Open Library API,nutrition,
Biosensors In Food Processing Safety And Quality Control,Mehmet Mutlu,,,2010.0,5.0,Food | Biosensors | Safety measures | Quality | Food industry and trade | Food--Quality | Biosensing Techniques | Food Handling | Food Contamination | Prevention & control | Food Technology | Food handling | Aliments | Sécurité | Mesures | Qualité | Biocapteurs | Manipulation | HEALTH & FITNESS | Safety,eng,https://covers.openlibrary.org/b/id/7546701-M.jpg,https://openlibrary.org/works/OL17422125W,Open Library API,food safety,
Indian economy since independence,Uma Kapila,,,2008.0,4.0,"Economic policy | Agriculture | Economic development | Economic conditions | India, economic conditions, 1947- | India, economic policy",eng,https://covers.openlibrary.org/b/id/13428521-M.jpg,https://openlibrary.org/works/OL19746731W,Open Library API,agriculture,
On fermentation,Alonzo Engelbert Taylor,,,1907.0,4.0,Fermentation | Enzymes | Metabolism,eng,https://covers.openlibrary.org/b/id/5642439-M.jpg,https://openlibrary.org/works/OL1091120W,Open Library API,fermentation,
Global Foodscapes,Alistair Fraser,,,2016.0,6.0,Food industry and trade | Food supply | Social aspects | Economic aspects | BUSINESS & ECONOMICS | Industries | General,eng,,https://openlibrary.org/works/OL21298838W,Open Library API,food business,
Great Big Baking Book,Carole Clements,,,2002.0,2.0,Baking | Baked products,eng,https://covers.openlibrary.org/b/id/10759840-M.jpg,https://openlibrary.org/works/OL21115681W,Open Library API,baking,
Oceanography,Tom S. Garrison,,,1993.0,5.0,Textbooks | Nutrition | Oceanography | History | Dietetics | Nutritional Sciences | Nutritional Physiological Phenomena | Diététique,eng,https://covers.openlibrary.org/b/id/364033-M.jpg,https://openlibrary.org/works/OL8263849W,Open Library API,nutrition,
Biofilms in the food environment,Hua H. Wang | Meredith Agle,,,2007.0,3.0,Food | Safety measures | Biofilms | Microbiology | Food contamination,eng,https://covers.openlibrary.org/b/id/1542035-M.jpg,https://openlibrary.org/works/OL19577661W,Open Library API,food safety,
The Farming Handbook,Barry Smith,,,2006.0,1.0,"Conscience | Ethics | Agriculture | Handbooks, manuals | Agriculture, handbooks, manuals, etc. | Agriculture, south africa",eng,https://covers.openlibrary.org/b/id/9915569-M.jpg,https://openlibrary.org/works/OL2778750W,Open Library API,agriculture,
Sacred and herbal healing beers,Stephen Harrod Buhner,,,1998.0,1.0,"Beer | Brewing | Herbs, therapeutic use | Fermentation | Therapeutic use | Folklore | Herbal Medicine",eng,https://covers.openlibrary.org/b/id/715459-M.jpg,https://openlibrary.org/works/OL1870651W,Open Library API,fermentation,
Routledge Handbook of Food and Nutrition Security,Bill Pritchard | Rodomiro Ortiz | Meera Shekar,,,2016.0,6.0,Food supply | Nutrition policy | Food security | Sécurité alimentaire | Politique alimentaire | BUSINESS & ECONOMICS | Industries | General,eng,,https://openlibrary.org/works/OL21297725W,Open Library API,food business,
Gluten-Free Baking Classics,Annalise G. Roberts,,,2006.0,3.0,Baking | Gluten-free diet | Recipes,eng,https://covers.openlibrary.org/b/id/823523-M.jpg,https://openlibrary.org/works/OL8921494W,Open Library API,baking,
Eat to Beat Disease,William W. Li,3.0,2.0,2019.0,5.0,Nutritionally induced diseases | Nutrition | Diet therapy,eng,https://covers.openlibrary.org/b/id/8795370-M.jpg,https://openlibrary.org/works/OL20151094W,Open Library API,nutrition,
Enhancing the regulatory decision-making approval process for direct food ingredient technologies,Food Forum | Institute of Medicine,,,1999.0,4.0,Safety regulations | Congresses | Food additives | Food law and legislation,eng,https://covers.openlibrary.org/b/id/2362366-M.jpg,https://openlibrary.org/works/OL23708413W,Open Library API,food safety,
Legume Based Fermented Foods,N. R. Reddy,,,2018.0,5.0,Legumes as food | Fermented foods | Légumes secs | Aliments fermentés | COOKING | General,eng,,https://openlibrary.org/works/OL25219593W,Open Library API,fermentation,
The Routledge Handbook of Sustainable Food and Gastronomy,Philip Sloan | Willy Legrand,,,2015.0,6.0,Food supply | Food industry and trade | Gastronomy | Environmental aspects | Gastronomie | BUSINESS & ECONOMICS | Industries | General,eng,https://covers.openlibrary.org/b/id/8953011-M.jpg,https://openlibrary.org/works/OL20294307W,Open Library API,food business,
The complete idiot's guide to baking,Emily Nolan,,,1997.0,1.0,Baking | Baked products,eng,https://covers.openlibrary.org/b/id/16493-M.jpg,https://openlibrary.org/works/OL2769747W,Open Library API,baking,
Fast Food Facts,Marion J. Franz,1.0,1.0,1984.0,12.0,"Composition | Convenience foods | Diabetes | Fast food restaurants | Food | Nutritional aspects | Nutritional aspects of Diabetes | Tables | Nutritive Value | Diabetic Diet | Nutrition | Food, composition",eng,https://covers.openlibrary.org/b/id/931902-M.jpg,https://openlibrary.org/works/OL2653382W,Open Library API,nutrition,
Food Safety and Protection,V. Ravishankar Rai | Jamuna A. Bai,,,2017.0,5.0,"Food adulteration and inspection | Food, analysis | Food | Safety measures | Foodborne diseases | Packaging | Food Safety | Food Packaging | Methods | Prevention & control | Aliments | Sécurité | Mesures | Maladies d'origine alimentaire | Conditionnement | TECHNOLOGY / Food Science",eng,https://covers.openlibrary.org/b/id/13752587-M.jpg,https://openlibrary.org/works/OL21310059W,Open Library API,food safety,
Rural development,Katar Singh,,,1986.0,4.0,Agricultural development projects | Agriculture | Case studies | Economic aspects | Economic aspects of Agriculture | Rural development | Rural development projects,eng,https://covers.openlibrary.org/b/id/3734924-M.jpg,https://openlibrary.org/works/OL1934253W,Open Library API,agriculture,
The 100,Jorge Cruise | Fred Berman,4.0,1.0,2013.0,3.0,"Reducting diets | Weight loss | Sugar-free diet | Recipes | Reducing diets | Health | Food | Caloric content | Cholesterol content | Tables | nyt:advice-how-to-and-miscellaneous=2013-06-09 | New York Times bestseller | Food, caloric content | nyt:food-and-fitness=2015-02-08 | Children's fiction | Science fiction | Survival, fiction | Criminals, fiction | Business planning | Leadership",eng,https://covers.openlibrary.org/b/id/8367611-M.jpg,https://openlibrary.org/works/OL18820739W,Open Library API,food business,
Roses Heavenly Baking,Rose Levy Beranbaum,5.0,1.0,2014.0,1.0,Baking | COOKING / Methods / Baking,,https://covers.openlibrary.org/b/id/7801089-M.jpg,https://openlibrary.org/works/OL17549730W,Open Library API,baking,
The bodybuilder's nutrition book,Franco Columbu,5.0,1.0,1985.0,2.0,Bodybuilders | Nutrition | Bodybuilding,eng,https://covers.openlibrary.org/b/id/594247-M.jpg,https://openlibrary.org/works/OL5097214W,Open Library API,nutrition,
The God Gene,Dean H. Hamer,4.0,1.0,1980.0,6.0,"Nonfiction | Science | Genetic psychology | Psychology, religious | Agricultural innovations | Agriculture | Agricultural laborers | Agricultural productivity | Land tenure | Social aspects | Economic aspects | Agriculture and state | Croyance religieuse | Spiritualité | Glaube | Genetische psychologie | Aspect génétique | Religious Psychology | Religion | Psychologie religieuse | Religionspsychologie | Erbpsychologie | Aspect biologique | Geloof | Prédisposition héréditaire",eng,https://covers.openlibrary.org/b/id/243775-M.jpg,https://openlibrary.org/works/OL2701094W,Open Library API,agriculture,
Die Fermente und ihre Wirkungen,Carl Oppenheimer,0.0,0.0,1900.0,3.0,Enzymes | Fermentation,ger,https://covers.openlibrary.org/b/id/7965558-M.jpg,https://openlibrary.org/works/OL17691784W,Open Library API,fermentation,
Invisible Giant,Brewster Kneen,,,1995.0,3.0,Grain trade | Agricultural industries | Food industry and trade | International business enterprises | Inc Cargill | History,eng,https://covers.openlibrary.org/b/id/5012900-M.jpg,https://openlibrary.org/works/OL3879579W,Open Library API,food business,
Macarons at midnight,Suzanne Nelson | Suzanne Nelson,3.4285715,7.0,2015.0,4.0,"Bakeries | Boys | Baking | Bakers and bakeries | Juvenile fiction | Girls | Fiction | Impersonation | Infatuation | Stepfamilies | Student newspapers and periodicals | Children's fiction | Friendship, fiction",eng,https://covers.openlibrary.org/b/id/10552327-M.jpg,https://openlibrary.org/works/OL17875151W,Open Library API,baking,
Public health nutrition,Michael J. Gibney,,,2004.0,5.0,Nutrition | Public health | Nutritionally induced diseases | Dietetics | Nutritional Physiological Phenomena | Public Health,eng,https://covers.openlibrary.org/b/id/1329049-M.jpg,https://openlibrary.org/works/OL18231565W,Open Library API,nutrition,
Food safety,Barbara J. Patten,,,1996.0,2.0,Juvenile literature | Food handling | Safety measures | Safety | Food poisoning | Safety education,eng,https://covers.openlibrary.org/b/id/4786335-M.jpg,https://openlibrary.org/works/OL2927046W,Open Library API,food safety,
Right This Very Minute,Lisl H Detlefsen | Renée Kurilla,,,2019.0,4.0,"Food | Food, juvenile literature | Agriculture | Agriculture, juvenile literature",eng,https://covers.openlibrary.org/b/id/10898241-M.jpg,https://openlibrary.org/works/OL24368996W,Open Library API,agriculture,
Koumiss,Oaklands Jersey Dairy,,,1885.0,2.0,Fermented Milk | Lait fermenté,eng,https://covers.openlibrary.org/b/id/6589389-M.jpg,https://openlibrary.org/works/OL15375224W,Open Library API,fermentation,
Novel Food Packaging Techniques,R. Ahvenainen,,,2003.0,3.0,"Food, packaging | Food science | Packaging | Food industry | Professional, career & trade -> food technology -> food science | Trades & technology -> industrial design -> general | Business & economics -> business -> industries",eng,,https://openlibrary.org/works/OL27313989W,Open Library API,food business,
500 baking recipes,Igloo Books Ltd,,,2014.0,1.0,Baking,eng,https://covers.openlibrary.org/b/id/10604466-M.jpg,https://openlibrary.org/works/OL24180348W,Open Library API,baking,
Krause's food & the nutrition care process,L. Kathleen Mahan | Janice L. Raymond,,,2014.0,2.0,Diet therapy | Food | Nutrition | Diet Therapy | Nutritional Physiological Phenomena | Allied health & medical -> nursing -> nutrition,eng,https://covers.openlibrary.org/b/id/8935182-M.jpg,https://openlibrary.org/works/OL20277360W,Open Library API,nutrition,
Food Safety (Point/Counterpoint),Victoria Sherrow,,,2007.0,1.0,Safety measures | Food | Food industry and trade | Food industry,eng,https://covers.openlibrary.org/b/id/1490588-M.jpg,https://openlibrary.org/works/OL479747W,Open Library API,food safety,
Shizen nōhō wara ippon no kakumei,Masanobu Fukuoka,4.1666665,6.0,1978.0,8.0,"No-tillage | Organic farming | Agriculture, japan | Fukuoka, masanobu | No-tillage--japan | Organic farming--japan",eng,https://covers.openlibrary.org/b/id/6255962-M.jpg,https://openlibrary.org/works/OL4261633W,Open Library API,agriculture,
Fundamentals of polymer engineering,"Kumar, Anil",3.0,1.0,2003.0,2.0,Polymerization | Polymers | Engineering | Nonfiction | Polymer engineering | Chemical engineering | Fermentation,eng,https://covers.openlibrary.org/b/id/1563791-M.jpg,https://openlibrary.org/works/OL2635383W,Open Library API,fermentation,
Mumbai's dabbawala,Śobhā Bondre,4.0,1.0,2013.0,1.0,Precooked foods | Transportation | Business logistics | Management,eng,,https://openlibrary.org/works/OL23384416W,Open Library API,food business,
Favorite Gold Medal flour recipes,Betty Crocker,,,1984.0,1.0,Baking,eng,https://covers.openlibrary.org/b/id/6656717-M.jpg,https://openlibrary.org/works/OL15430599W,Open Library API,baking,
Nutritional epidemiology,Walter Willett,,,1990.0,3.0,"Methodology | Nutrition | Research | Nutrition surveys | Diet | Diet in disease | Epidemiologic Methods | Epidemiology | Nutritionally induced diseases | Adverse effects | Nutrition, research | Nutritional Physiological Phenomena",eng,https://covers.openlibrary.org/b/id/124272-M.jpg,https://openlibrary.org/works/OL2721885W,Open Library API,nutrition,
Acciones y experiencias de seguridad alimentaria en Ecuador,Jaime Durango Flores,,,2002.0,2.0,Food | Safety measures | Food supply,spa,,https://openlibrary.org/works/OL11822292W,Open Library API,food safety,
Sabrina and the calf-raising disaster,L. E. Blair | Susan Sloate,,,1992.0,1.0,Agricultural exhibitions | Fiction | Friendship,eng,https://covers.openlibrary.org/b/id/6614372-M.jpg,https://openlibrary.org/works/OL3693848W,Open Library API,agriculture,
The dynamics of innovation clusters,Magnus Lagnevik | Ingegerd Sjoholm | Anders Lareke | Jacob Ostberg,,,2003.0,4.0,Processed foods | Nutrition policy | Marketing | Competition | Research | Food preferences | Technological innovations | Big business | Food industry and trade | Food manufacturing & related industries | Food Science | Business & Economics | Technology & Industrial Arts | Business/Economics | Industries - Agribusiness | Industrial Management | Europe | Food service management,und | eng,https://covers.openlibrary.org/b/id/2026557-M.jpg,https://openlibrary.org/works/OL18270092W,Open Library API,food business,
The gingerbread man,Jim Aylesworth,,,1998.0,5.0,"Fairy tales | Folklore | Folklore, juvenile literature | Children's fiction | Juvenile literature | Foxes, fiction | Baking, fiction",eng,https://covers.openlibrary.org/b/id/385930-M.jpg,https://openlibrary.org/works/OL1857761W,Open Library API,baking,
Plant pathology,George N. Agrios,5.0,3.0,1969.0,7.0,Plant diseases | Field crops | Diseases and pests | Plants | Maladies et fleaux | Plantes | Genetic diseases | Maladies et fléaux | Phytopathologie | Anatomy & physiology | Botany | General | Trees | Biology | Horticulture | Microbiology | Entomology | Physical & earth sciences -> earth science -> earth science general | Biological sciences & nutrition -> biology -> human anatomy & physiology | Biological sciences & nutrition -> biology -> botany | Trades & technology -> agriculture -> general | Trades & technology -> horticulture -> introduction to horticulture | General interests & hobbies -> nature -> nature | Biological sciences & nutrition -> biology -> general | Biological sciences & nutrition -> biology -> zoology,eng,https://covers.openlibrary.org/b/id/79301-M.jpg,https://openlibrary.org/works/OL3286237W,Open Library API,nutrition,
Food supplies and food safety,Marion B. Walsch,,,2010.0,2.0,Food | Safety measures | Food security,eng,https://covers.openlibrary.org/b/id/14399239-M.jpg,https://openlibrary.org/works/OL16767264W,Open Library API,food safety,
"Animal, Vegetable, Junk",Mark Bittman,,,2021.0,7.0,"New York Times reviewed | Food habits | Agriculture, social aspects | Agriculture, environmental aspects | Agriculture, united states | Social sciences | History | Agriculture | SOCIAL SCIENCE / Agriculture & Food (see also POLITICAL SCIENCE / Public Policy / Agriculture & Food Policy) | HISTORY / Civilization | HEALTH & FITNESS / Diet & Nutrition / General | Environmental aspects | Social aspects",eng,https://covers.openlibrary.org/b/id/10596449-M.jpg,https://openlibrary.org/works/OL21887182W,Open Library API,agriculture,
Metodi moderni di panificazione e fenomeni fermentativi,Arnaldo Luraschi,,,1933.0,1.0,Bread | Fermentation,ita,,https://openlibrary.org/works/OL6167213W,Open Library API,fermentation,
Contemporary Issues in Food Supply Chain Management,Jane Eastham | Luís De Aguiar | Simon Thelwell,,,2017.0,3.0,Food supply | Management | Produce trade | Business logistics | Produits agricoles | Commerce | Gestion | Logistique (Organisation) | BUSINESS & ECONOMICS | Industries | General,eng,https://covers.openlibrary.org/b/id/13655396-M.jpg,https://openlibrary.org/works/OL27076473W,Open Library API,food business,
Tips For Better Baking,Lucy Young,,,2009.0,3.0,Baked products | Baking,eng,https://covers.openlibrary.org/b/id/6301548-M.jpg,https://openlibrary.org/works/OL14934807W,Open Library API,baking,
Exercise physiology,William D. McArdle,3.0,3.0,1981.0,13.0,"Exercise | Nutrition | Nutritional Physiological Phenomena | Physiological aspects | Physiological aspects of Exercise | Physiology | Sports medicine | Fysiologische aspecten | Aspect physiologique | Exercice | Lichamelijke inspanning | Physical Exertion | Ernährung | Leistungsphysiologie | Sport | Sportphysiologie | Idrottsfysiologi | Fysiologi | Medicin | Human physiology | Exercise, physiological aspects | Physical fitness",eng,https://covers.openlibrary.org/b/id/1337407-M.jpg,https://openlibrary.org/works/OL1970547W,Open Library API,nutrition,
The global challenge,M. N. Hall,,,2002.0,2.0,Food | Safety measures | Food supply,eng,https://covers.openlibrary.org/b/id/13354316-M.jpg,https://openlibrary.org/works/OL18881375W,Open Library API,food safety,
Introduction to agricultural economics,John B. Penson,,,2010.0,3.0,"Agriculture | Economic aspects | Agriculture, economic aspects",eng,https://covers.openlibrary.org/b/id/10114544-M.jpg,https://openlibrary.org/works/OL18797420W,Open Library API,agriculture,
Fermenting Food Step by Step,Adam Elabd,,,2015.0,1.0,Fermentation | Food,,https://covers.openlibrary.org/b/id/11521897-M.jpg,https://openlibrary.org/works/OL24769245W,Open Library API,fermentation,
Kosher and Halal Business Compliance,John Lever | Johan Fischer,,,2018.0,5.0,"Kosher food | Jews, dietary laws | Muslims, dietary laws | Food industry and trade | Handbooks, manuals | Kosher food industry | Halal food industry | Food adulteration and inspection | Food law and legislation | Aliments casher | Guides, manuels | Industrie | Aliments halal | BUSINESS & ECONOMICS | Infrastructure | SOCIAL SCIENCE | General",eng,,https://openlibrary.org/works/OL21361027W,Open Library API,food business,
Pastry Love,Joanne Chang,,,2019.0,2.0,Home economics | Baking | Pastry,eng,https://covers.openlibrary.org/b/id/10326966-M.jpg,https://openlibrary.org/works/OL21075302W,Open Library API,baking,
A laboratory handbook for dietetics,Mary Swartz Rose,3.3333333,3.0,1912.0,16.0,Dietaries | Alimentation | Nutrition | Food | Dietetics,eng,https://covers.openlibrary.org/b/id/10679960-M.jpg,https://openlibrary.org/works/OL1112900W,Open Library API,nutrition,
Functional Food: Safety Aspects,Senate Commission on Food Safety SKLM,,,2004.0,3.0,Nonfiction | Science | Technology | Food contamination | Food | Congresses | Nutrition | Consumer Product Safety | Functional foods | Safety measures,eng,https://covers.openlibrary.org/b/id/3224288-M.jpg,https://openlibrary.org/works/OL10055798W,Open Library API,food safety,
That Wild Country,Mark Kenyon,,,2019.0,3.0,Agriculture,,https://covers.openlibrary.org/b/id/10097083-M.jpg,https://openlibrary.org/works/OL20800412W,Open Library API,agriculture,
Fermentation Revolution,Sebastien Bureau | David Cote,,,2018.0,1.0,Cooking | Fermentation,,https://covers.openlibrary.org/b/id/9240203-M.jpg,https://openlibrary.org/works/OL20599476W,Open Library API,fermentation,
Nutrition for foodservice and culinary professionals,Karen Eich Drummond,,,2001.0,5.0,Nutrition | Foodservice | Food service | Lehrbuch | Catering | Engineering | Nonfiction | Ernährung | Technology | Food Services | Nutritional Sciences | Services alimentaires | Business &amp; economics | Industries,eng,https://covers.openlibrary.org/b/id/1249057-M.jpg,https://openlibrary.org/works/OL2886081W,Open Library API,food business,
Junior Baker,Williams Sonoma Test Kitchen,,,2018.0,1.0,Baking | Baking -- Juvenile literature | Cookbooks,,https://covers.openlibrary.org/b/id/8833370-M.jpg,https://openlibrary.org/works/OL20185000W,Open Library API,baking,
Essentials of food and nutrition,M. Swaminathan,5.0,1.0,1974.0,2.0,Food | Nutrition,eng,,https://openlibrary.org/works/OL335242W,Open Library API,nutrition,
Food safety handbook,Ronald H. Schmidt | Gary E. Rodrick,,,2003.0,3.0,Safety measures | Food industry and trade | Sanitation | Food Contamination | Prevention & control | Food Industry | Safety Management,eng,https://covers.openlibrary.org/b/id/8650204-M.jpg,https://openlibrary.org/works/OL19850744W,Open Library API,food safety,
Agriculture,Charles Canniff James,,,1898.0,5.0,Agriculture,eng,,https://openlibrary.org/works/OL1471222W,Open Library API,agriculture,
Fermentation microbiology and biotechnology,Mansi El-Mansi,,,2006.0,2.0,Fermentation | Microbial biotechnology | Industrial Microbiology | Physiology | Microbiological Techniques | Biotechnology | Microbiology,eng,https://covers.openlibrary.org/b/id/11485646-M.jpg,https://openlibrary.org/works/OL18411770W,Open Library API,fermentation,
"Postcolonialism, Indigeneity and Struggles for Food Sovereignty",Marisa Wilson,,,2016.0,5.0,Food supply | Indigenous peoples | Postcolonialism | Food sovereignty | Cross-cultural studies | Food | BUSINESS & ECONOMICS | Industries | General | Social aspects,eng,,https://openlibrary.org/works/OL21294580W,Open Library API,food business,
Walter the baker,Eric Carle,3.5714285,7.0,1972.0,20.0,"Pretzels | Juvenile fiction | Fiction | Bakers and bakeries | Bakers | Pictorial works | Children: Kindergarten | Children's fiction | Baking, fiction | Cooking, fiction | Bakeries | JUVENILE FICTION / Cooking & Food | JUVENILE FICTION / Legends, Myths, Fables | Food, fiction | Bretzels | Romans, nouvelles, etc. pour la jeunesse",eng | spa | ger,https://covers.openlibrary.org/b/id/433801-M.jpg,https://openlibrary.org/works/OL53019W,Open Library API,baking,
The complete idiot's guide to total nutrition,"M.S., R.D., C.D.N., Joy Bauer | Joy Bauer",,,1999.0,4.0,Nutrition,eng,https://covers.openlibrary.org/b/id/18159-M.jpg,https://openlibrary.org/works/OL18155378W,Open Library API,nutrition,
Food microbiology,M. R Adams,,,2008.0,1.0,"Food | Microbiology | Food, microbiology | Food & beverage technology | Microbiology (non-medical) | Chemistry | Technology | Microbiology & Immunology | Biology | Health & Biological Sciences | Food Microbiology | Food Technology | Environmental Microbiology | Food Contamination | Environmental Pollution | Food Safety | Food Industry | Public Health | Industry | Environment and Public Health | Delivery of Health Care | Biological Science Disciplines | Technology, Industry, and Agriculture | Natural Science Disciplines | Disciplines and Occupations",eng,https://covers.openlibrary.org/b/id/9832350-M.jpg,https://openlibrary.org/works/OL12099928W,Open Library API,food safety,
Plantation agriculture,P. P. Courtenay,2.0,1.0,1965.0,7.0,"Tropical crops | Plantations | Cultures tropicales | Plantagenwirtschaft | Agricultural geography | Agriculture, united states | Agriculture",eng,https://covers.openlibrary.org/b/id/10313118-M.jpg,https://openlibrary.org/works/OL2428519W,Open Library API,agriculture,
"A practical treatise on brewing, and on storing of beer. Deduced from forty years' experience","Black, William practical brewer",5.0,1.0,1835.0,1.0,Brewing | Beer | Fermentation,eng,https://covers.openlibrary.org/b/id/11032076-M.jpg,https://openlibrary.org/works/OL24443150W,Open Library API,fermentation,
Start your own restaurant and more,Jacquelyn Lynn,,,2012.0,1.0,New business enterprises | Food service management | Restaurant management,eng,https://covers.openlibrary.org/b/id/11848916-M.jpg,https://openlibrary.org/works/OL16521766W,Open Library API,food business,
Community nutrition in action,Marie A. Boyle | David H. Holben | Marie Boyle | Diane H. Morris,,,1994.0,13.0,"Community health services | Nutrition policy | Nutrition | Services communautaires de Sante | Nutrition Policy | Community Health Services | Politique alimentaire | Nutritional Physiological Phenomena | Personal & public health | Nursing - Nutrition | Medical / Nursing | Textbooks | Medical | Medical / Nursing / Nutrition | Community care | Dietetics & nutrition | Physiology | Nutrition And Public Health | Politics / Current Events | United States | General | Santé, Services communautaires de | Services communautaires de sante | Nutritional physiological phenomena | Nursing - nutrition | Medical / nursing | Medical / nursing / nutrition | Nutrition and public health | Politics / current events | United states",eng,https://covers.openlibrary.org/b/id/364073-M.jpg,https://openlibrary.org/works/OL1956796W,Open Library API,nutrition,
Intentional and unintentional contaminants in food and feed,Fadwa Al-Taher | Lauren S. Jackson | Jonathan W. DeVries,,,2009.0,2.0,"Safety measures | Food contamination | Food | Congresses | Safety regulations | Microbiology | Food, microbiology",eng,https://covers.openlibrary.org/b/id/12719836-M.jpg,https://openlibrary.org/works/OL15973741W,Open Library API,food safety,
Our plundered planet,Fairfield Osborn,,,1948.0,6.0,Agriculture | Erosion | Soil conservation | Soil erosion,eng,https://covers.openlibrary.org/b/id/9518331-M.jpg,https://openlibrary.org/works/OL6926091W,Open Library API,agriculture,
The essential book of fermentation,"Cox, Jeff",,,2013.0,1.0,Fermented foods | Probiotics | Fermentation | Food | Dietary supplements,eng,https://covers.openlibrary.org/b/id/13056719-M.jpg,https://openlibrary.org/works/OL19969059W,Open Library API,fermentation,
Start Run A Homebased Food Business,Mimi Shotland Fix,,,2009.0,3.0,Food industry and trade | Home-based businesses | Management | New business enterprises | Industrial management,eng,https://covers.openlibrary.org/b/id/7706704-M.jpg,https://openlibrary.org/works/OL17502466W,Open Library API,food business,
Country Baking,Ken Haedrich,,,1990.0,3.0,Baking | Cooking (Cereals),eng,https://covers.openlibrary.org/b/id/835886-M.jpg,https://openlibrary.org/works/OL2714708W,Open Library API,baking,
Essentials of nutrition and diet therapy,"Williams, Sue Rodwell.",,,1974.0,10.0,Diet therapy | Nutrition | Nutrition Physiology | Nutritional Physiological Phenomena,eng,https://covers.openlibrary.org/b/id/4149125-M.jpg,https://openlibrary.org/works/OL2231037W,Open Library API,nutrition,
Principles of aseptic processing and packaging,Dane T. Bernard,,,1980.0,4.0,Food | Packaging | Preservation | Food industry and trade | Sanitation | Food handling | Food contamination | Microbiology | Health risk assessment | Hazard Analysis and Critical Control Point (Food safety system),eng,https://covers.openlibrary.org/b/id/12476272-M.jpg,https://openlibrary.org/works/OL18848039W,Open Library API,food safety,
Soil microbiology,N. S. Subba Rao,,,1999.0,1.0,Agricultural microbiology | Soil microbiology,eng,https://covers.openlibrary.org/b/id/2930711-M.jpg,https://openlibrary.org/works/OL23706849W,Open Library API,agriculture,
Health Benefits of Fermented Foods and Beverages,Jyoti Prakash Tamang,,,2015.0,5.0,Food | Functional Food | Functional foods | Fermented beverages | Vegetables | Fermented foods | Microbiology | Soy Foods | Health aspects | Cultured Milk Products | Fermentation,eng,https://covers.openlibrary.org/b/id/13333454-M.jpg,https://openlibrary.org/works/OL21272517W,Open Library API,fermentation,
Britain's Food Supplies,K. G. Fenelon,,,2019.0,6.0,"Food supply | Great britain, social conditions | BUSINESS & ECONOMICS | General",eng,,https://openlibrary.org/works/OL25756426W,Open Library API,food business,
Muffins Galore,Catherine Atkinson,,,2006.0,4.0,Muffins | Baking,eng,https://covers.openlibrary.org/b/id/14321173-M.jpg,https://openlibrary.org/works/OL4569190W,Open Library API,baking,
How to eat well and stay well the Mediterranean way,Ancel Benjamin Keys | Margaret Keys,,,1975.0,1.0,Diet | Mediterranean Cookery | Nutrition surveys,eng,https://covers.openlibrary.org/b/id/12178898-M.jpg,https://openlibrary.org/works/OL6557766W,Open Library API,nutrition,
Food safety and toxicity,John De Vries,,,1996.0,4.0,Food | Toxicology | Safety measures | Food industry and trade | Food adulteration and inspection,eng,https://covers.openlibrary.org/b/id/1599213-M.jpg,https://openlibrary.org/works/OL18231352W,Open Library API,food safety,
Financial management in agriculture,Peter J. Barry | Paul N. Ellinger | John A. Hopkin | C. B. Baker,,,1999.0,2.0,"Management | Agriculture | Finance | Agriculture & Farming | Agriculture - General | Business & Economics | Technology & Industrial Arts | Textbooks | Business/Economics | Technology / Agriculture & Animal Husbandry | Agriculture, economic aspects | Agricultural sciences | Credit & debt | Public affairs & policies | Industries - general & miscellaneous",eng,https://covers.openlibrary.org/b/id/1540635-M.jpg,https://openlibrary.org/works/OL19240596W,Open Library API,agriculture,
Brewing yeast and fermentation,Chris Boulton,,,2001.0,2.0,Brewing | Yeast | Fermentation | Malt,eng,,https://openlibrary.org/works/OL8208123W,Open Library API,fermentation,
Start your own food truck business,Richard Mintzer,,,2011.0,1.0,"Food service | Management | New business enterprises | Food industry and trade | Food service management | Business enterprises, united states",eng,,https://openlibrary.org/works/OL16014040W,Open Library API,food business,
Professional Bread Baking,Culinary Institute of America.,,,2014.0,1.0,Bread | Baking,,https://covers.openlibrary.org/b/id/7597674-M.jpg,https://openlibrary.org/works/OL17447698W,Open Library API,baking,
Food regulation and safety,Kevin Hillstrom,,,2012.0,1.0,"Safety measures | Food contamination | Food | JUVENILE NONFICTION / Health & Daily Living / Safety | Juvenile literature | Prevention | JUVENILE NONFICTION / Health & Daily Living / Diseases, Illnesses & Injuries | Health & Daily Living | JUVENILE NONFICTION | Safety | Food Contamination | Diseases, Illnesses & Injuries | Food, juvenile literature",eng,https://covers.openlibrary.org/b/id/8249257-M.jpg,https://openlibrary.org/works/OL16563949W,Open Library API,food safety,
Global Obligations for the Right to Food,Kent George,,,2007.0,4.0,Prevention | Hunger | International cooperation | Social responsibility of business | Food relief | Food supply | Right to food,eng,https://covers.openlibrary.org/b/id/5423787-M.jpg,https://openlibrary.org/works/OL9478188W,Open Library API,food business,
Bake off cook book.,Pillsbury Company,,,1968.0,1.0,Baking,eng,https://covers.openlibrary.org/b/id/6384806-M.jpg,https://openlibrary.org/works/OL15158941W,Open Library API,baking,
Mental and elemental nutrients,Carl Curt Pfeiffer,,,1975.0,1.0,Diet | Mental illness | Nutrition | Nutritional aspects | Nutritional aspects of Mental illness | Nutritional Physiological Phenomena | Mental Disorders | Classification | Books | International law | Relations,eng,https://covers.openlibrary.org/b/id/4734342-M.jpg,https://openlibrary.org/works/OL4964744W,Open Library API,nutrition,
Food safety and quality,United States. General Accounting Office,,,1990.0,9.0,Evaluation | Inspection | United States | Food adulteration and inspection | Meat inspection | Standards | Food | Cheese | Imports | United States. Food and Drug Administration | Safety regulations | Aflatoxins | Rules and practice | Testing | Foreign trade regulation | Health aspects | Government policy | Bottled water | Milk contamination | Food contamination | Law and legislation | United States. Food Safety and Inspection Service | Produce trade | Technology innovations | Drinking water | Veterinary drug residues | Food poisoning | Food industry and trade | Quality | Milk,eng,,https://openlibrary.org/works/OL564984W,Open Library API,food safety,
Naar de Republiek Indonesia,Tan Malaka,4.5,2.0,1962.0,4.0,Republics | Indonesia | Agriculture | Economic aspects | Statistics,eng | ind,https://covers.openlibrary.org/b/id/14840637-M.jpg,https://openlibrary.org/works/OL311784W,Open Library API,agriculture,
"Les microbes, les ferments et les moisissures",Édouard Louis Trouessart,,,1886.0,2.0,Bacteria | Bacteriology | Fermentation | Fungi,fre,https://covers.openlibrary.org/b/id/9624166-M.jpg,https://openlibrary.org/works/OL7548197W,Open Library API,fermentation,
Taste trade and technology,Richard Perren,,,2006.0,6.0,Meat industry and trade | Government policy | History | BUSINESS & ECONOMICS | Industries | General | Food Supply | Food Industry,eng,https://covers.openlibrary.org/b/id/1410536-M.jpg,https://openlibrary.org/works/OL2377904W,Open Library API,food business,
Sarabeth's Good Morning Cookbook,Sarabeth Levine | Genevieve Ko,,,2016.0,2.0,Breakfasts | Brunches | Baking,eng,https://covers.openlibrary.org/b/id/8805686-M.jpg,https://openlibrary.org/works/OL20160253W,Open Library API,baking,
Clinical nutrition,Marinos Elia,,,2013.0,6.0,Nutrition Therapy | Nutritional Physiological Phenomena | Diet therapy,eng,,https://openlibrary.org/works/OL16673011W,Open Library API,nutrition,
Compliance manual for food quality & safety,J.J. Keller & Associates,,,1998.0,1.0,Food law and legislation | Safety measures | Safety regulations | Food industry and trade,eng,,https://openlibrary.org/works/OL18243959W,Open Library API,food safety,
Agroecology,Miguel A. Altieri,,,1987.0,16.0,Agricultural ecology | Agriculture | Sustainable agriculture | Ecology | Agrarökologie | Aufsatzsammlung | Biologische Landwirtschaft | Biologischer Landbau | Duurzame landbouw | Ecologie | S589.7 .a47 1995 | 338.16/2,spa | eng | ita,https://covers.openlibrary.org/b/id/3909931-M.jpg,https://openlibrary.org/works/OL3738187W,Open Library API,agriculture,
Membrane processes for the treatment of process streams in the corn wet milling and fermentation industries,Ting-Shiang Lee,,,1979.0,2.0,Membranes (Technology) | Distillation | Fermentation,eng,,https://openlibrary.org/works/OL31489595W,Open Library API,fermentation,
Food Production and Nature Conservation,Iain Gordon | Herbert Prins | Geoff R. Squire,,,2016.0,6.0,Food supply | Nature conservation | Food industry and trade | Environmental aspects | Food security | Environmental protection | Sustainable agriculture | BUSINESS & ECONOMICS | Industries | General,eng,,https://openlibrary.org/works/OL21281779W,Open Library API,food business,
Amy's baking year,Amy-Beth Ellice,,,2014.0,2.0,Desserts | Cookbooks | Baking,eng,https://covers.openlibrary.org/b/id/10199573-M.jpg,https://openlibrary.org/works/OL20877024W,Open Library API,baking,
Personal nutrition,Marie A. Boyle | Marie A. Boyle Struble | Sara Long,,,1989.0,11.0,Nutrition | Diets & dieting | Health/Fitness | Health & Fitness | Consumer Health | Health & Fitness / Nutrition | Nursing - Nutrition | Nutrition Physiology,eng,https://covers.openlibrary.org/b/id/2377987-M.jpg,https://openlibrary.org/works/OL1956797W,Open Library API,nutrition,
Food safety culture,Frank Yiannas,,,2007.0,3.0,Safety measures | Food service | Food handling | Food service employees | Training of | Food industry and trade | Standards | Organizational behavior | Food adulteration and inspection,eng,https://covers.openlibrary.org/b/id/8650203-M.jpg,https://openlibrary.org/works/OL9336068W,Open Library API,food safety,
Ten acres enough,"Morris, Edmund | Edmund Morris | Morris Edmund Morris | Ralph C Miller | Robert Plamondon | Roberts, Isaac Phillips | Lynn R. Miller | Rebecca Perkins | Edmund Morris | Isaac Phillips Roberts",,,1864.0,26.0,Small Farms | Farm management | Agriculture | Business | Popular works | Juvenile literature | Fruit-culture | Marketing | Farm produce | Economic aspects of Agriculture | Economic aspects | Farms,eng,https://covers.openlibrary.org/b/id/10934943-M.jpg,https://openlibrary.org/works/OL1961996W,Open Library API,agriculture,
Field Guide to Cheese,Tristan Sicard,,,2020.0,2.0,Home economics | Cheese | Fermentation,eng,,https://openlibrary.org/works/OL20744065W,Open Library API,fermentation,
Halal Business Management,Marco Tieman,,,2020.0,6.0,"Banks and banking, islamic countries | Agricultural industries | Food industry and trade | Health services administration | Corporations, growth | Halal food industry | Management | Marketing | Aliments halal | Industrie | Gestion | BUSINESS & ECONOMICS | Development | Business Development | Industries | General | RELIGION | Islam | Law",eng,,https://openlibrary.org/works/OL22156465W,Open Library API,food business,
Amy's Bread,Amy Scherber,4.0,1.0,1996.0,8.0,Bread | Amy's Bread (Bakery) | Baking,eng,https://covers.openlibrary.org/b/id/430947-M.jpg,https://openlibrary.org/works/OL3752828W,Open Library API,baking,
Peace over Pain,Kevin Reese,,,2022.0,2.0,Health | Nutrition,eng,,https://openlibrary.org/works/OL27871604W,Open Library API,nutrition,
Hospitality Industry Handbook on Hygiene and Safety,L. Gordon-Davis,,,1999.0,1.0,"Tourism | Handbooks, manuals | Hospitality industry | Safety measures | Employees | Health and hygiene | Industrial safety | Food science | Sanitation | Food handling",eng,https://covers.openlibrary.org/b/id/2550245-M.jpg,https://openlibrary.org/works/OL9563679W,Open Library API,food safety,
In Dubious Battle,John Steinbeck,3.6666667,6.0,1936.0,68.0,"Apple growers | Classic Literature | Fiction | Fiction in English | Labor movement | Literature | Migrant agricultural laborers | Strikes and lockouts | Agricultural laborers | Political fiction | Strikes | Ficiton | Migrant labor | Large type books | California, fiction | Fiction, political | American fiction (fictional works by one author) | Fiction, historical, general | Romans, nouvelles | Travailleurs agricoles | Grèves et lock-out | Mouvement ouvrier | Landarbeiter | Streik",dut | ita | tur | chi | ger | fre | eng,https://covers.openlibrary.org/b/id/6517309-M.jpg,https://openlibrary.org/works/OL23198W,Open Library API,agriculture,
Food Industries of Europe in the Nineteenth and Twentieth Centuries,Derek J. Oddy | Alain Drouard,,,2013.0,6.0,"Food industry and trade | Food habits | Food, preservation | Europe, history, 19th century | History | Food presentation | Industries, europe | BUSINESS & ECONOMICS | Industries | Agribusiness | TECHNOLOGY & ENGINEERING | Agriculture | Sustainable Agriculture | Food Industry",eng,,https://openlibrary.org/works/OL21248773W,Open Library API,food business,
Baking,James Peterson,,,2009.0,1.0,Baking | Baked products,,https://covers.openlibrary.org/b/id/6300547-M.jpg,https://openlibrary.org/works/OL14988313W,Open Library API,baking,
"How to Eat, Move and Be Healthy!",Paul Chek,5.0,2.0,2004.0,6.0,"Physical fitness | Handbooks, manuals | Exercise | Nutrition | Health",eng,https://covers.openlibrary.org/b/id/847549-M.jpg,https://openlibrary.org/works/OL8830539W,Open Library API,nutrition,
Reports on food safety 2005,"Brandt, Peter Prof. Dr. Dr",,,2007.0,2.0,"Food | Safety measures | Food handling | Food, analysis",eng,https://covers.openlibrary.org/b/id/3246735-M.jpg,https://openlibrary.org/works/OL18697534W,Open Library API,food safety,
Storia del paesaggio agrario italiano,Emilio Sereni,,,1961.0,9.0,Agriculture | History | Agriculture in art,ita,,https://openlibrary.org/works/OL1285499W,Open Library API,agriculture,
Examen critique d'un écrit posthume de Claude Bernard sur la fermentation,Louis Pasteur,,,1879.0,2.0,Fermentation,fre,https://covers.openlibrary.org/b/id/5971806-M.jpg,https://openlibrary.org/works/OL3037530W,Open Library API,fermentation,
Ação da cidadania,Napoleão Miranda,,,1994.0,2.0,Government business enterprises | Food relief | Food supply,por,,https://openlibrary.org/works/OL13206906W,Open Library API,food business,
Kraft Philadelphia 100 top-rated recipes,Publications International Ltd.,,,2010.0,1.0,Cream cheese | Cooking | Baking | Cookbooks,eng,https://covers.openlibrary.org/b/id/10773195-M.jpg,https://openlibrary.org/works/OL24275769W,Open Library API,baking,
There is a Cure for Arthritis,Paavo O. Airola,,,1968.0,4.0,Arthritis | Nutritional aspects | Nutritional aspects of Arthritis | Naturopathy | Therapy,eng,https://covers.openlibrary.org/b/id/1116408-M.jpg,https://openlibrary.org/works/OL8708369W,Open Library API,nutrition,
Food,Christina Fisanick,,,2010.0,2.0,Food | Safety measures | Food security | Food supply,,https://covers.openlibrary.org/b/id/7587404-M.jpg,https://openlibrary.org/works/OL17442562W,Open Library API,food safety,
Farmers of forty centuries,Franklin Hiram King,,,1973.0,6.0,Agriculture,eng,https://covers.openlibrary.org/b/id/9269672-M.jpg,https://openlibrary.org/works/OL13098191W,Open Library API,agriculture,
Lehrbuch der Gährungs-Chemie in elf Vorlesungen,Adolf Mayer,,,1874.0,2.0,Fermentation,ger,,https://openlibrary.org/works/OL6973096W,Open Library API,fermentation,
Food Supply Chains in Cities,Emel Aktas | Michael Bourlakis,,,2020.0,2.0,Food supply | Management | Food security | Business logistics,eng,https://covers.openlibrary.org/b/id/9333747-M.jpg,https://openlibrary.org/works/OL20666245W,Open Library API,food business,
Judy Gorman's Breads of New England,Judy Gorman,4.0,1.0,1958.0,3.0,Baking | Bread,eng,https://covers.openlibrary.org/b/id/9454824-M.jpg,https://openlibrary.org/works/OL5090565W,Open Library API,baking,
Perspectives in nutrition,Gordon M. Wardlaw,4.0,1.0,1990.0,9.0,Nutrition | Textbooks | Nutritional Physiological Phenomena | Nutricao | Ernährung | Diet,eng,https://covers.openlibrary.org/b/id/4969169-M.jpg,https://openlibrary.org/works/OL1853613W,Open Library API,nutrition,
Eating dangerously,Michael Booth,3.0,1.0,2014.0,1.0,Foodborne Diseases | Safety measures | Government policy | Food adulteration and inspection | Food | Food Inspection | Standards | Safety Management | Prevention & control | Food poisoning | Prevention,eng,https://covers.openlibrary.org/b/id/8227429-M.jpg,https://openlibrary.org/works/OL17908608W,Open Library API,food safety,
"Laws, etc",Massachusetts,5.0,1.0,1648.0,36.0,Agricultural laws and legislation | Bibliography | Boston (Mass.). | Boston (Mass.). City Council | Early works to 1800 | History | Law | Politics and government | Sources | Law and legislation | Agriculture | Massachusetts | Massachusetts. State Board of Agriculture | Societies,eng,https://covers.openlibrary.org/b/id/5621577-M.jpg,https://openlibrary.org/works/OL647581W,Open Library API,agriculture,
"Dissertatio physica, inauguralis, quaedam de fermentatione, et quibusdam mutationibus inde pendentibus proponens ...",John Carmichaell,,,1787.0,2.0,Fermentation,lat,https://covers.openlibrary.org/b/id/11779440-M.jpg,https://openlibrary.org/works/OL24884012W,Open Library API,fermentation,
Intelligent agrifood chains and networks,Michael Bourlakis | Ilias P. Vlachos | Vasileios Zeimpekis,,,2011.0,3.0,"Business logistics | Agricultural industries | Transportation | TECHNOLOGY & ENGINEERING / Food Science | Food | Storage | Food, transportation",eng,https://covers.openlibrary.org/b/id/8663635-M.jpg,https://openlibrary.org/works/OL19858169W,Open Library API,food business,
Basic Baking,Lora Brody,4.0,1.0,2000.0,3.0,Desserts | Baking,eng,https://covers.openlibrary.org/b/id/432540-M.jpg,https://openlibrary.org/works/OL2668986W,Open Library API,baking,
The big fat surprise,Nina Teicholz,3.0,1.0,2014.0,3.0,Nutrition | Lipids in human nutrition | Diet | Fat | Saturated fatty acids in human nutrition | nyt:e-book-nonfiction=2014-06-01 | New York Times bestseller,eng,https://covers.openlibrary.org/b/id/11340573-M.jpg,https://openlibrary.org/works/OL19977865W,Open Library API,nutrition,
Microbial safety of minimally processed foods,Gerald M. Sapers,,,2002.0,3.0,"Food industry and trade | Food, microbiology | Food | Microbiology | Safety measures",eng,https://covers.openlibrary.org/b/id/1956657-M.jpg,https://openlibrary.org/works/OL16955626W,Open Library API,food safety,
You can farm,Joel Salatin,,,1998.0,1.0,Success in business | New agricultural enterprises | Farmers,eng,https://covers.openlibrary.org/b/id/727384-M.jpg,https://openlibrary.org/works/OL2018043W,Open Library API,agriculture,
Advances in Solid State Fermentation,S. Roussos | B. K. Lonsane | M. Raimbault | G. Viniegra-Gonzalez,,,2010.0,2.0,Fermentation,eng,,https://openlibrary.org/works/OL25615420W,Open Library API,fermentation,
Competitiveness in the food industry,Eamonn Pitts | W. Bruce Traill,,,1991.0,2.0,"Food industry and trade | Competition | Food & beverage technology | Food manufacturing & related industries | Technology | Business / Economics / Finance | Science/Mathematics | Food Science | Industries - Agribusiness | International - General | Business & Economics / Industries / Agribusiness | Business & Economics : International - General | Competition, International | Science / Chemistry / General | Technology : Food Science | Case studies | Comparative advantage (Interna | Comparative advantage (International trade) | Europe | International Competition",eng,https://covers.openlibrary.org/b/id/1404998-M.jpg,https://openlibrary.org/works/OL19104312W,Open Library API,food business,
The Cook's illustrated baking book,America's Test Kitchen Staff,5.0,1.0,2013.0,1.0,"Baking | American Cooking | Cooking, american",eng,https://covers.openlibrary.org/b/id/12482224-M.jpg,https://openlibrary.org/works/OL20011330W,Open Library API,baking,
Animal nutrition,Leonard Amby Maynard,,,1937.0,8.0,Animal feeding | Animal nutrition | Feeds | Nutrition | Animals | Nutritional Physiological Phenomena | Domestic Animals | Animal Nutritional Physiological Phenomena,eng,https://covers.openlibrary.org/b/id/8274681-M.jpg,https://openlibrary.org/works/OL1481213W,Open Library API,nutrition,
Nondestructive evaluation of food quality,Shyam N. Jha,,,2010.0,4.0,Lebensmittelqualität | Zerstörungsfreie Werkstoffprüfung | Safety measures | Lebensmitteluntersuchung | Food | Nondestructive testing | Quality,eng,https://covers.openlibrary.org/b/id/10389382-M.jpg,https://openlibrary.org/works/OL16116416W,Open Library API,food safety,
Agroecologia,Stephen R. Gliessman,,,2002.0,1.0,Sustainable agriculture | Agricultural ecology,spa,https://covers.openlibrary.org/b/id/8615815-M.jpg,https://openlibrary.org/works/OL19825122W,Open Library API,agriculture,
The chemical changes and products resulting from fermentations,Robert Henry Aders Plimmer,,,1903.0,2.0,Fermentation,eng,https://covers.openlibrary.org/b/id/5864250-M.jpg,https://openlibrary.org/works/OL1473140W,Open Library API,fermentation,
Understanding Consumers of Food Products,Lynn Frewer | Hans Van Trijp,,,2006.0,2.0,"Consumer behavior | Food science | Food industry | Professional, career & trade -> food technology -> food science | Business & economics -> business -> industries",eng,https://covers.openlibrary.org/b/id/2996141-M.jpg,https://openlibrary.org/works/OL27327430W,Open Library API,food business,
Entenmann's big book of baking,Kathleen Robbins,,,2011.0,1.0,Desserts | Cookbooks | Baking | Pastry,eng,https://covers.openlibrary.org/b/id/10336986-M.jpg,https://openlibrary.org/works/OL21179464W,Open Library API,baking,
"Eat, drink, and be healthy :b the Harvard Medical School guide to healthy eating",Walter Willett | Patrick J. Skerrett | William Hope,,,2001.0,9.0,Nutritional Requirements | Nutrition Physiology | Cookery | Diet | Nutrition | Popular works | Popular medicine | Nutrition -- Popular works | Diets - Better Health | Healthy Living | Consumer Health | Diet / Health / Fitness | Nutritional Physiological Phenomena | Health Promotion | Food,eng,https://covers.openlibrary.org/b/id/428312-M.jpg,https://openlibrary.org/works/OL2721884W,Open Library API,nutrition,
NAI Handbook For Safe Food Service Management,NAI,,,1997.0,3.0,Food service | Safety measures | Sanitation,eng,https://covers.openlibrary.org/b/id/1112247-M.jpg,https://openlibrary.org/works/OL7954524W,Open Library API,food safety,
Gärungschemisches praktikum,Konrad Bernhauer,,,1936.0,2.0,Fermentation,ger,,https://openlibrary.org/works/OL1432537W,Open Library API,fermentation,
"Current Issues in Tourism, Gastronomy, and Tourist Destination Research",Hera Oktadiana | Myrza Rahmanita | Rina Suprina | Pan Junyang,,,2022.0,4.0,"Food tourism | Congresses | Tourism | Gastronomy | Gastronomie | Congrès | BUSINESS & ECONOMICS | Industries | Hospitality, Travel & Tourism | TECHNOLOGY | Engineering | Civil | Food Science",eng,,https://openlibrary.org/works/OL27415208W,Open Library API,food business,
The Weekend Baker,Abigail Johnson Dodge,,,2004.0,3.0,Baking,eng,https://covers.openlibrary.org/b/id/247938-M.jpg,https://openlibrary.org/works/OL3366593W,Open Library API,baking,
Nutrition for women,Ray Peat,,,1981.0,1.0,Nutrition | Vitamins | Women,eng,https://covers.openlibrary.org/b/id/6630365-M.jpg,https://openlibrary.org/works/OL15411093W,Open Library API,nutrition,
Seimei to shoku,Shinʼichi Fukuoka,,,2008.0,3.0,Food | Safety measures | Food industry and trade | Sanitation,jpn,,https://openlibrary.org/works/OL18658826W,Open Library API,food safety,
Capi talist agriculture and the origins of the European world-economy in the sixteenth century,Immanuel Maurice Wallerstein | Antonio Resines,,,1974.0,19.0,"Agriculture | Capitalism | Economic aspects | Economic aspects of Agriculture | Economic conditions | Economic history | History | Mercantile system | 16th century | 1600-1750 | Europe, economic conditions | Conditions économiques | BUSINESS & ECONOMICS | Economics | Comparative | POLITICAL SCIENCE | World | Agriculture, economic aspects, europe",eng | spa,https://covers.openlibrary.org/b/id/5493784-M.jpg,https://openlibrary.org/works/OL1814496W,Open Library API,agriculture,
Les fermentations,P. Schutzenberger,,,1875.0,2.0,Fermentation,fre,https://covers.openlibrary.org/b/id/7390508-M.jpg,https://openlibrary.org/works/OL17311520W,Open Library API,fermentation,
Making Fast Food,Ester Reiter,0.0,0.0,1991.0,6.0,Convenience foods | Fast food restaurants | Food industry and trade | Industries | Fastfood | Aliments | Service | Restaurants-minute | General | Industrie et commerce | Aliments précuisinés | BUSINESS & ECONOMICS | Restaurants | Quick and easy cooking | Cooking | Frying | Fast Food | Lebensmittelmarkt | Ernährungsgewohnheit | Psychoanalyse | Convenience Food | Burger King Corporation | Social aspects | Employees,eng,https://covers.openlibrary.org/b/id/4980228-M.jpg,https://openlibrary.org/works/OL6238075W,Open Library API,food business,
Wholefood Baking,Jude Blereau,,,2013.0,2.0,Baked products | Baking | Cooking (natural foods),eng,https://covers.openlibrary.org/b/id/9199399-M.jpg,https://openlibrary.org/works/OL20557368W,Open Library API,baking,
Mineral nutrition and plant disease,Wade H. Elmer,5.0,2.0,2007.0,1.0,Plants | Nutrition | Nutritional aspects | Plant diseases | Effect of minerals on,eng,https://covers.openlibrary.org/b/id/5113005-M.jpg,https://openlibrary.org/works/OL18701539W,Open Library API,nutrition,
Food identity preservation and traceability,Gregory S. Bennet,,,2009.0,4.0,"Safety measures | Food Contamination | Prevention & control | Food | Grain | Food Industry | Standards | Food industry and trade | Food, preservation",eng,https://covers.openlibrary.org/b/id/13649162-M.jpg,https://openlibrary.org/works/OL18785326W,Open Library API,food safety,
Stuffed and Starved,Raj Patel | Rajeev Charles Patel,4.5,2.0,2007.0,8.0,"Food industry and trade | Food supply | Production agricole | Commerce international | Production alimentaire | Social aspects | Economic aspects | Food industry | Commerce agricole | Poverty | Industrie alimentaire | Agriculture | Economic aspects of Agriculture | Social aspects of Agriculture | Agriculture, economic aspects | Agriculture, social aspects",eng,https://covers.openlibrary.org/b/id/3062855-M.jpg,https://openlibrary.org/works/OL9896495W,Open Library API,agriculture,
Wild Fermentation and Fermentation Workshop with Sandor Ellix Katz (Book and DVD Bundle),Sandor Ellix Katz,,,2010.0,2.0,Fermentation,eng,https://covers.openlibrary.org/b/id/14181788-M.jpg,https://openlibrary.org/works/OL21829380W,Open Library API,fermentation,
Chocolate by Hershey,Betty Burford,,,1994.0,2.0,"Confectioners | Businesspeople | Hershey Foods Corporation | Chocolate industry | Candy industry | History | Juvenile literature | Biography | Businessmen | CHOCOLATE INDUSTRY-UNITED STATES-HISTORY | CANDY INDUSTRY-UNITED STATES-HISTORY | HERSHEY FOODS CORPORATION-HISTORY | HERSHEY, MILTON SNAVELY, 1857-1945 | BUSINESSMEN-UNITED STATES-BIOGRAPHY | Businesspeople, juvenile literature | Business, biography | Hershey foods corporation",eng,https://covers.openlibrary.org/b/id/1628589-M.jpg,https://openlibrary.org/works/OL3955230W,Open Library API,food business,
Whole grain vegan baking,Celine Steen,3.0,1.0,2013.0,2.0,Baking | Vegan cooking,eng,https://covers.openlibrary.org/b/id/13118779-M.jpg,https://openlibrary.org/works/OL19965009W,Open Library API,baking,
The Sun Sign Diet,Gayle Black,,,1986.0,16.0,Astrology and diet | Nutrition | Reducing diets | Astrology | Horoscopes,eng | und,https://covers.openlibrary.org/b/id/10271998-M.jpg,https://openlibrary.org/works/OL5106312W,Open Library API,nutrition,
Improving the Safety of Fresh Fruit and Vegetables (Woodhead Publishing in Food Science and Technology),W. M. F. Jongen,,,2005.0,2.0,Fruit trade | Vegetable trade | Food | Safety measures,eng,https://covers.openlibrary.org/b/id/5163170-M.jpg,https://openlibrary.org/works/OL9189273W,Open Library API,food safety,
The Human Past,Christopher Scarre | Chris Scarre,,,2005.0,10.0,"Social life and customs | Prehistoric peoples | Economic conditions | Human evolution | Hunting and gathering societies | Agriculture, prehistoric | Archaeology | Societies | Prehistoric Agriculture | Prehistoric Antiquities | Antiquities, prehistoric | World history | Gn281 .h8485 2013",eng | und,https://covers.openlibrary.org/b/id/316866-M.jpg,https://openlibrary.org/works/OL1872336W,Open Library API,agriculture,
On fermentation,P. Schützenberger,,,1876.0,2.0,Fermentation,eng | fre,,https://openlibrary.org/works/OL43509158W,Open Library API,fermentation,
