title,authors,average_rating,rating_count,first_publish_year,edition_count,subjects,languages,cover_url,book_url,source,source_topic,source_rank,known_domain,subjects_clean,book_text,cluster
The Joy of Cooking,Irma S. Rombauer,4.12,203319.0,,,general cooking | cookbooks | cooking | food and drink,eng,https://i.gr-assets.com/images/S/compressed.photo.goodreads.com/books/1379313627i/327847._SX50_.jpg,https://www.goodreads.com/book/show/327847.The_Joy_of_Cooking,Goodreads web scraping,general cooking,1.0,General Cooking & Food,cookbooks | cooking | food and drink,the joy of cooking cookbooks | cooking | food and drink,3
Mastering the Art of French Cooking,Julia Child,4.25,80003.0,,,world cuisines | cookbooks | cooking | food and drink,eng,https://i.gr-assets.com/images/S/compressed.photo.goodreads.com/books/1333577773i/129650._SX50_.jpg,https://www.goodreads.com/book/show/129650.Mastering_the_Art_of_French_Cooking,Goodreads web scraping,world cuisines,2.0,General Cooking & Food,cookbooks | cooking | food and drink,mastering the art of french cooking cookbooks | cooking | food and drink,3
Better Homes and Gardens New Cook Book,Better Homes and Gardens,4.15,141576.0,,,general cooking | cookbooks | cooking | food and drink,eng,https://i.gr-assets.com/images/S/compressed.photo.goodreads.com/books/1174513619i/411053._SX50_.jpg,https://www.goodreads.com/book/show/411053.Better_Homes_and_Gardens_New_Cook_Book,Goodreads web scraping,general cooking,3.0,General Cooking & Food,cookbooks | cooking | food and drink,better homes and gardens new cook book cookbooks | cooking | food and drink,3
How to Cook Everything: Simple Recipes for Great Food,Mark Bittman,4.0,103530.0,,,quick and practical cooking | cookbooks | cooking | food and drink,eng,https://i.gr-assets.com/images/S/compressed.photo.goodreads.com/books/1407047944i/603204._SX50_.jpg,https://www.goodreads.com/book/show/603204.How_to_Cook_Everything,Goodreads web scraping,quick and practical cooking,4.0,General Cooking & Food,cookbooks | cooking | food and drink,how to cook everything: simple recipes for great food cookbooks | cooking | food and drink,3
The New Best Recipe,Cook's Illustrated,4.18,24624.0,,,general cooking | cookbooks | cooking | food and drink,eng,https://i.gr-assets.com/images/S/compressed.photo.goodreads.com/books/1348241812i/24019._SX50_.jpg,https://www.goodreads.com/book/show/24019.The_New_Best_Recipe,Goodreads web scraping,general cooking,5.0,General Cooking & Food,cookbooks | cooking | food and drink,the new best recipe cookbooks | cooking | food and drink,3
Betty Crocker's Cookbook,Betty Crocker,4.26,45344.0,,,general cooking | cookbooks | cooking | food and drink,eng,https://i.gr-assets.com/images/S/compressed.photo.goodreads.com/books/1431198491i/1127996._SX50_.jpg,https://www.goodreads.com/book/show/1127996.Betty_Crocker_s_Cookbook,Goodreads web scraping,general cooking,6.0,General Cooking & Food,cookbooks | cooking | food and drink,betty crocker's cookbook cookbooks | cooking | food and drink,3
"The Moosewood Cookbook: Recipes from Moosewood Restaurant, Ithaca, New York",Mollie Katzen,3.94,54688.0,,,general cooking | cookbooks | cooking | food and drink,eng,https://i.gr-assets.com/images/S/compressed.photo.goodreads.com/books/1344370160i/603422._SX50_.jpg,https://www.goodreads.com/book/show/603422.The_Moosewood_Cookbook,Goodreads web scraping,general cooking,7.0,General Cooking & Food,cookbooks | cooking | food and drink,"the moosewood cookbook: recipes from moosewood restaurant, ithaca, new york cookbooks | cooking | food and drink",3
"Love is the Main Ingredient: Cookbook, Memoir, Life Lessons",Lenore Nolan Ryan,4.86,7.0,,,general cooking | cookbooks | cooking | food and drink,eng,https://i.gr-assets.com/images/S/compressed.photo.goodreads.com/books/1773584749i/249737551._SX50_.jpg,https://www.goodreads.com/book/show/249737551-love-is-the-main-ingredient,Goodreads web scraping,general cooking,8.0,General Cooking & Food,cookbooks | cooking | food and drink,"love is the main ingredient: cookbook, memoir, life lessons cookbooks | cooking | food and drink",3
The America's Test Kitchen Family Cookbook,America's Test Kitchen,4.17,19797.0,,,general cooking | cookbooks | cooking | food and drink,eng,https://i.gr-assets.com/images/S/compressed.photo.goodreads.com/books/1348281876i/3888._SX50_.jpg,https://www.goodreads.com/book/show/3888.The_America_s_Test_Kitchen_Family_Cookbook,Goodreads web scraping,general cooking,9.0,General Cooking & Food,cookbooks | cooking | food and drink,the america's test kitchen family cookbook cookbooks | cooking | food and drink,3
How to Be a Domestic Goddess: Baking and the Art of Comfort Cooking,Nigella Lawson,3.92,40925.0,,,baking and desserts | cookbooks | cooking | food and drink,eng,https://i.gr-assets.com/images/S/compressed.photo.goodreads.com/books/1388364849i/39542._SX50_.jpg,https://www.goodreads.com/book/show/39542.How_to_Be_a_Domestic_Goddess,Goodreads web scraping,baking and desserts,10.0,Baking and Pastry,cookbooks | cooking | food and drink,how to be a domestic goddess: baking and the art of comfort cooking cookbooks | cooking | food and drink,3
Vegetarian Cooking for Everyone,Deborah Madison,3.83,17544.0,,,vegetarian and plant based | cookbooks | cooking | food and drink,eng,https://i.gr-assets.com/images/S/compressed.photo.goodreads.com/books/1320556905i/141051._SX50_.jpg,https://www.goodreads.com/book/show/141051.Vegetarian_Cooking_for_Everyone,Goodreads web scraping,vegetarian and plant based,11.0,General Cooking & Food,cookbooks | cooking | food and drink,vegetarian cooking for everyone cookbooks | cooking | food and drink,3
The Fannie Farmer Cookbook,Marion Cunningham,4.12,17212.0,,,general cooking | cookbooks | cooking | food and drink,eng,https://i.gr-assets.com/images/S/compressed.photo.goodreads.com/books/1347424134i/158944._SX50_.jpg,https://www.goodreads.com/book/show/158944.The_Fannie_Farmer_Cookbook,Goodreads web scraping,general cooking,12.0,General Cooking & Food,cookbooks | cooking | food and drink,the fannie farmer cookbook cookbooks | cooking | food and drink,3
Barefoot Contessa Family Style: Easy Ideas and Recipes That Make Everyone Feel Like Family,Ina Garten,4.08,28117.0,,,quick and practical cooking | cookbooks | cooking | food and drink,eng,https://i.gr-assets.com/images/S/compressed.photo.goodreads.com/books/1320438055i/120231._SX50_.jpg,https://www.goodreads.com/book/show/120231.Barefoot_Contessa_Family_Style,Goodreads web scraping,quick and practical cooking,13.0,General Cooking & Food,cookbooks | cooking | food and drink,barefoot contessa family style: easy ideas and recipes that make everyone feel like family cookbooks | cooking | food and drink,3
"The Art of Simple Food: Notes, Lessons, and Recipes from a Delicious Revolution",Alice Waters,3.93,27222.0,,,quick and practical cooking | cookbooks | cooking | food and drink,eng,https://i.gr-assets.com/images/S/compressed.photo.goodreads.com/books/1320458644i/688663._SX50_.jpg,https://www.goodreads.com/book/show/688663.The_Art_of_Simple_Food,Goodreads web scraping,quick and practical cooking,14.0,General Cooking & Food,cookbooks | cooking | food and drink,"the art of simple food: notes, lessons, and recipes from a delicious revolution cookbooks | cooking | food and drink",3
Essentials of Classic Italian Cooking,Marcella Hazan,4.07,26767.0,,,world cuisines | cookbooks | cooking | food and drink,eng,https://i.gr-assets.com/images/S/compressed.photo.goodreads.com/books/1694126208i/19552._SX50_.jpg,https://www.goodreads.com/book/show/19552.Essentials_of_Classic_Italian_Cooking,Goodreads web scraping,world cuisines,15.0,General Cooking & Food,cookbooks | cooking | food and drink,essentials of classic italian cooking cookbooks | cooking | food and drink,3
The King Arthur Flour Baker's Companion: The All-Purpose Baking Cookbook,King Arthur Baking Company,4.29,7298.0,,,baking and desserts | cookbooks | cooking | food and drink,eng,https://i.gr-assets.com/images/S/compressed.photo.goodreads.com/books/1388185662i/74044._SX50_.jpg,https://www.goodreads.com/book/show/74044.The_King_Arthur_Flour_Baker_s_Companion,Goodreads web scraping,baking and desserts,16.0,Baking and Pastry,cookbooks | cooking | food and drink,the king arthur flour baker's companion: the all-purpose baking cookbook cookbooks | cooking | food and drink,3
Barefoot Contessa at Home: Everyday Recipes You'll Make Over and Over Again,Ina Garten,4.11,56518.0,,,general cooking | cookbooks | cooking | food and drink,eng,https://i.gr-assets.com/images/S/compressed.photo.goodreads.com/books/1320557161i/120230._SX50_.jpg,https://www.goodreads.com/book/show/120230.Barefoot_Contessa_at_Home,Goodreads web scraping,general cooking,17.0,General Cooking & Food,cookbooks | cooking | food and drink,barefoot contessa at home: everyday recipes you'll make over and over again cookbooks | cooking | food and drink,3
Everyday Italian: 125 Simple and Delicious Recipes,Giada De Laurentiis,3.91,52222.0,,,world cuisines | cookbooks | cooking | food and drink,eng,https://i.gr-assets.com/images/S/compressed.photo.goodreads.com/books/1385089184i/1192._SX50_.jpg,https://www.goodreads.com/book/show/1192.Everyday_Italian,Goodreads web scraping,world cuisines,18.0,General Cooking & Food,cookbooks | cooking | food and drink,everyday italian: 125 simple and delicious recipes cookbooks | cooking | food and drink,3
"The Flavor Bible: The Essential Guide to Culinary Creativity, Based on the Wisdom of America's Most Imaginative Chefs",Andrew Dornenburg,4.07,24625.0,,,food science and technique | cookbooks | cooking | food and drink,eng,https://i.gr-assets.com/images/S/compressed.photo.goodreads.com/books/1390269927i/4443485._SX50_.jpg,https://www.goodreads.com/book/show/4443485-the-flavor-bible,Goodreads web scraping,food science and technique,19.0,General Cooking & Food,cookbooks | cooking | food and drink,"the flavor bible: the essential guide to culinary creativity, based on the wisdom of america's most imaginative chefs cookbooks | cooking | food and drink",3
The Silver Spoon,Clelia D'Onofrio,4.1,10388.0,,,general cooking | cookbooks | cooking | food and drink,eng,https://i.gr-assets.com/images/S/compressed.photo.goodreads.com/books/1360462391i/136599._SX50_.jpg,https://www.goodreads.com/book/show/136599.The_Silver_Spoon,Goodreads web scraping,general cooking,20.0,General Cooking & Food,cookbooks | cooking | food and drink,the silver spoon cookbooks | cooking | food and drink,3
Veganomicon: The Ultimate Vegan Cookbook,Isa Chandra Moskowitz,3.83,33393.0,,,vegetarian and plant based | cookbooks | cooking | food and drink,eng,https://i.gr-assets.com/images/S/compressed.photo.goodreads.com/books/1328751476i/1059680._SX50_.jpg,https://www.goodreads.com/book/show/1059680.Veganomicon,Goodreads web scraping,vegetarian and plant based,21.0,General Cooking & Food,cookbooks | cooking | food and drink,veganomicon: the ultimate vegan cookbook cookbooks | cooking | food and drink,3
How to Cook Everything Vegetarian: Simple Meatless Recipes for Great Food,Mark Bittman,4.08,14640.0,,,vegetarian and plant based | cookbooks | cooking | food and drink,eng,https://i.gr-assets.com/images/S/compressed.photo.goodreads.com/books/1390927101i/1587362._SX50_.jpg,https://www.goodreads.com/book/show/1587362.How_to_Cook_Everything_Vegetarian,Goodreads web scraping,vegetarian and plant based,22.0,General Cooking & Food,cookbooks | cooking | food and drink,how to cook everything vegetarian: simple meatless recipes for great food cookbooks | cooking | food and drink,3
The Barefoot Contessa Cookbook,Ina Garten,4.09,39260.0,,,general cooking | cookbooks | cooking | food and drink,eng,https://i.gr-assets.com/images/S/compressed.photo.goodreads.com/books/1388195329i/3895._SX50_.jpg,https://www.goodreads.com/book/show/3895.The_Barefoot_Contessa_Cookbook,Goodreads web scraping,general cooking,23.0,General Cooking & Food,cookbooks | cooking | food and drink,the barefoot contessa cookbook cookbooks | cooking | food and drink,3
The New Enchanted Broccoli Forest,Mollie Katzen,3.94,10964.0,,,general cooking | cookbooks | cooking | food and drink,eng,https://i.gr-assets.com/images/S/compressed.photo.goodreads.com/books/1320435406i/178204._SX50_.jpg,https://www.goodreads.com/book/show/178204.The_New_Enchanted_Broccoli_Forest,Goodreads web scraping,general cooking,24.0,General Cooking & Food,cookbooks | cooking | food and drink,the new enchanted broccoli forest cookbooks | cooking | food and drink,3
I'm Just Here for the Food: Food + Heat = Cooking,Alton Brown,4.12,24264.0,,,general cooking | cookbooks | cooking | food and drink,eng,https://i.gr-assets.com/images/S/compressed.photo.goodreads.com/books/1473385712i/101249._SX50_.jpg,https://www.goodreads.com/book/show/101249.I_m_Just_Here_for_the_Food,Goodreads web scraping,general cooking,25.0,General Cooking & Food,cookbooks | cooking | food and drink,i'm just here for the food: food + heat = cooking cookbooks | cooking | food and drink,3
The New Book of Middle Eastern Food,Claudia Roden,4.13,3669.0,,,general cooking | cookbooks | cooking | food and drink,eng,https://i.gr-assets.com/images/S/compressed.photo.goodreads.com/books/1348291176i/394182._SX50_.jpg,https://www.goodreads.com/book/show/394182.The_New_Book_of_Middle_Eastern_Food,Goodreads web scraping,general cooking,26.0,General Cooking & Food,cookbooks | cooking | food and drink,the new book of middle eastern food cookbooks | cooking | food and drink,3
On Food and Cooking: The Science and Lore of the Kitchen,Harold McGee,4.46,16469.0,,,food science and technique | cookbooks | cooking | food and drink,eng,https://i.gr-assets.com/images/S/compressed.photo.goodreads.com/books/1347221060i/101255._SX50_.jpg,https://www.goodreads.com/book/show/101255.On_Food_and_Cooking,Goodreads web scraping,food science and technique,27.0,General Cooking & Food,cookbooks | cooking | food and drink,on food and cooking: the science and lore of the kitchen cookbooks | cooking | food and drink,3
"Everyday Food: Great Food Fast: 250 Recipes for Easy, Delicious Meals All Year Long",Martha Stewart,3.99,14771.0,,,quick and practical cooking | cookbooks | cooking | food and drink,eng,https://i.gr-assets.com/images/S/compressed.photo.goodreads.com/books/1320479731i/335459._SX50_.jpg,https://www.goodreads.com/book/show/335459.Everyday_Food,Goodreads web scraping,quick and practical cooking,28.0,General Cooking & Food,cookbooks | cooking | food and drink,"everyday food: great food fast: 250 recipes for easy, delicious meals all year long cookbooks | cooking | food and drink",3
The Silver Palate Cookbook,Julee Rosso,4.01,23343.0,,,general cooking | cookbooks | cooking | food and drink,eng,https://i.gr-assets.com/images/S/compressed.photo.goodreads.com/books/1387707639i/1107001._SX50_.jpg,https://www.goodreads.com/book/show/1107001.The_Silver_Palate_Cookbook,Goodreads web scraping,general cooking,29.0,General Cooking & Food,cookbooks | cooking | food and drink,the silver palate cookbook cookbooks | cooking | food and drink,3
Artisan Bread in Five Minutes a Day: The Discovery That Revolutionizes Home Baking,Jeff Hertzberg,3.93,27768.0,,,baking and desserts | cookbooks | cooking | food and drink,eng,https://i.gr-assets.com/images/S/compressed.photo.goodreads.com/books/1317064461i/1009996._SX50_.jpg,https://www.goodreads.com/book/show/1009996.Artisan_Bread_in_Five_Minutes_a_Day,Goodreads web scraping,baking and desserts,30.0,Baking and Pastry,cookbooks | cooking | food and drink,artisan bread in five minutes a day: the discovery that revolutionizes home baking cookbooks | cooking | food and drink,3
Vegan Cupcakes Take Over the World: 75 Dairy-Free Recipes for Cupcakes that Rule,Isa Chandra Moskowitz,3.95,16889.0,,,baking and desserts | cookbooks | cooking | food and drink,eng,https://i.gr-assets.com/images/S/compressed.photo.goodreads.com/books/1388176764i/48304._SX50_.jpg,https://www.goodreads.com/book/show/48304.Vegan_Cupcakes_Take_Over_the_World,Goodreads web scraping,baking and desserts,31.0,Baking and Pastry,cookbooks | cooking | food and drink,vegan cupcakes take over the world: 75 dairy-free recipes for cupcakes that rule cookbooks | cooking | food and drink,3
The Good Housekeeping Illustrated Cookbook,Good Housekeeping,4.39,1370.0,,,general cooking | cookbooks | cooking | food and drink,eng,https://i.gr-assets.com/images/S/compressed.photo.goodreads.com/books/1332615776i/37630._SX50_.jpg,https://www.goodreads.com/book/show/37630.The_Good_Housekeeping_Illustrated_Cookbook,Goodreads web scraping,general cooking,32.0,General Cooking & Food,cookbooks | cooking | food and drink,the good housekeeping illustrated cookbook cookbooks | cooking | food and drink,3
Betty Crocker's Picture Cook Book,Betty Crocker,4.38,3068.0,,,general cooking | cookbooks | cooking | food and drink,eng,https://i.gr-assets.com/images/S/compressed.photo.goodreads.com/books/1360056860i/3896._SX50_.jpg,https://www.goodreads.com/book/show/3896.Betty_Crocker_s_Picture_Cook_Book,Goodreads web scraping,general cooking,33.0,General Cooking & Food,cookbooks | cooking | food and drink,betty crocker's picture cook book cookbooks | cooking | food and drink,3
The Vegetarian Epicure,Anna Thomas,3.93,6110.0,,,vegetarian and plant based | cookbooks | cooking | food and drink,eng,https://i.gr-assets.com/images/S/compressed.photo.goodreads.com/books/1320420124i/1466595._SX50_.jpg,https://www.goodreads.com/book/show/1466595.The_Vegetarian_Epicure,Goodreads web scraping,vegetarian and plant based,34.0,General Cooking & Food,cookbooks | cooking | food and drink,the vegetarian epicure cookbooks | cooking | food and drink,3
The Professional Chef,The Culinary Institute of America (CIA),4.28,5912.0,,,food science and technique | cookbooks | cooking | food and drink,eng,https://i.gr-assets.com/images/S/compressed.photo.goodreads.com/books/1387716309i/306235._SX50_.jpg,https://www.goodreads.com/book/show/306235.The_Professional_Chef,Goodreads web scraping,food science and technique,35.0,General Cooking & Food,cookbooks | cooking | food and drink,the professional chef cookbooks | cooking | food and drink,3
The Way to Cook,Julia Child,4.32,14619.0,,,general cooking | cookbooks | cooking | food and drink,eng,https://i.gr-assets.com/images/S/compressed.photo.goodreads.com/books/1348719968i/132688._SX50_.jpg,https://www.goodreads.com/book/show/132688.The_Way_to_Cook,Goodreads web scraping,general cooking,36.0,General Cooking & Food,cookbooks | cooking | food and drink,the way to cook cookbooks | cooking | food and drink,3
Mexico One Plate At A Time,Rick Bayless,4.14,2455.0,,,general cooking | cookbooks | cooking | food and drink,eng,https://i.gr-assets.com/images/S/compressed.photo.goodreads.com/books/1347630323i/383480._SX50_.jpg,https://www.goodreads.com/book/show/383480.Mexico_One_Plate_At_A_Time,Goodreads web scraping,general cooking,37.0,General Cooking & Food,cookbooks | cooking | food and drink,mexico one plate at a time cookbooks | cooking | food and drink,3
"CookWise: The Hows & Whys of Successful Cooking, The Secrets of Cooking Revealed",Shirley O. Corriher,4.06,5623.0,,,general cooking | cookbooks | cooking | food and drink,eng,https://i.gr-assets.com/images/S/compressed.photo.goodreads.com/books/1347705728i/76875._SX50_.jpg,https://www.goodreads.com/book/show/76875.CookWise,Goodreads web scraping,general cooking,38.0,General Cooking & Food,cookbooks | cooking | food and drink,"cookwise: the hows & whys of successful cooking, the secrets of cooking revealed cookbooks | cooking | food and drink",3
The Taste of Home Cookbook,Taste of Home,4.27,21440.0,,,general cooking | cookbooks | cooking | food and drink,eng,https://i.gr-assets.com/images/S/compressed.photo.goodreads.com/books/1309198140i/3885._SX50_.jpg,https://www.goodreads.com/book/show/3885.The_Taste_of_Home_Cookbook,Goodreads web scraping,general cooking,39.0,General Cooking & Food,cookbooks | cooking | food and drink,the taste of home cookbook cookbooks | cooking | food and drink,3
"Salt, Fat, Acid, Heat: Mastering the Elements of Good Cooking",Samin Nosrat,4.39,101103.0,,,general cooking | cookbooks | cooking | food and drink,eng,https://i.gr-assets.com/images/S/compressed.photo.goodreads.com/books/1599649084i/30753841._SX50_.jpg,https://www.goodreads.com/book/show/30753841-salt-fat-acid-heat,Goodreads web scraping,general cooking,40.0,General Cooking & Food,cookbooks | cooking | food and drink,"salt, fat, acid, heat: mastering the elements of good cooking cookbooks | cooking | food and drink",3
The I Do Cookbook for the Bride and Groom,Celia Jolley,4.32,37.0,,,general cooking | cookbooks | cooking | food and drink,eng,https://i.gr-assets.com/images/S/compressed.photo.goodreads.com/books/1266973346i/4829027._SX50_.jpg,https://www.goodreads.com/book/show/4829027-the-i-do-cookbook-for-the-bride-and-groom,Goodreads web scraping,general cooking,41.0,General Cooking & Food,cookbooks | cooking | food and drink,the i do cookbook for the bride and groom cookbooks | cooking | food and drink,3
"Cook Food: A Manualfesto for Easy, Healthy, Local Eating",Lisa Jervis,4.0,124.0,,,nutrition and healthy eating | cookbooks | cooking | food and drink,eng,https://i.gr-assets.com/images/S/compressed.photo.goodreads.com/books/1328742395i/6400219._SX50_.jpg,https://www.goodreads.com/book/show/6400219-cook-food,Goodreads web scraping,nutrition and healthy eating,42.0,Nutrition,cookbooks | cooking | food and drink,"cook food: a manualfesto for easy, healthy, local eating cookbooks | cooking | food and drink",3
The Gourmet Cookbook: More than 1000 recipes,Ruth Reichl,4.05,11849.0,,,general cooking | cookbooks | cooking | food and drink,eng,https://i.gr-assets.com/images/S/compressed.photo.goodreads.com/books/1442100308i/53617._SX50_.jpg,https://www.goodreads.com/book/show/53617.The_Gourmet_Cookbook,Goodreads web scraping,general cooking,43.0,General Cooking & Food,cookbooks | cooking | food and drink,the gourmet cookbook: more than 1000 recipes cookbooks | cooking | food and drink,3
Jamie at Home: Cook Your Way to the Good Life,Jamie Oliver,4.1,12995.0,,,general cooking | cookbooks | cooking | food and drink,eng,https://i.gr-assets.com/images/S/compressed.photo.goodreads.com/books/1347729405i/1776251._SX50_.jpg,https://www.goodreads.com/book/show/1776251.Jamie_at_Home,Goodreads web scraping,general cooking,44.0,General Cooking & Food,cookbooks | cooking | food and drink,jamie at home: cook your way to the good life cookbooks | cooking | food and drink,3
Madhur Jaffrey's World Vegetarian: More Than 650 Meatless Recipes from Around the World,Madhur Jaffrey,4.08,4131.0,,,vegetarian and plant based | cookbooks | cooking | food and drink,eng,https://i.gr-assets.com/images/S/compressed.photo.goodreads.com/books/1348989823i/142849._SX50_.jpg,https://www.goodreads.com/book/show/142849.Madhur_Jaffrey_s_World_Vegetarian,Goodreads web scraping,vegetarian and plant based,45.0,General Cooking & Food,cookbooks | cooking | food and drink,madhur jaffrey's world vegetarian: more than 650 meatless recipes from around the world cookbooks | cooking | food and drink,3
Bouchon,Thomas Keller,4.23,3413.0,,,general cooking | cookbooks | cooking | food and drink,eng,https://i.gr-assets.com/images/S/compressed.photo.goodreads.com/books/1404582056i/79503._SX50_.jpg,https://www.goodreads.com/book/show/79503.Bouchon,Goodreads web scraping,general cooking,46.0,General Cooking & Food,cookbooks | cooking | food and drink,bouchon cookbooks | cooking | food and drink,3
The Cake Mix Doctor,Anne Byrn,4.0,11687.0,,,baking and desserts | cookbooks | cooking | food and drink,eng,https://i.gr-assets.com/images/S/compressed.photo.goodreads.com/books/1404582048i/402017._SX50_.jpg,https://www.goodreads.com/book/show/402017.The_Cake_Mix_Doctor,Goodreads web scraping,baking and desserts,47.0,Baking and Pastry,cookbooks | cooking | food and drink,the cake mix doctor cookbooks | cooking | food and drink,3
The Cook's Companion,Stephanie   Alexander,4.4,1928.0,,,general cooking | cookbooks | cooking | food and drink,eng,https://i.gr-assets.com/images/S/compressed.photo.goodreads.com/books/1187361390i/1718814._SX50_.jpg,https://www.goodreads.com/book/show/1718814.The_Cook_s_Companion,Goodreads web scraping,general cooking,48.0,General Cooking & Food,cookbooks | cooking | food and drink,the cook's companion cookbooks | cooking | food and drink,3
The Bread Bible,Rose Levy Beranbaum,4.21,6577.0,,,baking and desserts | cookbooks | cooking | food and drink,eng,https://i.gr-assets.com/images/S/compressed.photo.goodreads.com/books/1367779343i/153142._SX50_.jpg,https://www.goodreads.com/book/show/153142.The_Bread_Bible,Goodreads web scraping,baking and desserts,49.0,Baking and Pastry,cookbooks | cooking | food and drink,the bread bible cookbooks | cooking | food and drink,3
The Art of Eating,M.F.K. Fisher,4.32,6203.0,,,general cooking | cookbooks | cooking | food and drink,eng,https://i.gr-assets.com/images/S/compressed.photo.goodreads.com/books/1360056492i/94079._SY75_.jpg,https://www.goodreads.com/book/show/94079.The_Art_of_Eating,Goodreads web scraping,general cooking,50.0,General Cooking & Food,cookbooks | cooking | food and drink,the art of eating cookbooks | cooking | food and drink,3
French Provincial Cooking,Elizabeth David,4.24,2031.0,,,world cuisines | cookbooks | cooking | food and drink,eng,https://i.gr-assets.com/images/S/compressed.photo.goodreads.com/books/1347571562i/137599._SY75_.jpg,https://www.goodreads.com/book/show/137599.French_Provincial_Cooking,Goodreads web scraping,world cuisines,51.0,General Cooking & Food,cookbooks | cooking | food and drink,french provincial cooking cookbooks | cooking | food and drink,3
The Lady & Sons Savannah Country Cookbook,Paula H. Deen,4.01,11550.0,,,general cooking | cookbooks | cooking | food and drink,eng,https://i.gr-assets.com/images/S/compressed.photo.goodreads.com/books/1388183684i/67657._SY75_.jpg,https://www.goodreads.com/book/show/67657.The_Lady_Sons_Savannah_Country_Cookbook,Goodreads web scraping,general cooking,52.0,General Cooking & Food,cookbooks | cooking | food and drink,the lady & sons savannah country cookbook cookbooks | cooking | food and drink,3
How to Cook Without a Book: Recipes and Techniques Every Cook Should Know by Heart,Pam Anderson,3.97,2570.0,,,food science and technique | cookbooks | cooking | food and drink,eng,https://i.gr-assets.com/images/S/compressed.photo.goodreads.com/books/1388199542i/236011._SX50_.jpg,https://www.goodreads.com/book/show/236011.How_to_Cook_Without_a_Book,Goodreads web scraping,food science and technique,53.0,General Cooking & Food,cookbooks | cooking | food and drink,how to cook without a book: recipes and techniques every cook should know by heart cookbooks | cooking | food and drink,3
The Kitchen Diaries: A Year in the Kitchen with Nigel Slater,Nigel Slater,4.3,2574.0,,,general cooking | cookbooks | cooking | food and drink,eng,https://i.gr-assets.com/images/S/compressed.photo.goodreads.com/books/1442838666i/71955._SX50_.jpg,https://www.goodreads.com/book/show/71955.The_Kitchen_Diaries,Goodreads web scraping,general cooking,54.0,General Cooking & Food,cookbooks | cooking | food and drink,the kitchen diaries: a year in the kitchen with nigel slater cookbooks | cooking | food and drink,3
The Complete America's Test Kitchen TV Show Cookbook 2001-2010,America's Test Kitchen,4.54,4744.0,,,general cooking | cookbooks | cooking | food and drink,eng,https://i.gr-assets.com/images/S/compressed.photo.goodreads.com/books/1275628143i/6695147._SX50_.jpg,https://www.goodreads.com/book/show/6695147-the-complete-america-s-test-kitchen-tv-show-cookbook-2001-2010,Goodreads web scraping,general cooking,55.0,General Cooking & Food,cookbooks | cooking | food and drink,the complete america's test kitchen tv show cookbook 2001-2010 cookbooks | cooking | food and drink,3
30-Minute Meals,Rachael Ray,3.91,8036.0,,,quick and practical cooking | cookbooks | cooking | food and drink,eng,https://i.gr-assets.com/images/S/compressed.photo.goodreads.com/books/1386924878i/71806._SX50_.jpg,https://www.goodreads.com/book/show/71806.30_Minute_Meals,Goodreads web scraping,quick and practical cooking,56.0,General Cooking & Food,cookbooks | cooking | food and drink,30-minute meals cookbooks | cooking | food and drink,3
The New Basics Cookbook,Julee Rosso,4.01,8335.0,,,general cooking | cookbooks | cooking | food and drink,eng,https://i.gr-assets.com/images/S/compressed.photo.goodreads.com/books/1404577418i/232888._SX50_.jpg,https://www.goodreads.com/book/show/232888.The_New_Basics_Cookbook,Goodreads web scraping,general cooking,57.0,General Cooking & Food,cookbooks | cooking | food and drink,the new basics cookbook cookbooks | cooking | food and drink,3
Moosewood Restaurant Cooks at Home: Fast and Easy Recipes for Any Day,The Moosewood Collective,4.06,5132.0,,,quick and practical cooking | cookbooks | cooking | food and drink,eng,https://i.gr-assets.com/images/S/compressed.photo.goodreads.com/books/1349102914i/198175._SX50_.jpg,https://www.goodreads.com/book/show/198175.Moosewood_Restaurant_Cooks_at_Home,Goodreads web scraping,quick and practical cooking,58.0,General Cooking & Food,cookbooks | cooking | food and drink,moosewood restaurant cooks at home: fast and easy recipes for any day cookbooks | cooking | food and drink,3
Fix-It and Forget-It Cookbook: Feasting with Your Slow Cooker,Dawn J. Ranck,3.91,33587.0,,,quick and practical cooking | cookbooks | cooking | food and drink,eng,https://i.gr-assets.com/images/S/compressed.photo.goodreads.com/books/1442758991i/852460._SX50_.jpg,https://www.goodreads.com/book/show/852460.Fix_It_and_Forget_It_Cookbook,Goodreads web scraping,quick and practical cooking,59.0,General Cooking & Food,cookbooks | cooking | food and drink,fix-it and forget-it cookbook: feasting with your slow cooker cookbooks | cooking | food and drink,3
Giada's Family Dinners,Giada De Laurentiis,3.98,16759.0,,,general cooking | cookbooks | cooking | food and drink,eng,https://i.gr-assets.com/images/S/compressed.photo.goodreads.com/books/1388193499i/1191._SX50_.jpg,https://www.goodreads.com/book/show/1191.Giada_s_Family_Dinners,Goodreads web scraping,general cooking,60.0,General Cooking & Food,cookbooks | cooking | food and drink,giada's family dinners cookbooks | cooking | food and drink,3
"The Escoffier Cookbook and Guide to the Fine Art of Cookery: For Connoisseurs, Chefs, Epicures Complete With 2973 Recipes",Auguste Escoffier,4.36,1494.0,,,food science and technique | cookbooks | cooking | food and drink,eng,https://i.gr-assets.com/images/S/compressed.photo.goodreads.com/books/1403179349i/273669._SX50_.jpg,https://www.goodreads.com/book/show/273669.The_Escoffier_Cookbook_and_Guide_to_the_Fine_Art_of_Cookery,Goodreads web scraping,food science and technique,61.0,General Cooking & Food,cookbooks | cooking | food and drink,"the escoffier cookbook and guide to the fine art of cookery: for connoisseurs, chefs, epicures complete with 2973 recipes cookbooks | cooking | food and drink",3
Rachael Ray 365: No Repeats—A Year of Deliciously Different Dinners,Rachael Ray,3.72,31063.0,,,general cooking | cookbooks | cooking | food and drink,eng,https://i.gr-assets.com/images/S/compressed.photo.goodreads.com/books/1386925636i/3882._SX50_.jpg,https://www.goodreads.com/book/show/3882.Rachael_Ray_365,Goodreads web scraping,general cooking,62.0,General Cooking & Food,cookbooks | cooking | food and drink,rachael ray 365: no repeats—a year of deliciously different dinners cookbooks | cooking | food and drink,3
Jerusalem: A Cookbook,Yotam Ottolenghi,4.18,37813.0,,,general cooking | cookbooks | cooking | food and drink,eng,https://i.gr-assets.com/images/S/compressed.photo.goodreads.com/books/1344370574i/13531504._SX50_.jpg,https://www.goodreads.com/book/show/13531504-jerusalem,Goodreads web scraping,general cooking,63.0,General Cooking & Food,cookbooks | cooking | food and drink,jerusalem: a cookbook cookbooks | cooking | food and drink,3
The Splendid Table,Lynne Rossetto Kasper,4.23,840.0,,,general cooking | cookbooks | cooking | food and drink,eng,https://i.gr-assets.com/images/S/compressed.photo.goodreads.com/books/1438907378i/291405._SX50_.jpg,https://www.goodreads.com/book/show/291405.The_Splendid_Table,Goodreads web scraping,general cooking,64.0,General Cooking & Food,cookbooks | cooking | food and drink,the splendid table cookbooks | cooking | food and drink,3
The Classic Italian Cook Book: The Art of Italian Cooking and the Italian Art of Eating,Marcella Hazan,4.38,1637.0,,,world cuisines | cookbooks | cooking | food and drink,eng,https://i.gr-assets.com/images/S/compressed.photo.goodreads.com/books/1223627726i/1369510._SX50_.jpg,https://www.goodreads.com/book/show/1369510.The_Classic_Italian_Cook_Book,Goodreads web scraping,world cuisines,65.0,General Cooking & Food,cookbooks | cooking | food and drink,the classic italian cook book: the art of italian cooking and the italian art of eating cookbooks | cooking | food and drink,3
Larousse Gastronomique,Prosper Montagné,4.38,6781.0,,,general cooking | cookbooks | cooking | food and drink,eng,https://i.gr-assets.com/images/S/compressed.photo.goodreads.com/books/1349060293i/815612._SX50_.jpg,https://www.goodreads.com/book/show/815612.Larousse_Gastronomique,Goodreads web scraping,general cooking,66.0,General Cooking & Food,cookbooks | cooking | food and drink,larousse gastronomique cookbooks | cooking | food and drink,3
River Road Recipes,Junior League of Baton Rouge,4.35,411.0,,,general cooking | cookbooks | cooking | food and drink,eng,https://i.gr-assets.com/images/S/compressed.photo.goodreads.com/books/1440685313i/421232._SY75_.jpg,https://www.goodreads.com/book/show/421232.River_Road_Recipes,Goodreads web scraping,general cooking,67.0,General Cooking & Food,cookbooks | cooking | food and drink,river road recipes cookbooks | cooking | food and drink,3
Nourishing Traditions: The Cookbook that Challenges Politically Correct Nutrition and the Diet Dictocrats,Sally Fallon Morell,4.19,14169.0,,,nutrition and healthy eating | cookbooks | cooking | food and drink,eng,https://i.gr-assets.com/images/S/compressed.photo.goodreads.com/books/1349063789i/117835._SX50_.jpg,https://www.goodreads.com/book/show/117835.Nourishing_Traditions,Goodreads web scraping,nutrition and healthy eating,68.0,Nutrition,cookbooks | cooking | food and drink,nourishing traditions: the cookbook that challenges politically correct nutrition and the diet dictocrats cookbooks | cooking | food and drink,3
James Beard's American Cookery,James   Beard,4.22,1700.0,,,general cooking | cookbooks | cooking | food and drink,eng,https://i.gr-assets.com/images/S/compressed.photo.goodreads.com/books/1733179708i/545913._SY75_.jpg,https://www.goodreads.com/book/show/545913.James_Beard_s_American_Cookery,Goodreads web scraping,general cooking,69.0,General Cooking & Food,cookbooks | cooking | food and drink,james beard's american cookery cookbooks | cooking | food and drink,3
Plenty,Yotam Ottolenghi,4.12,27059.0,,,general cooking | cookbooks | cooking | food and drink,eng,https://i.gr-assets.com/images/S/compressed.photo.goodreads.com/books/1327921381i/8086216._SX50_.jpg,https://www.goodreads.com/book/show/8086216-plenty,Goodreads web scraping,general cooking,70.0,General Cooking & Food,cookbooks | cooking | food and drink,plenty cookbooks | cooking | food and drink,3
"Nigella Bites: From Family Meals to Elegant Dinners: Easy, Delectable Recipes for Any Occasion",Nigella Lawson,4.02,6992.0,,,quick and practical cooking | cookbooks | cooking | food and drink,eng,https://i.gr-assets.com/images/S/compressed.photo.goodreads.com/books/1440727806i/38549._SX50_.jpg,https://www.goodreads.com/book/show/38549.Nigella_Bites,Goodreads web scraping,quick and practical cooking,71.0,General Cooking & Food,cookbooks | cooking | food and drink,"nigella bites: from family meals to elegant dinners: easy, delectable recipes for any occasion cookbooks | cooking | food and drink",3
The Pillsbury Cookbook: The All-Purpose Companion for Today's Cook,Pillsbury,4.13,126.0,,,general cooking | cookbooks | cooking | food and drink,eng,https://i.gr-assets.com/images/S/compressed.photo.goodreads.com/books/1320500046i/1281630._SY75_.jpg,https://www.goodreads.com/book/show/1281630.The_Pillsbury_Cookbook,Goodreads web scraping,general cooking,72.0,General Cooking & Food,cookbooks | cooking | food and drink,the pillsbury cookbook: the all-purpose companion for today's cook cookbooks | cooking | food and drink,3
Jamie's Italy,Jamie Oliver,4.02,8264.0,,,general cooking | cookbooks | cooking | food and drink,eng,https://i.gr-assets.com/images/S/compressed.photo.goodreads.com/books/1425317994i/8930._SX50_.jpg,https://www.goodreads.com/book/show/8930.Jamie_s_Italy,Goodreads web scraping,general cooking,73.0,General Cooking & Food,cookbooks | cooking | food and drink,jamie's italy cookbooks | cooking | food and drink,3
The New Laurel's Kitchen,Laurel Robertson,4.01,5897.0,,,general cooking | cookbooks | cooking | food and drink,eng,https://i.gr-assets.com/images/S/compressed.photo.goodreads.com/books/1347595463i/104535._SX50_.jpg,https://www.goodreads.com/book/show/104535.The_New_Laurel_s_Kitchen,Goodreads web scraping,general cooking,74.0,General Cooking & Food,cookbooks | cooking | food and drink,the new laurel's kitchen cookbooks | cooking | food and drink,3
"Mrs. Fields Cookie Book, 100 of Her Favorite Recipes",Mrs. Fields,4.22,1267.0,,,baking and desserts | cookbooks | cooking | food and drink,eng,https://i.gr-assets.com/images/S/compressed.photo.goodreads.com/books/1431825125i/425634._SX50_.jpg,https://www.goodreads.com/book/show/425634.Mrs_Fields_Cookie_Book_100_of_Her_Favorite_Recipes,Goodreads web scraping,baking and desserts,75.0,Baking and Pastry,cookbooks | cooking | food and drink,"mrs. fields cookie book, 100 of her favorite recipes cookbooks | cooking | food and drink",3
King Arthur Flour Whole Grain Baking: Delicious Recipes Using Nutritious Whole Grains,King Arthur Baking Company,4.14,5090.0,,,baking and desserts | cookbooks | cooking | food and drink,eng,https://i.gr-assets.com/images/S/compressed.photo.goodreads.com/books/1386924919i/10568._SX50_.jpg,https://www.goodreads.com/book/show/10568.King_Arthur_Flour_Whole_Grain_Baking,Goodreads web scraping,baking and desserts,76.0,Baking and Pastry,cookbooks | cooking | food and drink,king arthur flour whole grain baking: delicious recipes using nutritious whole grains cookbooks | cooking | food and drink,3
"The Lady & Sons, Too!: A Whole New Batch of Recipes from Savannah",Paula H. Deen,4.16,1622.0,,,general cooking | cookbooks | cooking | food and drink,eng,https://i.gr-assets.com/images/S/compressed.photo.goodreads.com/books/1409593104i/995876._SX50_.jpg,https://www.goodreads.com/book/show/995876.The_Lady_Sons_Too_,Goodreads web scraping,general cooking,77.0,General Cooking & Food,cookbooks | cooking | food and drink,"the lady & sons, too!: a whole new batch of recipes from savannah cookbooks | cooking | food and drink",3
"Vegan with a Vengeance : Over 150 Delicious, Cheap, Animal-Free Recipes That Rock",Isa Chandra Moskowitz,3.71,14305.0,,,vegetarian and plant based | cookbooks | cooking | food and drink,eng,https://i.gr-assets.com/images/S/compressed.photo.goodreads.com/books/1388192648i/48303._SX50_.jpg,https://www.goodreads.com/book/show/48303.Vegan_with_a_Vengeance_,Goodreads web scraping,vegetarian and plant based,77.0,General Cooking & Food,cookbooks | cooking | food and drink,"vegan with a vengeance : over 150 delicious, cheap, animal-free recipes that rock cookbooks | cooking | food and drink",3
How It All Vegan!: Irresistible Recipes for an Animal-Free Diet,Tanya Barnard,3.81,4174.0,,,vegetarian and plant based | cookbooks | cooking | food and drink,eng,https://i.gr-assets.com/images/S/compressed.photo.goodreads.com/books/1388264752i/48309._SX50_.jpg,https://www.goodreads.com/book/show/48309.How_It_All_Vegan_,Goodreads web scraping,vegetarian and plant based,79.0,General Cooking & Food,cookbooks | cooking | food and drink,how it all vegan!: irresistible recipes for an animal-free diet cookbooks | cooking | food and drink,3
Let's Cook It Right,Adelle Davis,3.76,106.0,,,general cooking | cookbooks | cooking | food and drink,eng,https://i.gr-assets.com/images/S/compressed.photo.goodreads.com/books/1185018170i/1546387._SY75_.jpg,https://www.goodreads.com/book/show/1546387.Let_s_Cook_It_Right,Goodreads web scraping,general cooking,80.0,General Cooking & Food,cookbooks | cooking | food and drink,let's cook it right cookbooks | cooking | food and drink,3
The Pioneer Woman Cooks: Recipes from an Accidental Country Girl,Ree Drummond,4.06,48576.0,,,general cooking | cookbooks | cooking | food and drink,eng,https://i.gr-assets.com/images/S/compressed.photo.goodreads.com/books/1366775743i/6361871._SX50_.jpg,https://www.goodreads.com/book/show/6361871-the-pioneer-woman-cooks,Goodreads web scraping,general cooking,80.0,General Cooking & Food,cookbooks | cooking | food and drink,the pioneer woman cooks: recipes from an accidental country girl cookbooks | cooking | food and drink,3
"The Frugal Gourmet Cooks Italian: Recipes from the New and Old Worlds, Simplified for the American Kitchen",Jeff  Smith,3.9,310.0,,,world cuisines | cookbooks | cooking | food and drink,eng,https://i.gr-assets.com/images/S/compressed.photo.goodreads.com/books/1387736395i/772748._SY75_.jpg,https://www.goodreads.com/book/show/772748.The_Frugal_Gourmet_Cooks_Italian,Goodreads web scraping,world cuisines,82.0,General Cooking & Food,cookbooks | cooking | food and drink,"the frugal gourmet cooks italian: recipes from the new and old worlds, simplified for the american kitchen cookbooks | cooking | food and drink",3
The Splendid Table's How to Eat Supper,Lynne Rossetto Kasper,3.93,2682.0,,,general cooking | cookbooks | cooking | food and drink,eng,https://i.gr-assets.com/images/S/compressed.photo.goodreads.com/books/1388183034i/1613536._SX50_.jpg,https://www.goodreads.com/book/show/1613536.The_Splendid_Table_s_How_to_Eat_Supper,Goodreads web scraping,general cooking,83.0,General Cooking & Food,cookbooks | cooking | food and drink,the splendid table's how to eat supper cookbooks | cooking | food and drink,3
The Bon Appetit Cookbook: Fast Easy Fresh,Bon Appétit Magazine,3.92,2664.0,,,quick and practical cooking | cookbooks | cooking | food and drink,eng,https://i.gr-assets.com/images/S/compressed.photo.goodreads.com/books/1360057287i/4047214._SX50_.jpg,https://www.goodreads.com/book/show/4047214-the-bon-appetit-cookbook,Goodreads web scraping,quick and practical cooking,84.0,General Cooking & Food,cookbooks | cooking | food and drink,the bon appetit cookbook: fast easy fresh cookbooks | cooking | food and drink,3
From Emeril's Kitchens: Favorite Recipes from Emeril's Restaurants,Emeril Lagasse,4.08,245.0,,,general cooking | cookbooks | cooking | food and drink,eng,https://i.gr-assets.com/images/S/compressed.photo.goodreads.com/books/1348335337i/772789._SX50_.jpg,https://www.goodreads.com/book/show/772789.From_Emeril_s_Kitchens,Goodreads web scraping,general cooking,85.0,General Cooking & Food,cookbooks | cooking | food and drink,from emeril's kitchens: favorite recipes from emeril's restaurants cookbooks | cooking | food and drink,3
How to Eat: The Pleasures and Principles of Good Food,Nigella Lawson,4.18,7414.0,,,general cooking | cookbooks | cooking | food and drink,eng,https://i.gr-assets.com/images/S/compressed.photo.goodreads.com/books/1388207758i/39540._SX50_.jpg,https://www.goodreads.com/book/show/39540.How_to_Eat,Goodreads web scraping,general cooking,86.0,General Cooking & Food,cookbooks | cooking | food and drink,how to eat: the pleasures and principles of good food cookbooks | cooking | food and drink,3
"The Six O'Clock Scramble Meal Planner: A Year of Quick, Delicious Meals to Help You Prevent and Manage Diabetes",Aviva Goldfarb,4.45,58.0,,,quick and practical cooking | cookbooks | cooking | food and drink,eng,https://i.gr-assets.com/images/S/compressed.photo.goodreads.com/books/1445433633i/25778002._SX50_.jpg,https://www.goodreads.com/book/show/25778002-the-six-o-clock-scramble-meal-planner,Goodreads web scraping,quick and practical cooking,87.0,General Cooking & Food,cookbooks | cooking | food and drink,"the six o'clock scramble meal planner: a year of quick, delicious meals to help you prevent and manage diabetes cookbooks | cooking | food and drink",3
More-With-Less Cookbook,Doris Janzen Longacre,4.26,1909.0,,,general cooking | cookbooks | cooking | food and drink,eng,https://i.gr-assets.com/images/S/compressed.photo.goodreads.com/books/1354111188i/925697._SY75_.jpg,https://www.goodreads.com/book/show/925697.More_With_Less_Cookbook,Goodreads web scraping,general cooking,88.0,General Cooking & Food,cookbooks | cooking | food and drink,more-with-less cookbook cookbooks | cooking | food and drink,3
Classic Home Desserts: A Treasury of Heirloom and Contemporary Recipes from Around the World,Richard Sax,4.24,251.0,,,baking and desserts | cookbooks | cooking | food and drink,eng,https://i.gr-assets.com/images/S/compressed.photo.goodreads.com/books/1177619709i/720639._SX50_.jpg,https://www.goodreads.com/book/show/720639.Classic_Home_Desserts,Goodreads web scraping,baking and desserts,89.0,Baking and Pastry,cookbooks | cooking | food and drink,classic home desserts: a treasury of heirloom and contemporary recipes from around the world cookbooks | cooking | food and drink,3
Think Like a Chef: A Cookbook,Tom Colicchio,4.04,1079.0,,,food science and technique | cookbooks | cooking | food and drink,eng,https://i.gr-assets.com/images/S/compressed.photo.goodreads.com/books/1320512532i/2268418._SX50_.jpg,https://www.goodreads.com/book/show/2268418.Think_Like_a_Chef,Goodreads web scraping,food science and technique,90.0,General Cooking & Food,cookbooks | cooking | food and drink,think like a chef: a cookbook cookbooks | cooking | food and drink,3
I'm Just Here for More Food: Food x Mixing + Heat = Baking,Alton Brown,4.26,5020.0,,,baking and desserts | cookbooks | cooking | food and drink,eng,https://i.gr-assets.com/images/S/compressed.photo.goodreads.com/books/1438496254i/101247._SX50_.jpg,https://www.goodreads.com/book/show/101247.I_m_Just_Here_for_More_Food,Goodreads web scraping,baking and desserts,91.0,Baking and Pastry,cookbooks | cooking | food and drink,i'm just here for more food: food x mixing + heat = baking cookbooks | cooking | food and drink,3
Ratio: The Simple Codes Behind the Craft of Everyday Cooking,Michael Ruhlman,4.09,7213.0,,,quick and practical cooking | cookbooks | cooking | food and drink,eng,https://i.gr-assets.com/images/S/compressed.photo.goodreads.com/books/1348460187i/3931154._SY75_.jpg,https://www.goodreads.com/book/show/3931154-ratio,Goodreads web scraping,quick and practical cooking,92.0,General Cooking & Food,cookbooks | cooking | food and drink,ratio: the simple codes behind the craft of everyday cooking cookbooks | cooking | food and drink,3
"Animal, Vegetable, Miracle: A Year of Food Life",Barbara Kingsolver,4.05,114438.0,,,vegetarian and plant based | cookbooks | cooking | food and drink,eng,https://i.gr-assets.com/images/S/compressed.photo.goodreads.com/books/1480104279i/25460._SY75_.jpg,https://www.goodreads.com/book/show/25460.Animal_Vegetable_Miracle,Goodreads web scraping,vegetarian and plant based,93.0,General Cooking & Food,cookbooks | cooking | food and drink,"animal, vegetable, miracle: a year of food life cookbooks | cooking | food and drink",3
"Diners, Drive-ins and Dives: An All-American Road Trip . . . with Recipes!",Guy Fieri,4.05,5387.0,,,general cooking | cookbooks | cooking | food and drink,eng,https://i.gr-assets.com/images/S/compressed.photo.goodreads.com/books/1390799279i/3560788._SX50_.jpg,https://www.goodreads.com/book/show/3560788-diners-drive-ins-and-dives,Goodreads web scraping,general cooking,94.0,General Cooking & Food,cookbooks | cooking | food and drink,"diners, drive-ins and dives: an all-american road trip . . . with recipes! cookbooks | cooking | food and drink",3
The Breakfast Book,Marion Cunningham,4.16,889.0,,,general cooking | cookbooks | cooking | food and drink,eng,https://i.gr-assets.com/images/S/compressed.photo.goodreads.com/books/1223643406i/158935._SX50_.jpg,https://www.goodreads.com/book/show/158935.The_Breakfast_Book,Goodreads web scraping,general cooking,95.0,General Cooking & Food,cookbooks | cooking | food and drink,the breakfast book cookbooks | cooking | food and drink,3
"Healthy Bread in Five Minutes a Day: The Artisan Revolution Continues with Whole Grains, Fruits, and Vegetables",Jeff Hertzberg,4.06,3114.0,,,baking and desserts | cookbooks | cooking | food and drink,eng,https://i.gr-assets.com/images/S/compressed.photo.goodreads.com/books/1393465041i/6383770._SX50_.jpg,https://www.goodreads.com/book/show/6383770-healthy-bread-in-five-minutes-a-day,Goodreads web scraping,baking and desserts,96.0,Baking and Pastry,cookbooks | cooking | food and drink,"healthy bread in five minutes a day: the artisan revolution continues with whole grains, fruits, and vegetables cookbooks | cooking | food and drink",3
The Smitten Kitchen Cookbook: Recipes and Wisdom from an Obsessive Home Cook,Deb Perelman,3.99,46116.0,,,general cooking | cookbooks | cooking | food and drink,eng,https://i.gr-assets.com/images/S/compressed.photo.goodreads.com/books/1336228481i/13331199._SX50_.jpg,https://www.goodreads.com/book/show/13331199-the-smitten-kitchen-cookbook,Goodreads web scraping,general cooking,97.0,General Cooking & Food,cookbooks | cooking | food and drink,the smitten kitchen cookbook: recipes and wisdom from an obsessive home cook cookbooks | cooking | food and drink,3
The French Laundry Cookbook,Thomas Keller,4.3,10048.0,,,world cuisines | cookbooks | cooking | food and drink,eng,https://i.gr-assets.com/images/S/compressed.photo.goodreads.com/books/1356064390i/154556._SX50_.jpg,https://www.goodreads.com/book/show/154556.The_French_Laundry_Cookbook,Goodreads web scraping,world cuisines,98.0,General Cooking & Food,cookbooks | cooking | food and drink,the french laundry cookbook cookbooks | cooking | food and drink,3
Cook with Jamie,Jamie Oliver,4.07,13420.0,,,general cooking | cookbooks | cooking | food and drink,eng,https://i.gr-assets.com/images/S/compressed.photo.goodreads.com/books/1348728611i/823412._SX50_.jpg,https://www.goodreads.com/book/show/823412.Cook_with_Jamie,Goodreads web scraping,general cooking,99.0,General Cooking & Food,cookbooks | cooking | food and drink,cook with jamie cookbooks | cooking | food and drink,3
The Bon Appétit Cookbook,Barbara Fairchild,4.07,1850.0,,,general cooking | cookbooks | cooking | food and drink,eng,https://i.gr-assets.com/images/S/compressed.photo.goodreads.com/books/1441262692i/3886._SX50_.jpg,https://www.goodreads.com/book/show/3886.The_Bon_App_tit_Cookbook,Goodreads web scraping,general cooking,100.0,General Cooking & Food,cookbooks | cooking | food and drink,the bon appétit cookbook cookbooks | cooking | food and drink,3
Moosewood Restaurant Low-Fat Favorites: Flavorful Recipes for Healthful Meals,The Moosewood Collective,3.92,6964.0,,,general cooking | cookbooks | cooking | food and drink,eng,https://i.gr-assets.com/images/S/compressed.photo.goodreads.com/books/1386924403i/198176._SX50_.jpg,https://www.goodreads.com/book/show/198176.Moosewood_Restaurant_Low_Fat_Favorites,Goodreads web scraping,general cooking,100.0,General Cooking & Food,cookbooks | cooking | food and drink,moosewood restaurant low-fat favorites: flavorful recipes for healthful meals cookbooks | cooking | food and drink,3
The Art of Mexican Cooking: Traditional Mexican Cooking for Aficionados: A Cookbook,Diana Kennedy,4.26,1077.0,,,world cuisines | cookbooks | cooking | food and drink,eng,https://i.gr-assets.com/images/S/compressed.photo.goodreads.com/books/1630982190i/3780376._SX50_.jpg,https://www.goodreads.com/book/show/3780376-the-art-of-mexican-cooking,Goodreads web scraping,world cuisines,102.0,General Cooking & Food,cookbooks | cooking | food and drink,the art of mexican cooking: traditional mexican cooking for aficionados: a cookbook cookbooks | cooking | food and drink,3
Land of Plenty: A Treasury of Authentic Sichuan Cooking,Fuchsia Dunlop,4.3,1383.0,,,general cooking | cookbooks | cooking | food and drink,eng,https://i.gr-assets.com/images/S/compressed.photo.goodreads.com/books/1347614660i/94561._SX50_.jpg,https://www.goodreads.com/book/show/94561.Land_of_Plenty,Goodreads web scraping,general cooking,103.0,General Cooking & Food,cookbooks | cooking | food and drink,land of plenty: a treasury of authentic sichuan cooking cookbooks | cooking | food and drink,3
"Cooking for Geeks: Real Science, Great Hacks, and Good Food",Jeff Potter,4.05,3753.0,,,food science and technique | cookbooks | cooking | food and drink,eng,https://i.gr-assets.com/images/S/compressed.photo.goodreads.com/books/1327879176i/7985893._SX50_.jpg,https://www.goodreads.com/book/show/7985893-cooking-for-geeks,Goodreads web scraping,food science and technique,104.0,General Cooking & Food,cookbooks | cooking | food and drink,"cooking for geeks: real science, great hacks, and good food cookbooks | cooking | food and drink",3
Baking Illustrated: A Best Recipe Classic,Cook's Illustrated,4.23,3628.0,,,baking and desserts | cookbooks | cooking | food and drink,eng,https://i.gr-assets.com/images/S/compressed.photo.goodreads.com/books/1168362449i/32158._SX50_.jpg,https://www.goodreads.com/book/show/32158.Baking_Illustrated,Goodreads web scraping,baking and desserts,105.0,Baking and Pastry,cookbooks | cooking | food and drink,baking illustrated: a best recipe classic cookbooks | cooking | food and drink,3
Whole Foods for the Whole Family: La Leche League International Cookbook,Roberta Bishop Johnson,4.27,153.0,,,general cooking | cookbooks | cooking | food and drink,eng,https://i.gr-assets.com/images/S/compressed.photo.goodreads.com/books/1387710811i/692511._SX50_.jpg,https://www.goodreads.com/book/show/692511.Whole_Foods_for_the_Whole_Family,Goodreads web scraping,general cooking,106.0,General Cooking & Food,cookbooks | cooking | food and drink,whole foods for the whole family: la leche league international cookbook cookbooks | cooking | food and drink,3
Moosewood Restaurant New Classics,The Moosewood Collective,4.1,2382.0,,,general cooking | cookbooks | cooking | food and drink,eng,https://i.gr-assets.com/images/S/compressed.photo.goodreads.com/books/1388357794i/198178._SX50_.jpg,https://www.goodreads.com/book/show/198178.Moosewood_Restaurant_New_Classics,Goodreads web scraping,general cooking,107.0,General Cooking & Food,cookbooks | cooking | food and drink,moosewood restaurant new classics cookbooks | cooking | food and drink,3
Rachael Ray's Big Orange Book,Rachael Ray,3.89,1352.0,,,general cooking | cookbooks | cooking | food and drink,eng,https://i.gr-assets.com/images/S/compressed.photo.goodreads.com/books/1320510860i/2925652._SX50_.jpg,https://www.goodreads.com/book/show/2925652-rachael-ray-s-big-orange-book,Goodreads web scraping,general cooking,108.0,General Cooking & Food,cookbooks | cooking | food and drink,rachael ray's big orange book cookbooks | cooking | food and drink,3
Super Natural Cooking: Five Delicious Ways to Incorporate Whole and Natural Foods into Your Cooking,Heidi Swanson,4.0,4899.0,,,general cooking | cookbooks | cooking | food and drink,eng,https://i.gr-assets.com/images/S/compressed.photo.goodreads.com/books/1388201458i/205997._SX50_.jpg,https://www.goodreads.com/book/show/205997.Super_Natural_Cooking,Goodreads web scraping,general cooking,109.0,General Cooking & Food,cookbooks | cooking | food and drink,super natural cooking: five delicious ways to incorporate whole and natural foods into your cooking cookbooks | cooking | food and drink,3
"The Frugal Gourmet Cooks Three Ancient Cuisines: China, Greece, and Rome",Jeff  Smith,3.82,1096.0,,,general cooking | cookbooks | cooking | food and drink,eng,https://i.gr-assets.com/images/S/compressed.photo.goodreads.com/books/1330753805i/499992._SY75_.jpg,https://www.goodreads.com/book/show/499992.The_Frugal_Gourmet_Cooks_Three_Ancient_Cuisines,Goodreads web scraping,general cooking,110.0,General Cooking & Food,cookbooks | cooking | food and drink,"the frugal gourmet cooks three ancient cuisines: china, greece, and rome cookbooks | cooking | food and drink",3
Baking in America: Traditional and Contemporary Favorites from the Past 200 Years,Greg Patent,4.01,86.0,,,baking and desserts | cookbooks | cooking | food and drink,eng,https://i.gr-assets.com/images/S/compressed.photo.goodreads.com/books/1405865832i/703112._SX50_.jpg,https://www.goodreads.com/book/show/703112.Baking_in_America,Goodreads web scraping,baking and desserts,111.0,Baking and Pastry,cookbooks | cooking | food and drink,baking in america: traditional and contemporary favorites from the past 200 years cookbooks | cooking | food and drink,3
Feast: Food to Celebrate Life,Nigella Lawson,4.16,7965.0,,,general cooking | cookbooks | cooking | food and drink,eng,https://i.gr-assets.com/images/S/compressed.photo.goodreads.com/books/1403019238i/39539._SX50_.jpg,https://www.goodreads.com/book/show/39539.Feast,Goodreads web scraping,general cooking,112.0,General Cooking & Food,cookbooks | cooking | food and drink,feast: food to celebrate life cookbooks | cooking | food and drink,3
The Essential New York Times Cookbook: Classic Recipes for a New Century,Amanda Hesser,4.13,5167.0,,,general cooking | cookbooks | cooking | food and drink,eng,https://i.gr-assets.com/images/S/compressed.photo.goodreads.com/books/1396570753i/8101270._SX50_.jpg,https://www.goodreads.com/book/show/8101270-the-essential-new-york-times-cookbook,Goodreads web scraping,general cooking,113.0,General Cooking & Food,cookbooks | cooking | food and drink,the essential new york times cookbook: classic recipes for a new century cookbooks | cooking | food and drink,3
The I Hate to Cook Book,Peg Bracken,3.91,853.0,,,general cooking | cookbooks | cooking | food and drink,eng,https://i.gr-assets.com/images/S/compressed.photo.goodreads.com/books/1441756058i/7834717._SY75_.jpg,https://www.goodreads.com/book/show/7834717-the-i-hate-to-cook-book,Goodreads web scraping,general cooking,114.0,General Cooking & Food,cookbooks | cooking | food and drink,the i hate to cook book cookbooks | cooking | food and drink,3
The Naked Chef,Jamie Oliver,4.03,4890.0,,,food science and technique | cookbooks | cooking | food and drink,eng,https://i.gr-assets.com/images/S/compressed.photo.goodreads.com/books/1442623188i/348695._SX50_.jpg,https://www.goodreads.com/book/show/348695.The_Naked_Chef,Goodreads web scraping,food science and technique,115.0,General Cooking & Food,cookbooks | cooking | food and drink,the naked chef cookbooks | cooking | food and drink,3
"Jacques Pépin's Complete Techniques: Featuring More Than 1,000 Cooking Methods and Recipes,  in Thousands of  Step-by-Step Photographs",Jacques Pépin,4.41,1827.0,,,food science and technique | cookbooks | cooking | food and drink,eng,https://i.gr-assets.com/images/S/compressed.photo.goodreads.com/books/1441292458i/1077516._SX50_.jpg,https://www.goodreads.com/book/show/1077516.Jacques_P_pin_s_Complete_Techniques,Goodreads web scraping,food science and technique,116.0,General Cooking & Food,cookbooks | cooking | food and drink,"jacques pépin's complete techniques: featuring more than 1,000 cooking methods and recipes, in thousands of step-by-step photographs cookbooks | cooking | food and drink",3
"Baking with Julia: Sift, Knead, Flute, Flour, and Savor...",Julia Child,4.28,9179.0,,,baking and desserts | cookbooks | cooking | food and drink,eng,https://i.gr-assets.com/images/S/compressed.photo.goodreads.com/books/1348555117i/184649._SX50_.jpg,https://www.goodreads.com/book/show/184649.Baking_with_Julia,Goodreads web scraping,baking and desserts,117.0,Baking and Pastry,cookbooks | cooking | food and drink,"baking with julia: sift, knead, flute, flour, and savor... cookbooks | cooking | food and drink",3
All Around the World Cookbook,Sheila Lukins,3.63,2024.0,,,general cooking | cookbooks | cooking | food and drink,eng,https://i.gr-assets.com/images/S/compressed.photo.goodreads.com/books/1423721009i/772337._SX50_.jpg,https://www.goodreads.com/book/show/772337.All_Around_the_World_Cookbook,Goodreads web scraping,general cooking,117.0,General Cooking & Food,cookbooks | cooking | food and drink,all around the world cookbook cookbooks | cooking | food and drink,3
"The Best Recipes in the World: More Than 1,000 International Dishes to Cook at Home",Mark Bittman,3.98,1961.0,,,general cooking | cookbooks | cooking | food and drink,eng,https://i.gr-assets.com/images/S/compressed.photo.goodreads.com/books/1388280928i/25652._SX50_.jpg,https://www.goodreads.com/book/show/25652.The_Best_Recipes_in_the_World,Goodreads web scraping,general cooking,119.0,General Cooking & Food,cookbooks | cooking | food and drink,"the best recipes in the world: more than 1,000 international dishes to cook at home cookbooks | cooking | food and drink",3
The Food Lab: Better Home Cooking Through Science,J. Kenji López-Alt,4.31,27034.0,,,food science and technique | cookbooks | cooking | food and drink,eng,https://i.gr-assets.com/images/S/compressed.photo.goodreads.com/books/1430990153i/24861842._SX50_.jpg,https://www.goodreads.com/book/show/24861842-the-food-lab,Goodreads web scraping,food science and technique,120.0,General Cooking & Food,cookbooks | cooking | food and drink,the food lab: better home cooking through science cookbooks | cooking | food and drink,3
The Complete Cooking Light Cookbook,Cooking Light,4.15,3518.0,,,general cooking | cookbooks | cooking | food and drink,eng,https://i.gr-assets.com/images/S/compressed.photo.goodreads.com/books/1387733379i/763852._SX50_.jpg,https://www.goodreads.com/book/show/763852.The_Complete_Cooking_Light_Cookbook,Goodreads web scraping,general cooking,121.0,General Cooking & Food,cookbooks | cooking | food and drink,the complete cooking light cookbook cookbooks | cooking | food and drink,3
Rick Bayless's Mexican Kitchen,Rick Bayless,4.16,1937.0,,,world cuisines | cookbooks | cooking | food and drink,eng,https://i.gr-assets.com/images/S/compressed.photo.goodreads.com/books/1347234275i/158470._SX50_.jpg,https://www.goodreads.com/book/show/158470.Rick_Bayless_s_Mexican_Kitchen,Goodreads web scraping,world cuisines,121.0,General Cooking & Food,cookbooks | cooking | food and drink,rick bayless's mexican kitchen cookbooks | cooking | food and drink,3
Thug Kitchen: Eat Like You Give a F*ck,Thug Kitchen,4.0,45962.0,,,general cooking | cookbooks | cooking | food and drink,eng,https://i.gr-assets.com/images/S/compressed.photo.goodreads.com/books/1408325061i/20696032._SX50_.jpg,https://www.goodreads.com/book/show/20696032-thug-kitchen,Goodreads web scraping,general cooking,123.0,General Cooking & Food,cookbooks | cooking | food and drink,thug kitchen: eat like you give a f*ck cookbooks | cooking | food and drink,3
Betty Crocker's Cooky Book,Betty Crocker,4.42,3125.0,,,general cooking | cookbooks | cooking | food and drink,eng,https://i.gr-assets.com/images/S/compressed.photo.goodreads.com/books/1442619980i/129664._SX50_.jpg,https://www.goodreads.com/book/show/129664.Betty_Crocker_s_Cooky_Book,Goodreads web scraping,general cooking,124.0,General Cooking & Food,cookbooks | cooking | food and drink,betty crocker's cooky book cookbooks | cooking | food and drink,3
Roasting: A Simple Art,Barbara Kafka,4.32,224.0,,,quick and practical cooking | cookbooks | cooking | food and drink,eng,https://i.gr-assets.com/images/S/compressed.photo.goodreads.com/books/1424816834i/22905._SX50_.jpg,https://www.goodreads.com/book/show/22905.Roasting,Goodreads web scraping,quick and practical cooking,125.0,General Cooking & Food,cookbooks | cooking | food and drink,roasting: a simple art cookbooks | cooking | food and drink,3
The Bread Lover's Bread Machine Cookbook: A Master Baker's 300 Favorite Recipes for Perfect-Every-Time Bread-From Every Kind of Machine,Beth Hensperger,4.21,1494.0,,,baking and desserts | cookbooks | cooking | food and drink,eng,https://i.gr-assets.com/images/S/compressed.photo.goodreads.com/books/1328755487i/153243._SX50_.jpg,https://www.goodreads.com/book/show/153243.The_Bread_Lover_s_Bread_Machine_Cookbook,Goodreads web scraping,baking and desserts,126.0,Baking and Pastry,cookbooks | cooking | food and drink,the bread lover's bread machine cookbook: a master baker's 300 favorite recipes for perfect-every-time bread-from every kind of machine cookbooks | cooking | food and drink,3
Everyday Pasta,Giada De Laurentiis,4.1,9157.0,,,general cooking | cookbooks | cooking | food and drink,eng,https://i.gr-assets.com/images/S/compressed.photo.goodreads.com/books/1388193500i/1193._SX50_.jpg,https://www.goodreads.com/book/show/1193.Everyday_Pasta,Goodreads web scraping,general cooking,127.0,General Cooking & Food,cookbooks | cooking | food and drink,everyday pasta cookbooks | cooking | food and drink,3
Tender: Volume I: A Cook and His Vegetable Patch,Nigel Slater,4.18,3387.0,,,vegetarian and plant based | cookbooks | cooking | food and drink,eng,https://i.gr-assets.com/images/S/compressed.photo.goodreads.com/books/1348860203i/6788489._SX50_.jpg,https://www.goodreads.com/book/show/6788489-tender,Goodreads web scraping,vegetarian and plant based,128.0,General Cooking & Food,cookbooks | cooking | food and drink,tender: volume i: a cook and his vegetable patch cookbooks | cooking | food and drink,3
"Nigella Express: Good Food, Fast",Nigella Lawson,3.96,28391.0,,,general cooking | cookbooks | cooking | food and drink,eng,https://i.gr-assets.com/images/S/compressed.photo.goodreads.com/books/1437577758i/468070._SX50_.jpg,https://www.goodreads.com/book/show/468070.Nigella_Express,Goodreads web scraping,general cooking,129.0,General Cooking & Food,cookbooks | cooking | food and drink,"nigella express: good food, fast cookbooks | cooking | food and drink",3
"The Pioneer Woman Cooks: Dinnertime: Comfort Classics, Freezer Food, 16-Minute Meals, and Other Delicious Ways to Solve Supper!",Ree Drummond,4.3,10647.0,,,quick and practical cooking | cookbooks | cooking | food and drink,eng,https://i.gr-assets.com/images/S/compressed.photo.goodreads.com/books/1430337006i/24903909._SX50_.jpg,https://www.goodreads.com/book/show/24903909-the-pioneer-woman-cooks,Goodreads web scraping,quick and practical cooking,130.0,General Cooking & Food,cookbooks | cooking | food and drink,"the pioneer woman cooks: dinnertime: comfort classics, freezer food, 16-minute meals, and other delicious ways to solve supper! cookbooks | cooking | food and drink",3
The Whole30: The 30-Day Guide to Total Health and Food Freedom,Melissa Urban,4.05,19167.0,,,nutrition and healthy eating | cookbooks | cooking | food and drink,eng,https://i.gr-assets.com/images/S/compressed.photo.goodreads.com/books/1416873417i/23453036._SX50_.jpg,https://www.goodreads.com/book/show/23453036-the-whole30,Goodreads web scraping,nutrition and healthy eating,130.0,Nutrition,cookbooks | cooking | food and drink,the whole30: the 30-day guide to total health and food freedom cookbooks | cooking | food and drink,3
Giada's Kitchen: New Favorites from Everyday Italian,Giada De Laurentiis,4.1,7474.0,,,world cuisines | cookbooks | cooking | food and drink,eng,https://i.gr-assets.com/images/S/compressed.photo.goodreads.com/books/1333576416i/2596537._SX50_.jpg,https://www.goodreads.com/book/show/2596537-giada-s-kitchen,Goodreads web scraping,world cuisines,132.0,General Cooking & Food,cookbooks | cooking | food and drink,giada's kitchen: new favorites from everyday italian cookbooks | cooking | food and drink,3
Deceptively Delicious: Simple Secrets to Get Your Kids Eating Good Food,Jessica Seinfeld,3.48,22205.0,,,quick and practical cooking | cookbooks | cooking | food and drink,eng,https://i.gr-assets.com/images/S/compressed.photo.goodreads.com/books/1442936631i/1734639._SX50_.jpg,https://www.goodreads.com/book/show/1734639.Deceptively_Delicious,Goodreads web scraping,quick and practical cooking,133.0,General Cooking & Food,cookbooks | cooking | food and drink,deceptively delicious: simple secrets to get your kids eating good food cookbooks | cooking | food and drink,3
Emeril's TV Dinners: Kickin' It Up A Notch With Recipes From Emeril Live And Essence Of Emeril,Emeril Lagasse,3.86,573.0,,,general cooking | cookbooks | cooking | food and drink,eng,https://i.gr-assets.com/images/S/compressed.photo.goodreads.com/books/1348055365i/966347._SX50_.jpg,https://www.goodreads.com/book/show/966347.Emeril_s_TV_Dinners,Goodreads web scraping,general cooking,134.0,General Cooking & Food,cookbooks | cooking | food and drink,emeril's tv dinners: kickin' it up a notch with recipes from emeril live and essence of emeril cookbooks | cooking | food and drink,3
The Kitchen Diaries II,Nigel Slater,4.33,849.0,,,general cooking | cookbooks | cooking | food and drink,eng,https://i.gr-assets.com/images/S/compressed.photo.goodreads.com/books/1351187555i/15923386._SX50_.jpg,https://www.goodreads.com/book/show/15923386-the-kitchen-diaries-ii,Goodreads web scraping,general cooking,134.0,General Cooking & Food,cookbooks | cooking | food and drink,the kitchen diaries ii cookbooks | cooking | food and drink,3
All About Braising: The Art of Uncomplicated Cooking,Molly Stevens,4.13,1882.0,,,general cooking | cookbooks | cooking | food and drink,eng,https://i.gr-assets.com/images/S/compressed.photo.goodreads.com/books/1441332492i/400137._SX50_.jpg,https://www.goodreads.com/book/show/400137.All_About_Braising,Goodreads web scraping,general cooking,134.0,General Cooking & Food,cookbooks | cooking | food and drink,all about braising: the art of uncomplicated cooking cookbooks | cooking | food and drink,3
Sundays at Moosewood Restaurant,Carolyn B. Mitchell,4.0,10256.0,,,general cooking | cookbooks | cooking | food and drink,eng,https://i.gr-assets.com/images/S/compressed.photo.goodreads.com/books/1388286453i/198177._SX50_.jpg,https://www.goodreads.com/book/show/198177.Sundays_at_Moosewood_Restaurant,Goodreads web scraping,general cooking,137.0,General Cooking & Food,cookbooks | cooking | food and drink,sundays at moosewood restaurant cookbooks | cooking | food and drink,3
Essential Pépin: More Than 700 All-Time Favorites from My Life in Food,Jacques Pépin,4.48,1037.0,,,general cooking | cookbooks | cooking | food and drink,eng,https://i.gr-assets.com/images/S/compressed.photo.goodreads.com/books/1318916129i/12295634._SX50_.jpg,https://www.goodreads.com/book/show/12295634-essential-p-pin,Goodreads web scraping,general cooking,138.0,General Cooking & Food,cookbooks | cooking | food and drink,essential pépin: more than 700 all-time favorites from my life in food cookbooks | cooking | food and drink,3
Cooking Light Annual Recipes 2009: Every Recipe...A Year's Worth of Cooking Light Magazine,Cooking Light,3.81,63.0,,,general cooking | cookbooks | cooking | food and drink,eng,https://i.gr-assets.com/images/S/compressed.photo.goodreads.com/books/1312051336i/5541448._SX50_.jpg,https://www.goodreads.com/book/show/5541448-cooking-light-annual-recipes-2009,Goodreads web scraping,general cooking,139.0,General Cooking & Food,cookbooks | cooking | food and drink,cooking light annual recipes 2009: every recipe...a year's worth of cooking light magazine cookbooks | cooking | food and drink,3
A Mediterranean Feast: The Story Of The Birth Of The Celebrated Cuisines Of The Mediterranean:  From The Merchants Of Venice To The Barbary Corsairs,Clifford A. Wright,4.33,199.0,,,world cuisines | cookbooks | cooking | food and drink,eng,https://i.gr-assets.com/images/S/compressed.photo.goodreads.com/books/1347846538i/615320._SX50_.jpg,https://www.goodreads.com/book/show/615320.A_Mediterranean_Feast,Goodreads web scraping,world cuisines,140.0,General Cooking & Food,cookbooks | cooking | food and drink,a mediterranean feast: the story of the birth of the celebrated cuisines of the mediterranean: from the merchants of venice to the barbary corsairs cookbooks | cooking | food and drink,3
In Julia's Kitchen with Master Chefs,Julia Child,4.2,103.0,,,food science and technique | cookbooks | cooking | food and drink,eng,https://i.gr-assets.com/images/S/compressed.photo.goodreads.com/books/1387711403i/953360._SX50_.jpg,https://www.goodreads.com/book/show/953360.In_Julia_s_Kitchen_with_Master_Chefs,Goodreads web scraping,food science and technique,141.0,General Cooking & Food,cookbooks | cooking | food and drink,in julia's kitchen with master chefs cookbooks | cooking | food and drink,3
The Frugal Gourmet,Jeff  Smith,3.81,3387.0,,,general cooking | cookbooks | cooking | food and drink,eng,https://i.gr-assets.com/images/S/compressed.photo.goodreads.com/books/1387715710i/162214._SX50_.jpg,https://www.goodreads.com/book/show/162214.The_Frugal_Gourmet,Goodreads web scraping,general cooking,142.0,General Cooking & Food,cookbooks | cooking | food and drink,the frugal gourmet cookbooks | cooking | food and drink,3
The Frugal Gourmet on Our Immigrant Ancestors: Recipes You Should Have Gotten from Your Grandmother,Jeff  Smith,3.92,1462.0,,,general cooking | cookbooks | cooking | food and drink,eng,https://i.gr-assets.com/images/S/compressed.photo.goodreads.com/books/1441228018i/773171._SY75_.jpg,https://www.goodreads.com/book/show/773171.The_Frugal_Gourmet_on_Our_Immigrant_Ancestors,Goodreads web scraping,general cooking,143.0,General Cooking & Food,cookbooks | cooking | food and drink,the frugal gourmet on our immigrant ancestors: recipes you should have gotten from your grandmother cookbooks | cooking | food and drink,3
The Greens Cookbook: Extraordinary Vegetarian Cuisine from the Celebrated Restaurant,Deborah Madison,4.14,1360.0,,,vegetarian and plant based | cookbooks | cooking | food and drink,eng,https://i.gr-assets.com/images/S/compressed.photo.goodreads.com/books/1388250725i/340165._SX50_.jpg,https://www.goodreads.com/book/show/340165.The_Greens_Cookbook,Goodreads web scraping,vegetarian and plant based,144.0,General Cooking & Food,cookbooks | cooking | food and drink,the greens cookbook: extraordinary vegetarian cuisine from the celebrated restaurant cookbooks | cooking | food and drink,3
Madhur Jaffrey Indian Cooking,Madhur Jaffrey,4.26,2005.0,,,world cuisines | cookbooks | cooking | food and drink,eng,https://i.gr-assets.com/images/S/compressed.photo.goodreads.com/books/1386925428i/75385._SX50_.jpg,https://www.goodreads.com/book/show/75385.Madhur_Jaffrey_Indian_Cooking,Goodreads web scraping,world cuisines,144.0,General Cooking & Food,cookbooks | cooking | food and drink,madhur jaffrey indian cooking cookbooks | cooking | food and drink,3
Forever Summer,Nigella Lawson,4.02,4642.0,,,general cooking | cookbooks | cooking | food and drink,eng,https://i.gr-assets.com/images/S/compressed.photo.goodreads.com/books/1348466072i/39543._SX50_.jpg,https://www.goodreads.com/book/show/39543.Forever_Summer,Goodreads web scraping,general cooking,146.0,General Cooking & Food,cookbooks | cooking | food and drink,forever summer cookbooks | cooking | food and drink,3
"How to Bake: Complete Guide to Perfect Cakes, Cookies, Pies, Tarts, Breads, Pizzas, Muffins,",Nick Malgieri,4.16,640.0,,,baking and desserts | cookbooks | cooking | food and drink,eng,https://i.gr-assets.com/images/S/compressed.photo.goodreads.com/books/1348805856i/119745._SX50_.jpg,https://www.goodreads.com/book/show/119745.How_to_Bake,Goodreads web scraping,baking and desserts,147.0,Baking and Pastry,cookbooks | cooking | food and drink,"how to bake: complete guide to perfect cakes, cookies, pies, tarts, breads, pizzas, muffins, cookbooks | cooking | food and drink",3
Fields of Greens: New Vegetarian Recipes From The Celebrated Greens Restaurant,Annie Somerville,4.06,180.0,,,vegetarian and plant based | cookbooks | cooking | food and drink,eng,https://i.gr-assets.com/images/S/compressed.photo.goodreads.com/books/1773838378i/1466593._SX50_.jpg,https://www.goodreads.com/book/show/1466593.Fields_of_Greens,Goodreads web scraping,vegetarian and plant based,148.0,General Cooking & Food,cookbooks | cooking | food and drink,fields of greens: new vegetarian recipes from the celebrated greens restaurant cookbooks | cooking | food and drink,3
The Cake Bible,Rose Levy Beranbaum,4.23,11804.0,,,baking and desserts | cookbooks | cooking | food and drink,eng,https://i.gr-assets.com/images/S/compressed.photo.goodreads.com/books/1348092602i/153136._SX50_.jpg,https://www.goodreads.com/book/show/153136.The_Cake_Bible,Goodreads web scraping,baking and desserts,149.0,Baking and Pastry,cookbooks | cooking | food and drink,the cake bible cookbooks | cooking | food and drink,3
"The Crockin' Girls Slow Cookin' Companion: Yummy Recipes from Family, Friends, and Our Crockin' Community",Nicole; Marwitz Sparks,4.03,205.0,,,general cooking | cookbooks | cooking | food and drink,eng,https://i.gr-assets.com/images/S/compressed.photo.goodreads.com/books/1340740930i/13829519._SX50_.jpg,https://www.goodreads.com/book/show/13829519-the-crockin-girls-slow-cookin-companion,Goodreads web scraping,general cooking,150.0,General Cooking & Food,cookbooks | cooking | food and drink,"the crockin' girls slow cookin' companion: yummy recipes from family, friends, and our crockin' community cookbooks | cooking | food and drink",3
"Slow Cooker Recipes Cookbook: Easy, Healthy and Delicious Recipes",Clark Weber,4.18,136.0,,,nutrition and healthy eating | cookbooks | cooking | food and drink,eng,https://i.gr-assets.com/images/S/compressed.photo.goodreads.com/books/1485173894i/33971712._SY75_.jpg,https://www.goodreads.com/book/show/33971712-slow-cooker-recipes-cookbook,Goodreads web scraping,nutrition and healthy eating,150.0,Nutrition,cookbooks | cooking | food and drink,"slow cooker recipes cookbook: easy, healthy and delicious recipes cookbooks | cooking | food and drink",3
"The NYC Kitchen Cookbook: 150 Recipes Inspired by the Specialty Food Shops, Spice Stores, and Markets of New York City",Tracey Ceurvels,4.05,22.0,,,general cooking | cookbooks | cooking | food and drink,eng,https://i.gr-assets.com/images/S/compressed.photo.goodreads.com/books/1476987104i/31213263._SX50_.jpg,https://www.goodreads.com/book/show/31213263-the-nyc-kitchen-cookbook,Goodreads web scraping,general cooking,150.0,General Cooking & Food,cookbooks | cooking | food and drink,"the nyc kitchen cookbook: 150 recipes inspired by the specialty food shops, spice stores, and markets of new york city cookbooks | cooking | food and drink",3
The New York Times Cook Book,Craig Claiborne,4.07,4560.0,,,general cooking | cookbooks | cooking | food and drink,eng,https://i.gr-assets.com/images/S/compressed.photo.goodreads.com/books/1347246529i/29872._SX50_.jpg,https://www.goodreads.com/book/show/29872.The_New_York_Times_Cook_Book,Goodreads web scraping,general cooking,153.0,General Cooking & Food,cookbooks | cooking | food and drink,the new york times cook book cookbooks | cooking | food and drink,3
Looneyspoons,Janet Podleski,4.38,817.0,,,general cooking | cookbooks | cooking | food and drink,eng,https://i.gr-assets.com/images/S/compressed.photo.goodreads.com/books/1180267250i/1017048._SX50_.jpg,https://www.goodreads.com/book/show/1017048.Looneyspoons,Goodreads web scraping,general cooking,154.0,General Cooking & Food,cookbooks | cooking | food and drink,looneyspoons cookbooks | cooking | food and drink,3
Miss Dahl's Voluptuous Delights,Sophie Dahl,3.87,1732.0,,,general cooking | cookbooks | cooking | food and drink,eng,https://i.gr-assets.com/images/S/compressed.photo.goodreads.com/books/1347490026i/3093075._SX50_.jpg,https://www.goodreads.com/book/show/3093075-miss-dahl-s-voluptuous-delights,Goodreads web scraping,general cooking,154.0,General Cooking & Food,cookbooks | cooking | food and drink,miss dahl's voluptuous delights cookbooks | cooking | food and drink,3
Appetite for Reduction: 125 Fast and Filling Low-Fat Vegan Recipes,Isa Chandra Moskowitz,3.93,7752.0,,,vegetarian and plant based | cookbooks | cooking | food and drink,eng,https://i.gr-assets.com/images/S/compressed.photo.goodreads.com/books/1279843270i/8070469._SX50_.jpg,https://www.goodreads.com/book/show/8070469-appetite-for-reduction,Goodreads web scraping,vegetarian and plant based,156.0,General Cooking & Food,cookbooks | cooking | food and drink,appetite for reduction: 125 fast and filling low-fat vegan recipes cookbooks | cooking | food and drink,3
The Foods and Wines of Spain: A Cookbook,Penelope Casas,4.32,189.0,,,beverages | cookbooks | cooking | food and drink,eng,https://i.gr-assets.com/images/S/compressed.photo.goodreads.com/books/1320445433i/120144._SY75_.jpg,https://www.goodreads.com/book/show/120144.The_Foods_and_Wines_of_Spain,Goodreads web scraping,beverages,157.0,General Cooking & Food,cookbooks | cooking | food and drink,the foods and wines of spain: a cookbook cookbooks | cooking | food and drink,3
The Garden of Vegan: How It All Vegan Again!,Tanya Barnard,3.82,2561.0,,,vegetarian and plant based | cookbooks | cooking | food and drink,eng,https://i.gr-assets.com/images/S/compressed.photo.goodreads.com/books/1384949660i/48314._SX50_.jpg,https://www.goodreads.com/book/show/48314.The_Garden_of_Vegan,Goodreads web scraping,vegetarian and plant based,158.0,General Cooking & Food,cookbooks | cooking | food and drink,the garden of vegan: how it all vegan again! cookbooks | cooking | food and drink,3
Natural Harvest - A Collection of Semen-Based Recipes,"Paul ""Fotie"" Photenhauer",3.97,137.0,,,general cooking | cookbooks | cooking | food and drink,eng,https://i.gr-assets.com/images/S/compressed.photo.goodreads.com/books/1227264355i/5830947._SX50_.jpg,https://www.goodreads.com/book/show/5830947-natural-harvest---a-collection-of-semen-based-recipes,Goodreads web scraping,general cooking,159.0,General Cooking & Food,cookbooks | cooking | food and drink,natural harvest - a collection of semen-based recipes cookbooks | cooking | food and drink,3
The Lady & Sons Just Desserts: More Than 120 Sweet Temptations from Savannah's Favorite Restaurant,Paula H. Deen,4.15,2839.0,,,baking and desserts | cookbooks | cooking | food and drink,eng,https://i.gr-assets.com/images/S/compressed.photo.goodreads.com/books/1441587675i/67656._SX50_.jpg,https://www.goodreads.com/book/show/67656.The_Lady_Sons_Just_Desserts,Goodreads web scraping,baking and desserts,160.0,Baking and Pastry,cookbooks | cooking | food and drink,the lady & sons just desserts: more than 120 sweet temptations from savannah's favorite restaurant cookbooks | cooking | food and drink,3
Perfect Recipes for Having People Over,Pam Anderson,4.05,263.0,,,general cooking | cookbooks | cooking | food and drink,eng,https://i.gr-assets.com/images/S/compressed.photo.goodreads.com/books/1349062010i/157704._SX50_.jpg,https://www.goodreads.com/book/show/157704.Perfect_Recipes_for_Having_People_Over,Goodreads web scraping,general cooking,161.0,General Cooking & Food,cookbooks | cooking | food and drink,perfect recipes for having people over cookbooks | cooking | food and drink,3
Apples for Jam: A Colorful Cookbook,Tessa Kiros,4.02,1476.0,,,general cooking | cookbooks | cooking | food and drink,eng,https://i.gr-assets.com/images/S/compressed.photo.goodreads.com/books/1349061290i/1695464._SX50_.jpg,https://www.goodreads.com/book/show/1695464.Apples_for_Jam,Goodreads web scraping,general cooking,161.0,General Cooking & Food,cookbooks | cooking | food and drink,apples for jam: a colorful cookbook cookbooks | cooking | food and drink,3
Falling Cloudberries: A World of Family Recipes,Tessa Kiros,3.97,2512.0,,,general cooking | cookbooks | cooking | food and drink,eng,https://i.gr-assets.com/images/S/compressed.photo.goodreads.com/books/1387729321i/1664368._SX50_.jpg,https://www.goodreads.com/book/show/1664368.Falling_Cloudberries,Goodreads web scraping,general cooking,163.0,General Cooking & Food,cookbooks | cooking | food and drink,falling cloudberries: a world of family recipes cookbooks | cooking | food and drink,3
Mastering the Art of French Cooking: Vol. 1,Julia Child,4.39,1832.0,,,world cuisines | cookbooks | cooking | food and drink,eng,https://i.gr-assets.com/images/S/compressed.photo.goodreads.com/books/1388190529i/1232967._SX50_.jpg,https://www.goodreads.com/book/show/1232967.Mastering_the_Art_of_French_Cooking,Goodreads web scraping,world cuisines,163.0,General Cooking & Food,cookbooks | cooking | food and drink,mastering the art of french cooking: vol. 1 cookbooks | cooking | food and drink,3
Baking: From My Home to Yours,Dorie Greenspan,4.22,18208.0,,,baking and desserts | cookbooks | cooking | food and drink,eng,https://i.gr-assets.com/images/S/compressed.photo.goodreads.com/books/1439765067i/184644._SX50_.jpg,https://www.goodreads.com/book/show/184644.Baking,Goodreads web scraping,baking and desserts,165.0,Baking and Pastry,cookbooks | cooking | food and drink,baking: from my home to yours cookbooks | cooking | food and drink,3
The Tassajara Bread Book,Edward Espe Brown,4.06,4690.0,,,baking and desserts | cookbooks | cooking | food and drink,eng,https://i.gr-assets.com/images/S/compressed.photo.goodreads.com/books/1266543030i/396759._SY75_.jpg,https://www.goodreads.com/book/show/396759.The_Tassajara_Bread_Book,Goodreads web scraping,baking and desserts,166.0,Baking and Pastry,cookbooks | cooking | food and drink,the tassajara bread book cookbooks | cooking | food and drink,3
Every Day's a Party: Louisiana Recipes For Celebrating With Family And Friends,Emeril Lagasse,3.79,133.0,,,general cooking | cookbooks | cooking | food and drink,eng,https://i.gr-assets.com/images/S/compressed.photo.goodreads.com/books/1348160722i/735974._SX50_.jpg,https://www.goodreads.com/book/show/735974.Every_Day_s_a_Party,Goodreads web scraping,general cooking,167.0,General Cooking & Food,cookbooks | cooking | food and drink,every day's a party: louisiana recipes for celebrating with family and friends cookbooks | cooking | food and drink,3
Rose's Heavenly Cakes,Rose Levy Beranbaum,4.28,3579.0,,,baking and desserts | cookbooks | cooking | food and drink,eng,https://i.gr-assets.com/images/S/compressed.photo.goodreads.com/books/1360056543i/6080839._SX50_.jpg,https://www.goodreads.com/book/show/6080839-rose-s-heavenly-cakes,Goodreads web scraping,baking and desserts,167.0,Baking and Pastry,cookbooks | cooking | food and drink,rose's heavenly cakes cookbooks | cooking | food and drink,3
"Cook's Illustrated Cookbook: 2,000 Recipes from 20 Years of America's Most Trusted Cooking Magazine",Cook's Illustrated,4.51,2445.0,,,general cooking | cookbooks | cooking | food and drink,eng,https://i.gr-assets.com/images/S/compressed.photo.goodreads.com/books/1327941699i/12470265._SX50_.jpg,https://www.goodreads.com/book/show/12470265-cook-s-illustrated-cookbook,Goodreads web scraping,general cooking,169.0,General Cooking & Food,cookbooks | cooking | food and drink,"cook's illustrated cookbook: 2,000 recipes from 20 years of america's most trusted cooking magazine cookbooks | cooking | food and drink",3
Tyler's Ultimate: Brilliant Simple Food to Make Any Time,Tyler Florence,4.09,3748.0,,,quick and practical cooking | cookbooks | cooking | food and drink,eng,https://i.gr-assets.com/images/S/compressed.photo.goodreads.com/books/1388245752i/1196._SX50_.jpg,https://www.goodreads.com/book/show/1196.Tyler_s_Ultimate,Goodreads web scraping,quick and practical cooking,170.0,General Cooking & Food,cookbooks | cooking | food and drink,tyler's ultimate: brilliant simple food to make any time cookbooks | cooking | food and drink,3
Authentic Mexican: Regional Cooking from the Heart of Mexico,Rick Bayless,4.2,1849.0,,,world cuisines | cookbooks | cooking | food and drink,eng,https://i.gr-assets.com/images/S/compressed.photo.goodreads.com/books/1387742623i/772683._SX50_.jpg,https://www.goodreads.com/book/show/772683.Authentic_Mexican,Goodreads web scraping,world cuisines,170.0,General Cooking & Food,cookbooks | cooking | food and drink,authentic mexican: regional cooking from the heart of mexico cookbooks | cooking | food and drink,3
"Spain, The Cookbook",Simone Ortega,3.98,852.0,,,general cooking | cookbooks | cooking | food and drink,eng,https://i.gr-assets.com/images/S/compressed.photo.goodreads.com/books/1348831238i/1895317._SX50_.jpg,https://www.goodreads.com/book/show/1895317.Spain_The_Cookbook,Goodreads web scraping,general cooking,172.0,General Cooking & Food,cookbooks | cooking | food and drink,"spain, the cookbook cookbooks | cooking | food and drink",3
Delia Smith's Christmas: 130 Recipes for Christmas,Delia Smith,4.32,510.0,,,general cooking | cookbooks | cooking | food and drink,eng,https://i.gr-assets.com/images/S/compressed.photo.goodreads.com/books/1387716409i/1761009._SX50_.jpg,https://www.goodreads.com/book/show/1761009.Delia_Smith_s_Christmas,Goodreads web scraping,general cooking,173.0,General Cooking & Food,cookbooks | cooking | food and drink,delia smith's christmas: 130 recipes for christmas cookbooks | cooking | food and drink,3
Martha Stewart's Baking Handbook,Martha Stewart,4.09,8793.0,,,baking and desserts | cookbooks | cooking | food and drink,eng,https://i.gr-assets.com/images/S/compressed.photo.goodreads.com/books/1320431664i/135875._SX50_.jpg,https://www.goodreads.com/book/show/135875.Martha_Stewart_s_Baking_Handbook,Goodreads web scraping,baking and desserts,173.0,Baking and Pastry,cookbooks | cooking | food and drink,martha stewart's baking handbook cookbooks | cooking | food and drink,3
Talk About Good Cookbook,Junior league of Lafayette,4.43,167.0,,,general cooking | cookbooks | cooking | food and drink,eng,https://i.gr-assets.com/images/S/compressed.photo.goodreads.com/books/1347658821i/268113._SX50_.jpg,https://www.goodreads.com/book/show/268113.Talk_About_Good_Cookbook,Goodreads web scraping,general cooking,175.0,General Cooking & Food,cookbooks | cooking | food and drink,talk about good cookbook cookbooks | cooking | food and drink,3
The Best 30-minute Recipe: A Best Recipe Classic,Cook's Illustrated,4.13,1455.0,,,quick and practical cooking | cookbooks | cooking | food and drink,eng,https://i.gr-assets.com/images/S/compressed.photo.goodreads.com/books/1348277340i/32156._SX50_.jpg,https://www.goodreads.com/book/show/32156.The_Best_30_minute_Recipe,Goodreads web scraping,quick and practical cooking,176.0,General Cooking & Food,cookbooks | cooking | food and drink,the best 30-minute recipe: a best recipe classic cookbooks | cooking | food and drink,3
The Encyclopedia of Cajun & Creole Cuisine,John D. Folse,4.71,238.0,,,general cooking | cookbooks | cooking | food and drink,eng,https://i.gr-assets.com/images/S/compressed.photo.goodreads.com/books/1387711006i/547717._SX50_.jpg,https://www.goodreads.com/book/show/547717.The_Encyclopedia_of_Cajun_Creole_Cuisine,Goodreads web scraping,general cooking,177.0,General Cooking & Food,cookbooks | cooking | food and drink,the encyclopedia of cajun & creole cuisine cookbooks | cooking | food and drink,3
Momofuku,David Chang,3.93,14650.0,,,general cooking | cookbooks | cooking | food and drink,eng,https://i.gr-assets.com/images/S/compressed.photo.goodreads.com/books/1320474068i/6487388._SX50_.jpg,https://www.goodreads.com/book/show/6487388-momofuku,Goodreads web scraping,general cooking,178.0,General Cooking & Food,cookbooks | cooking | food and drink,momofuku cookbooks | cooking | food and drink,3
Heston Blumenthal: In Search of Perfection: Reinventing Kitchen Classics,Heston Blumenthal,4.16,302.0,,,general cooking | cookbooks | cooking | food and drink,eng,https://i.gr-assets.com/images/S/compressed.photo.goodreads.com/books/1388328768i/384281._SX50_.jpg,https://www.goodreads.com/book/show/384281.Heston_Blumenthal,Goodreads web scraping,general cooking,179.0,General Cooking & Food,cookbooks | cooking | food and drink,heston blumenthal: in search of perfection: reinventing kitchen classics cookbooks | cooking | food and drink,3
Bobby Flay's Bold American Food,Bobby Flay,4.15,101.0,,,general cooking | cookbooks | cooking | food and drink,eng,https://i.gr-assets.com/images/S/compressed.photo.goodreads.com/books/1344267660i/405534._SX50_.jpg,https://www.goodreads.com/book/show/405534.Bobby_Flay_s_Bold_American_Food,Goodreads web scraping,general cooking,180.0,General Cooking & Food,cookbooks | cooking | food and drink,bobby flay's bold american food cookbooks | cooking | food and drink,3
Square Meals: America's Favorite Comfort Cookbook,Jane Stern,4.3,135.0,,,general cooking | cookbooks | cooking | food and drink,eng,https://i.gr-assets.com/images/S/compressed.photo.goodreads.com/books/1387741029i/1531778._SY75_.jpg,https://www.goodreads.com/book/show/1531778.Square_Meals,Goodreads web scraping,general cooking,181.0,General Cooking & Food,cookbooks | cooking | food and drink,square meals: america's favorite comfort cookbook cookbooks | cooking | food and drink,3
The Big Fat Duck Cookbook [Import Edition],Heston Blumenthal,4.56,136.0,,,general cooking | cookbooks | cooking | food and drink,eng,https://i.gr-assets.com/images/S/compressed.photo.goodreads.com/books/1348040962i/3158083._SX50_.jpg,https://www.goodreads.com/book/show/3158083-the-big-fat-duck-cookbook-import-edition,Goodreads web scraping,general cooking,182.0,General Cooking & Food,cookbooks | cooking | food and drink,the big fat duck cookbook [import edition] cookbooks | cooking | food and drink,3
Frank Stitt's Southern Table,Frank Stitt,4.28,293.0,,,general cooking | cookbooks | cooking | food and drink,eng,https://i.gr-assets.com/images/S/compressed.photo.goodreads.com/books/1404582066i/70773._SX50_.jpg,https://www.goodreads.com/book/show/70773.Frank_Stitt_s_Southern_Table,Goodreads web scraping,general cooking,183.0,General Cooking & Food,cookbooks | cooking | food and drink,frank stitt's southern table cookbooks | cooking | food and drink,3
Chez Panisse Vegetables,Alice Waters,4.08,3113.0,,,vegetarian and plant based | cookbooks | cooking | food and drink,eng,https://i.gr-assets.com/images/S/compressed.photo.goodreads.com/books/1407106339i/152706._SX50_.jpg,https://www.goodreads.com/book/show/152706.Chez_Panisse_Vegetables,Goodreads web scraping,vegetarian and plant based,184.0,General Cooking & Food,cookbooks | cooking | food and drink,chez panisse vegetables cookbooks | cooking | food and drink,3
Recipes for a Small Planet,Ellen Buchman Ewald,3.89,1301.0,,,general cooking | cookbooks | cooking | food and drink,eng,https://i.gr-assets.com/images/S/compressed.photo.goodreads.com/books/1388624563i/77010._SY75_.jpg,https://www.goodreads.com/book/show/77010.Recipes_for_a_Small_Planet,Goodreads web scraping,general cooking,185.0,General Cooking & Food,cookbooks | cooking | food and drink,recipes for a small planet cookbooks | cooking | food and drink,3
Hot Sour Salty Sweet: A Culinary Journey Through Southeast Asia,Jeffrey Alford,4.15,1877.0,,,food science and technique | cookbooks | cooking | food and drink,eng,https://i.gr-assets.com/images/S/compressed.photo.goodreads.com/books/1371438058i/97658._SX50_.jpg,https://www.goodreads.com/book/show/97658.Hot_Sour_Salty_Sweet,Goodreads web scraping,food science and technique,186.0,General Cooking & Food,cookbooks | cooking | food and drink,hot sour salty sweet: a culinary journey through southeast asia cookbooks | cooking | food and drink,3
More Best Recipes,Cook's Illustrated,4.39,72.0,,,general cooking | cookbooks | cooking | food and drink,eng,https://i.gr-assets.com/images/S/compressed.photo.goodreads.com/books/1348352042i/6796465._SX50_.jpg,https://www.goodreads.com/book/show/6796465-more-best-recipes,Goodreads web scraping,general cooking,187.0,General Cooking & Food,cookbooks | cooking | food and drink,more best recipes cookbooks | cooking | food and drink,3
"The Cooking of the Eastern Mediterranean: 215 Healthy, Vibrant, and Inspired Recipes",Paula Wolfert,4.15,328.0,,,nutrition and healthy eating | cookbooks | cooking | food and drink,eng,https://i.gr-assets.com/images/S/compressed.photo.goodreads.com/books/1348547027i/509304._SX50_.jpg,https://www.goodreads.com/book/show/509304.The_Cooking_of_the_Eastern_Mediterranean,Goodreads web scraping,nutrition and healthy eating,188.0,Nutrition,cookbooks | cooking | food and drink,"the cooking of the eastern mediterranean: 215 healthy, vibrant, and inspired recipes cookbooks | cooking | food and drink",3
Horn of the Moon Cookbook,Ginny Callan,4.1,301.0,,,general cooking | cookbooks | cooking | food and drink,eng,https://i.gr-assets.com/images/S/compressed.photo.goodreads.com/books/1180633779i/1059678._SX50_.jpg,https://www.goodreads.com/book/show/1059678.Horn_of_the_Moon_Cookbook,Goodreads web scraping,general cooking,189.0,General Cooking & Food,cookbooks | cooking | food and drink,horn of the moon cookbook cookbooks | cooking | food and drink,3
The Naked Chef Takes Off,Jamie Oliver,4.02,3995.0,,,food science and technique | cookbooks | cooking | food and drink,eng,https://i.gr-assets.com/images/S/compressed.photo.goodreads.com/books/1390621871i/155476._SX50_.jpg,https://www.goodreads.com/book/show/155476.The_Naked_Chef_Takes_Off,Goodreads web scraping,food science and technique,190.0,General Cooking & Food,cookbooks | cooking | food and drink,the naked chef takes off cookbooks | cooking | food and drink,3
Martha Stewart's Cookies: The Very Best Treats to Bake and to Share,Martha Stewart,4.1,20100.0,,,baking and desserts | cookbooks | cooking | food and drink,eng,https://i.gr-assets.com/images/S/compressed.photo.goodreads.com/books/1320457250i/2176873._SX50_.jpg,https://www.goodreads.com/book/show/2176873.Martha_Stewart_s_Cookies,Goodreads web scraping,baking and desserts,191.0,Baking and Pastry,cookbooks | cooking | food and drink,martha stewart's cookies: the very best treats to bake and to share cookbooks | cooking | food and drink,3
Keeping Up Cookbook,Grace Ivory Rock,4.8,25.0,,,general cooking | cookbooks | cooking | food and drink,eng,https://i.gr-assets.com/images/S/compressed.photo.goodreads.com/books/1279651473i/8607287._SX50_.jpg,https://www.goodreads.com/book/show/8607287-keeping-up-cookbook,Goodreads web scraping,general cooking,192.0,General Cooking & Food,cookbooks | cooking | food and drink,keeping up cookbook cookbooks | cooking | food and drink,3
"The Farmer's Cookbook: A Back to Basics Guide to Making Cheese, Curing Meat, Preserving Produce, Baking Bread, Fermenting, and More (Handbook Series)",Marie W. Lawrence,3.9,50.0,,,baking and desserts | cookbooks | cooking | food and drink,eng,https://i.gr-assets.com/images/S/compressed.photo.goodreads.com/books/1390433814i/11358607._SX50_.jpg,https://www.goodreads.com/book/show/11358607-the-farmer-s-cookbook,Goodreads web scraping,baking and desserts,192.0,Baking and Pastry,cookbooks | cooking | food and drink,"the farmer's cookbook: a back to basics guide to making cheese, curing meat, preserving produce, baking bread, fermenting, and more (handbook series) cookbooks | cooking | food and drink",3
"The Kind Diet: A Simple Guide to Feeling Great, Losing Weight, and Saving the Planet",Alicia Silverstone,3.83,9859.0,,,nutrition and healthy eating | cookbooks | cooking | food and drink,eng,https://i.gr-assets.com/images/S/compressed.photo.goodreads.com/books/1442928153i/6780824._SX50_.jpg,https://www.goodreads.com/book/show/6780824-the-kind-diet,Goodreads web scraping,nutrition and healthy eating,194.0,Nutrition,cookbooks | cooking | food and drink,"the kind diet: a simple guide to feeling great, losing weight, and saving the planet cookbooks | cooking | food and drink",3
Fairytale Food Safari,Angela  Stafford,5.0,10.0,,,general cooking | cookbooks | cooking | food and drink,eng,https://i.gr-assets.com/images/S/compressed.photo.goodreads.com/books/1373665853i/18189137._SX50_.jpg,https://www.goodreads.com/book/show/18189137-fairytale-food-safari,Goodreads web scraping,general cooking,194.0,General Cooking & Food,cookbooks | cooking | food and drink,fairytale food safari cookbooks | cooking | food and drink,3
Weber's Big Book of Grilling,Jamie Purviance,4.3,533.0,,,general cooking | cookbooks | cooking | food and drink,eng,https://i.gr-assets.com/images/S/compressed.photo.goodreads.com/books/1442957313i/320433._SX50_.jpg,https://www.goodreads.com/book/show/320433.Weber_s_Big_Book_of_Grilling,Goodreads web scraping,general cooking,196.0,General Cooking & Food,cookbooks | cooking | food and drink,weber's big book of grilling cookbooks | cooking | food and drink,3
50 Great Curries of India,Camellia Panjabi,4.2,386.0,,,general cooking | cookbooks | cooking | food and drink,eng,https://i.gr-assets.com/images/S/compressed.photo.goodreads.com/books/1386922327i/31573._SX50_.jpg,https://www.goodreads.com/book/show/31573.50_Great_Curries_of_India,Goodreads web scraping,general cooking,197.0,General Cooking & Food,cookbooks | cooking | food and drink,50 great curries of india cookbooks | cooking | food and drink,3
Summer Cooking (New York Review Books Classics),Elizabeth David,4.15,226.0,,,general cooking | cookbooks | cooking | food and drink,eng,https://i.gr-assets.com/images/S/compressed.photo.goodreads.com/books/1320522135i/726146._SY75_.jpg,https://www.goodreads.com/book/show/726146.Summer_Cooking,Goodreads web scraping,general cooking,198.0,General Cooking & Food,cookbooks | cooking | food and drink,summer cooking (new york review books classics) cookbooks | cooking | food and drink,3
Joy the Baker Cookbook: 100 Simple and Comforting Recipes,Joy  Wilson,4.1,3596.0,,,baking and desserts | cookbooks | cooking | food and drink,eng,https://i.gr-assets.com/images/S/compressed.photo.goodreads.com/books/1321981185i/12986251._SX50_.jpg,https://www.goodreads.com/book/show/12986251-joy-the-baker-cookbook,Goodreads web scraping,baking and desserts,198.0,Baking and Pastry,cookbooks | cooking | food and drink,joy the baker cookbook: 100 simple and comforting recipes cookbooks | cooking | food and drink,3
Every Day,Bill  Granger,4.05,154.0,,,general cooking | cookbooks | cooking | food and drink,eng,https://i.gr-assets.com/images/S/compressed.photo.goodreads.com/books/1348888970i/872710._SX50_.jpg,https://www.goodreads.com/book/show/872710.Every_Day,Goodreads web scraping,general cooking,200.0,General Cooking & Food,cookbooks | cooking | food and drink,every day cookbooks | cooking | food and drink,3
In the Sweet Kitchen: The Definitive Baker's Companion,Regan Daley,4.19,290.0,,,baking and desserts | cookbooks | cooking | food and drink,eng,https://i.gr-assets.com/images/S/compressed.photo.goodreads.com/books/1387653097i/397767._SX50_.jpg,https://www.goodreads.com/book/show/397767.In_the_Sweet_Kitchen,Goodreads web scraping,baking and desserts,200.0,Baking and Pastry,cookbooks | cooking | food and drink,in the sweet kitchen: the definitive baker's companion cookbooks | cooking | food and drink,3
On Cooking: A Textbook of Culinary Fundamentals,Sarah R. Labensky,4.39,732.0,,,food science and technique | cookbooks | cooking | food and drink,eng,https://i.gr-assets.com/images/S/compressed.photo.goodreads.com/books/1387701072i/155963._SX50_.jpg,https://www.goodreads.com/book/show/155963.On_Cooking,Goodreads web scraping,food science and technique,202.0,General Cooking & Food,cookbooks | cooking | food and drink,on cooking: a textbook of culinary fundamentals cookbooks | cooking | food and drink,3
Lidia's Family Table,Lidia Matticchio Bastianich,4.25,574.0,,,general cooking | cookbooks | cooking | food and drink,eng,https://i.gr-assets.com/images/S/compressed.photo.goodreads.com/books/1388178431i/22966._SX50_.jpg,https://www.goodreads.com/book/show/22966.Lidia_s_Family_Table,Goodreads web scraping,general cooking,202.0,General Cooking & Food,cookbooks | cooking | food and drink,lidia's family table cookbooks | cooking | food and drink,3
From Amish and Mennonite Kitchens,Phyllis Pellman Good,4.14,66.0,,,general cooking | cookbooks | cooking | food and drink,eng,https://i.gr-assets.com/images/S/compressed.photo.goodreads.com/books/1369085913i/943039._SX50_.jpg,https://www.goodreads.com/book/show/943039.From_Amish_and_Mennonite_Kitchens,Goodreads web scraping,general cooking,204.0,General Cooking & Food,cookbooks | cooking | food and drink,from amish and mennonite kitchens cookbooks | cooking | food and drink,3
Desserts to Die for,Marcel Desaulniers,4.1,60.0,,,baking and desserts | cookbooks | cooking | food and drink,eng,https://i.gr-assets.com/images/S/compressed.photo.goodreads.com/books/1387736829i/904308._SX50_.jpg,https://www.goodreads.com/book/show/904308.Desserts_to_Die_for,Goodreads web scraping,baking and desserts,204.0,Baking and Pastry,cookbooks | cooking | food and drink,desserts to die for cookbooks | cooking | food and drink,3
The Complete book of baking / Pillsbury,Editor,4.61,101.0,,,baking and desserts | cookbooks | cooking | food and drink,eng,https://i.gr-assets.com/images/S/compressed.photo.goodreads.com/books/1267005389i/3871160._SX50_.jpg,https://www.goodreads.com/book/show/3871160-the-complete-book-of-baking-pillsbury,Goodreads web scraping,baking and desserts,204.0,Baking and Pastry,cookbooks | cooking | food and drink,the complete book of baking / pillsbury cookbooks | cooking | food and drink,3
The Science of Good Cooking: Master 50 Simple Concepts to Enjoy a Lifetime of Success in the Kitchen,Cook's Illustrated,4.44,3186.0,,,food science and technique | cookbooks | cooking | food and drink,eng,https://i.gr-assets.com/images/S/compressed.photo.goodreads.com/books/1350473300i/14636971._SX50_.jpg,https://www.goodreads.com/book/show/14636971-the-science-of-good-cooking,Goodreads web scraping,food science and technique,204.0,General Cooking & Food,cookbooks | cooking | food and drink,the science of good cooking: master 50 simple concepts to enjoy a lifetime of success in the kitchen cookbooks | cooking | food and drink,3
"Cucina Fresca: Italian Food, Simply Prepared – Vivid American Culinary Style Meets Fresh, Earthy Italian Traditions",Viana La Place,4.3,47.0,,,world cuisines | cookbooks | cooking | food and drink,eng,https://i.gr-assets.com/images/S/compressed.photo.goodreads.com/books/1157833082i/1185._SX50_.jpg,https://www.goodreads.com/book/show/1185.Cucina_Fresca,Goodreads web scraping,world cuisines,208.0,General Cooking & Food,cookbooks | cooking | food and drink,"cucina fresca: italian food, simply prepared – vivid american culinary style meets fresh, earthy italian traditions cookbooks | cooking | food and drink",3
"Rachael Ray 2, 4, 6, 8: Great Meals for Couples or Crowds",Rachael Ray,3.83,1552.0,,,general cooking | cookbooks | cooking | food and drink,eng,https://i.gr-assets.com/images/S/compressed.photo.goodreads.com/books/1388254408i/71802._SX50_.jpg,https://www.goodreads.com/book/show/71802.Rachael_Ray_2_4_6_8,Goodreads web scraping,general cooking,208.0,General Cooking & Food,cookbooks | cooking | food and drink,"rachael ray 2, 4, 6, 8: great meals for couples or crowds cookbooks | cooking | food and drink",3
"Linda McCartney's Home Cooking: Quick, Easy, and Economical Vegetarian Dishes for Today",Linda McCartney,3.97,114.0,,,vegetarian and plant based | cookbooks | cooking | food and drink,eng,https://i.gr-assets.com/images/S/compressed.photo.goodreads.com/books/1347583762i/1019108._SX50_.jpg,https://www.goodreads.com/book/show/1019108.Linda_McCartney_s_Home_Cooking,Goodreads web scraping,vegetarian and plant based,208.0,General Cooking & Food,cookbooks | cooking | food and drink,"linda mccartney's home cooking: quick, easy, and economical vegetarian dishes for today cookbooks | cooking | food and drink",3
"The All New Ultimate Southern Living Cookbook: Over 1,250 of Our Best Recipes",Southern Living Inc.,4.45,458.0,,,general cooking | cookbooks | cooking | food and drink,eng,https://i.gr-assets.com/images/S/compressed.photo.goodreads.com/books/1312047588i/104312._SX50_.jpg,https://www.goodreads.com/book/show/104312.The_All_New_Ultimate_Southern_Living_Cookbook,Goodreads web scraping,general cooking,211.0,General Cooking & Food,cookbooks | cooking | food and drink,"the all new ultimate southern living cookbook: over 1,250 of our best recipes cookbooks | cooking | food and drink",3
Real Fast Food,Nigel Slater,4.15,1413.0,,,general cooking | cookbooks | cooking | food and drink,eng,https://i.gr-assets.com/images/S/compressed.photo.goodreads.com/books/1391231222i/71956._SY75_.jpg,https://www.goodreads.com/book/show/71956.Real_Fast_Food,Goodreads web scraping,general cooking,211.0,General Cooking & Food,cookbooks | cooking | food and drink,real fast food cookbooks | cooking | food and drink,3
Relaxed Cooking with Curtis Stone: Recipes to Put You in My Favorite Mood,Curtis Stone,3.86,187.0,,,general cooking | cookbooks | cooking | food and drink,eng,https://i.gr-assets.com/images/S/compressed.photo.goodreads.com/books/1431486009i/6314635._SX50_.jpg,https://www.goodreads.com/book/show/6314635-relaxed-cooking-with-curtis-stone,Goodreads web scraping,general cooking,213.0,General Cooking & Food,cookbooks | cooking | food and drink,relaxed cooking with curtis stone: recipes to put you in my favorite mood cookbooks | cooking | food and drink,3
The Lee Bros. Southern Cookbook: Stories and Recipes for Southerners and Would-be Southerners,Matt Lee,4.04,806.0,,,general cooking | cookbooks | cooking | food and drink,eng,https://i.gr-assets.com/images/S/compressed.photo.goodreads.com/books/1434337495i/269987._SX50_.jpg,https://www.goodreads.com/book/show/269987.The_Lee_Bros_Southern_Cookbook,Goodreads web scraping,general cooking,214.0,General Cooking & Food,cookbooks | cooking | food and drink,the lee bros. southern cookbook: stories and recipes for southerners and would-be southerners cookbooks | cooking | food and drink,3
Jamie's Great Britain,Jamie Oliver,4.06,1321.0,,,general cooking | cookbooks | cooking | food and drink,eng,https://i.gr-assets.com/images/S/compressed.photo.goodreads.com/books/1328068271i/12282889._SX50_.jpg,https://www.goodreads.com/book/show/12282889-jamie-s-great-britain,Goodreads web scraping,general cooking,214.0,General Cooking & Food,cookbooks | cooking | food and drink,jamie's great britain cookbooks | cooking | food and drink,3
"Isa Does It: Amazingly Easy, Wildly Delicious Vegan Recipes for Every Day of the Week",Isa Chandra Moskowitz,4.35,4670.0,,,vegetarian and plant based | cookbooks | cooking | food and drink,eng,https://i.gr-assets.com/images/S/compressed.photo.goodreads.com/books/1372680806i/17333291._SX50_.jpg,https://www.goodreads.com/book/show/17333291-isa-does-it,Goodreads web scraping,vegetarian and plant based,214.0,General Cooking & Food,cookbooks | cooking | food and drink,"isa does it: amazingly easy, wildly delicious vegan recipes for every day of the week cookbooks | cooking | food and drink",3
"Jamie's Food Revolution: Rediscover How to Cook Simple, Delicious, Affordable Meals",Jamie Oliver,4.14,8291.0,,,quick and practical cooking | cookbooks | cooking | food and drink,eng,https://i.gr-assets.com/images/S/compressed.photo.goodreads.com/books/1348024967i/6404708._SX50_.jpg,https://www.goodreads.com/book/show/6404708-jamie-s-food-revolution,Goodreads web scraping,quick and practical cooking,217.0,General Cooking & Food,cookbooks | cooking | food and drink,"jamie's food revolution: rediscover how to cook simple, delicious, affordable meals cookbooks | cooking | food and drink",3
Tender: Volume II: A Cook's Guide to the Fruit Garden,Nigel Slater,4.37,690.0,,,general cooking | cookbooks | cooking | food and drink,eng,https://i.gr-assets.com/images/S/compressed.photo.goodreads.com/books/1348314197i/6965703._SX50_.jpg,https://www.goodreads.com/book/show/6965703-tender,Goodreads web scraping,general cooking,218.0,General Cooking & Food,cookbooks | cooking | food and drink,tender: volume ii: a cook's guide to the fruit garden cookbooks | cooking | food and drink,3
Plenty More: Vibrant Vegetable Cooking from London's Ottolenghi,Yotam Ottolenghi,3.91,12395.0,,,vegetarian and plant based | cookbooks | cooking | food and drink,eng,https://i.gr-assets.com/images/S/compressed.photo.goodreads.com/books/1411338166i/20691056._SX50_.jpg,https://www.goodreads.com/book/show/20691056-plenty-more,Goodreads web scraping,vegetarian and plant based,218.0,General Cooking & Food,cookbooks | cooking | food and drink,plenty more: vibrant vegetable cooking from london's ottolenghi cookbooks | cooking | food and drink,3
Love Soup: 160 All-New Vegetarian Recipes,Anna Thomas,4.04,819.0,,,vegetarian and plant based | cookbooks | cooking | food and drink,eng,https://i.gr-assets.com/images/S/compressed.photo.goodreads.com/books/1362961036i/6435496._SX50_.jpg,https://www.goodreads.com/book/show/6435496-love-soup,Goodreads web scraping,vegetarian and plant based,220.0,General Cooking & Food,cookbooks | cooking | food and drink,love soup: 160 all-new vegetarian recipes cookbooks | cooking | food and drink,3
Puerto Rican Cookery,Carmen Aboy Valldejuli,4.47,347.0,,,general cooking | cookbooks | cooking | food and drink,eng,https://i.gr-assets.com/images/S/compressed.photo.goodreads.com/books/1348113934i/714539._SX50_.jpg,https://www.goodreads.com/book/show/714539.Puerto_Rican_Cookery,Goodreads web scraping,general cooking,221.0,General Cooking & Food,cookbooks | cooking | food and drink,puerto rican cookery cookbooks | cooking | food and drink,3
Around My French Table: More than 300 Recipes from My Home to Yours,Dorie Greenspan,4.14,5799.0,,,world cuisines | cookbooks | cooking | food and drink,eng,https://i.gr-assets.com/images/S/compressed.photo.goodreads.com/books/1648811969i/7847439._SX50_.jpg,https://www.goodreads.com/book/show/7847439-around-my-french-table,Goodreads web scraping,world cuisines,222.0,General Cooking & Food,cookbooks | cooking | food and drink,around my french table: more than 300 recipes from my home to yours cookbooks | cooking | food and drink,3
The Vegetarian Epicure Book Two,Anna Thomas,4.06,589.0,,,vegetarian and plant based | cookbooks | cooking | food and drink,eng,https://i.gr-assets.com/images/S/compressed.photo.goodreads.com/books/1387707978i/396752._SX50_.jpg,https://www.goodreads.com/book/show/396752.The_Vegetarian_Epicure_Book_Two,Goodreads web scraping,vegetarian and plant based,223.0,General Cooking & Food,cookbooks | cooking | food and drink,the vegetarian epicure book two cookbooks | cooking | food and drink,3
Aphrodite: A Memoir of the Senses,Isabel Allende,3.63,7016.0,,,general cooking | cookbooks | cooking | food and drink,eng,https://i.gr-assets.com/images/S/compressed.photo.goodreads.com/books/1407709813i/16530._SY75_.jpg,https://www.goodreads.com/book/show/16530.Aphrodite,Goodreads web scraping,general cooking,224.0,General Cooking & Food,cookbooks | cooking | food and drink,aphrodite: a memoir of the senses cookbooks | cooking | food and drink,3
Lidia's Italian-American Kitchen: A Cookbook,Lidia Matticchio Bastianich,4.27,1261.0,,,world cuisines | cookbooks | cooking | food and drink,eng,https://i.gr-assets.com/images/S/compressed.photo.goodreads.com/books/1441254344i/19557._SX50_.jpg,https://www.goodreads.com/book/show/19557.Lidia_s_Italian_American_Kitchen,Goodreads web scraping,world cuisines,224.0,General Cooking & Food,cookbooks | cooking | food and drink,lidia's italian-american kitchen: a cookbook cookbooks | cooking | food and drink,3
Outlander Kitchen: The Official Outlander Companion Cookbook,Theresa Carle-Sanders,4.3,1914.0,,,general cooking | cookbooks | cooking | food and drink,eng,https://i.gr-assets.com/images/S/compressed.photo.goodreads.com/books/1498058925i/26832930._SX50_.jpg,https://www.goodreads.com/book/show/26832930-outlander-kitchen,Goodreads web scraping,general cooking,224.0,General Cooking & Food,cookbooks | cooking | food and drink,outlander kitchen: the official outlander companion cookbook cookbooks | cooking | food and drink,3
Lidia Cooks from the Heart of Italy: A Feast of 175 Regional Recipes,Lidia Matticchio Bastianich,4.21,490.0,,,general cooking | cookbooks | cooking | food and drink,eng,https://i.gr-assets.com/images/S/compressed.photo.goodreads.com/books/1279835280i/8620258._SX50_.jpg,https://www.goodreads.com/book/show/8620258-lidia-cooks-from-the-heart-of-italy,Goodreads web scraping,general cooking,227.0,General Cooking & Food,cookbooks | cooking | food and drink,lidia cooks from the heart of italy: a feast of 175 regional recipes cookbooks | cooking | food and drink,3
Jane Brody's Good Food Book: Living the High-Carbohydrate Way,Jane E. Brody,4.03,273.0,,,general cooking | cookbooks | cooking | food and drink,eng,https://i.gr-assets.com/images/S/compressed.photo.goodreads.com/books/1347633932i/6383134._SX50_.jpg,https://www.goodreads.com/book/show/6383134-jane-brody-s-good-food-book,Goodreads web scraping,general cooking,228.0,General Cooking & Food,cookbooks | cooking | food and drink,jane brody's good food book: living the high-carbohydrate way cookbooks | cooking | food and drink,3
Super Natural Every Day: Well-Loved Recipes from My Natural Foods Kitchen,Heidi Swanson,3.86,9811.0,,,general cooking | cookbooks | cooking | food and drink,eng,https://i.gr-assets.com/images/S/compressed.photo.goodreads.com/books/1347784316i/9326166._SX50_.jpg,https://www.goodreads.com/book/show/9326166-super-natural-every-day,Goodreads web scraping,general cooking,228.0,General Cooking & Food,cookbooks | cooking | food and drink,super natural every day: well-loved recipes from my natural foods kitchen cookbooks | cooking | food and drink,3
"The Foster's Market Cookbook: Favorite Recipes for Morning, Noon, and Night",Sara  Foster,4.25,244.0,,,general cooking | cookbooks | cooking | food and drink,eng,https://i.gr-assets.com/images/S/compressed.photo.goodreads.com/books/1388391407i/388503._SX50_.jpg,https://www.goodreads.com/book/show/388503.The_Foster_s_Market_Cookbook,Goodreads web scraping,general cooking,230.0,General Cooking & Food,cookbooks | cooking | food and drink,"the foster's market cookbook: favorite recipes for morning, noon, and night cookbooks | cooking | food and drink",3
"Wild Fermentation: The Flavor, Nutrition, and Craft of Live-Culture Foods",Sandor Ellix Katz,4.38,6065.0,,,nutrition and healthy eating | cookbooks | cooking | food and drink,eng,https://i.gr-assets.com/images/S/compressed.photo.goodreads.com/books/1415589337i/109800._SX50_.jpg,https://www.goodreads.com/book/show/109800.Wild_Fermentation,Goodreads web scraping,nutrition and healthy eating,231.0,Nutrition,cookbooks | cooking | food and drink,"wild fermentation: the flavor, nutrition, and craft of live-culture foods cookbooks | cooking | food and drink",3
Lidia's Italian Table: More Than 200 Recipes From The First Lady Of Italian Cooking,Lidia Matticchio Bastianich,4.21,145.0,,,world cuisines | cookbooks | cooking | food and drink,eng,https://i.gr-assets.com/images/S/compressed.photo.goodreads.com/books/1348111212i/864098._SX50_.jpg,https://www.goodreads.com/book/show/864098.Lidia_s_Italian_Table,Goodreads web scraping,world cuisines,232.0,General Cooking & Food,cookbooks | cooking | food and drink,lidia's italian table: more than 200 recipes from the first lady of italian cooking cookbooks | cooking | food and drink,3
The Best of Southern Living Cookbook: Over 500 of Our All-Time Favorite Recipes,Southern Living Inc.,4.32,53.0,,,general cooking | cookbooks | cooking | food and drink,eng,https://i.gr-assets.com/images/S/compressed.photo.goodreads.com/books/1312058868i/6102020._SX50_.jpg,https://www.goodreads.com/book/show/6102020-the-best-of-southern-living-cookbook,Goodreads web scraping,general cooking,232.0,General Cooking & Food,cookbooks | cooking | food and drink,the best of southern living cookbook: over 500 of our all-time favorite recipes cookbooks | cooking | food and drink,3
The Best Recipe: Soups & Stews,Cook's Illustrated,4.12,113.0,,,general cooking | cookbooks | cooking | food and drink,eng,https://i.gr-assets.com/images/S/compressed.photo.goodreads.com/books/1178031204i/750850._SX50_.jpg,https://www.goodreads.com/book/show/750850.The_Best_Recipe,Goodreads web scraping,general cooking,234.0,General Cooking & Food,cookbooks | cooking | food and drink,the best recipe: soups & stews cookbooks | cooking | food and drink,3
Nigella Kitchen: Recipes from the Heart of the Home,Nigella Lawson,4.17,5508.0,,,general cooking | cookbooks | cooking | food and drink,eng,https://i.gr-assets.com/images/S/compressed.photo.goodreads.com/books/1395175099i/8433784._SX50_.jpg,https://www.goodreads.com/book/show/8433784-nigella-kitchen,Goodreads web scraping,general cooking,235.0,General Cooking & Food,cookbooks | cooking | food and drink,nigella kitchen: recipes from the heart of the home cookbooks | cooking | food and drink,3
The Zuni Cafe Cookbook: A Compendium of Recipes and Cooking Lessons from San Francisco's Beloved Restaurant,Judy Rodgers,4.02,3865.0,,,general cooking | cookbooks | cooking | food and drink,eng,https://i.gr-assets.com/images/S/compressed.photo.goodreads.com/books/1386606914i/152723._SX50_.jpg,https://www.goodreads.com/book/show/152723.The_Zuni_Cafe_Cookbook,Goodreads web scraping,general cooking,236.0,General Cooking & Food,cookbooks | cooking | food and drink,the zuni cafe cookbook: a compendium of recipes and cooking lessons from san francisco's beloved restaurant cookbooks | cooking | food and drink,3
"Greece, The Cookbook",Vefa Alexiadou,4.36,370.0,,,general cooking | cookbooks | cooking | food and drink,eng,https://i.gr-assets.com/images/S/compressed.photo.goodreads.com/books/1348997998i/6488064._SX50_.jpg,https://www.goodreads.com/book/show/6488064-greece-the-cookbook,Goodreads web scraping,general cooking,236.0,General Cooking & Food,cookbooks | cooking | food and drink,"greece, the cookbook cookbooks | cooking | food and drink",3
"The Ultimate Ice Cream Book: Over 500 Ice Creams, Sorbets, Granitas, – A Comprehensive Cookbook with Homemade Recipes and Tempting Flavors",Bruce Weinstein,4.12,687.0,,,general cooking | cookbooks | cooking | food and drink,eng,https://i.gr-assets.com/images/S/compressed.photo.goodreads.com/books/1441967961i/251607._SX50_.jpg,https://www.goodreads.com/book/show/251607.The_Ultimate_Ice_Cream_Book,Goodreads web scraping,general cooking,238.0,General Cooking & Food,cookbooks | cooking | food and drink,"the ultimate ice cream book: over 500 ice creams, sorbets, granitas, – a comprehensive cookbook with homemade recipes and tempting flavors cookbooks | cooking | food and drink",3
Persiana: Recipes from the Middle East & Beyond,Sabrina Ghayour,4.32,1596.0,,,general cooking | cookbooks | cooking | food and drink,eng,https://i.gr-assets.com/images/S/compressed.photo.goodreads.com/books/1394428941i/21230950._SX50_.jpg,https://www.goodreads.com/book/show/21230950-persiana,Goodreads web scraping,general cooking,238.0,General Cooking & Food,cookbooks | cooking | food and drink,persiana: recipes from the middle east & beyond cookbooks | cooking | food and drink,3
Your Guide to Spice and Seasonings,Valeria Ray,4.06,16.0,,,general cooking | cookbooks | cooking | food and drink,eng,https://i.gr-assets.com/images/S/compressed.photo.goodreads.com/books/1600388832i/55364741._SX50_.jpg,https://www.goodreads.com/book/show/55364741-your-guide-to-spice-and-seasonings,Goodreads web scraping,general cooking,238.0,General Cooking & Food,cookbooks | cooking | food and drink,your guide to spice and seasonings cookbooks | cooking | food and drink,3
Seductions of Rice,Jeffrey Alford,4.24,343.0,,,general cooking | cookbooks | cooking | food and drink,eng,https://i.gr-assets.com/images/S/compressed.photo.goodreads.com/books/1405291629i/438253._SX50_.jpg,https://www.goodreads.com/book/show/438253.Seductions_of_Rice,Goodreads web scraping,general cooking,241.0,General Cooking & Food,cookbooks | cooking | food and drink,seductions of rice cookbooks | cooking | food and drink,3
Delicious Deep Fryer Recipes: A Mouth Watering Selection of Foods,Daniel Humphreys,4.62,8.0,,,general cooking | cookbooks | cooking | food and drink,eng,https://i.gr-assets.com/images/S/compressed.photo.goodreads.com/books/1549815784i/43907325._SY75_.jpg,https://www.goodreads.com/book/show/43907325-delicious-deep-fryer-recipes,Goodreads web scraping,general cooking,241.0,General Cooking & Food,cookbooks | cooking | food and drink,delicious deep fryer recipes: a mouth watering selection of foods cookbooks | cooking | food and drink,3
Keepers: Two Home Cooks Share Their Tried-and-True Weeknight Recipes and the Secrets to Happiness in the Kitchen,Kathy Brennan,3.83,546.0,,,quick and practical cooking | cookbooks | cooking | food and drink,eng,https://i.gr-assets.com/images/S/compressed.photo.goodreads.com/books/1361639985i/13167803._SX50_.jpg,https://www.goodreads.com/book/show/13167803-keepers,Goodreads web scraping,quick and practical cooking,243.0,General Cooking & Food,cookbooks | cooking | food and drink,keepers: two home cooks share their tried-and-true weeknight recipes and the secrets to happiness in the kitchen cookbooks | cooking | food and drink,3
Moosewood Restaurant Celebrates: Festive Meals for Holidays and Special Occasions,The Moosewood Collective,3.9,263.0,,,general cooking | cookbooks | cooking | food and drink,eng,https://i.gr-assets.com/images/S/compressed.photo.goodreads.com/books/1172900109i/229522._SX50_.jpg,https://www.goodreads.com/book/show/229522.Moosewood_Restaurant_Celebrates,Goodreads web scraping,general cooking,244.0,General Cooking & Food,cookbooks | cooking | food and drink,moosewood restaurant celebrates: festive meals for holidays and special occasions cookbooks | cooking | food and drink,3
Make a Meal with Marmite: Sweet Savory Recipes – Spread the Word; Love Marmite!,Christina Tosch,4.25,8.0,,,general cooking | cookbooks | cooking | food and drink,eng,https://i.gr-assets.com/images/S/compressed.photo.goodreads.com/books/1593966929i/54400853._SX50_.jpg,https://www.goodreads.com/book/show/54400853-make-a-meal-with-marmite,Goodreads web scraping,general cooking,244.0,General Cooking & Food,cookbooks | cooking | food and drink,make a meal with marmite: sweet savory recipes – spread the word; love marmite! cookbooks | cooking | food and drink,3
Pillsbury: Best of the Bake-off Cookbook: 350 Recipes from Ameria's Favorite Cooking Contest,Pillsbury,3.87,124.0,,,baking and desserts | cookbooks | cooking | food and drink,eng,https://i.gr-assets.com/images/S/compressed.photo.goodreads.com/books/1442128794i/1281629._SX50_.jpg,https://www.goodreads.com/book/show/1281629.Pillsbury,Goodreads web scraping,baking and desserts,246.0,Baking and Pastry,cookbooks | cooking | food and drink,pillsbury: best of the bake-off cookbook: 350 recipes from ameria's favorite cooking contest cookbooks | cooking | food and drink,3
Sweetie Pie's Cookbook: 40 Must-Make Great American Pie Recipes,Christina Tosch,4.33,9.0,,,baking and desserts | cookbooks | cooking | food and drink,eng,https://i.gr-assets.com/images/S/compressed.photo.goodreads.com/books/1556872722i/45443755._SY75_.jpg,https://www.goodreads.com/book/show/45443755-sweetie-pie-s-cookbook,Goodreads web scraping,baking and desserts,246.0,Baking and Pastry,cookbooks | cooking | food and drink,sweetie pie's cookbook: 40 must-make great american pie recipes cookbooks | cooking | food and drink,3
Colorado Cache Cookbook: A Goldmine of Recipes,Junior League of Denver,4.35,198.0,,,general cooking | cookbooks | cooking | food and drink,eng,https://i.gr-assets.com/images/S/compressed.photo.goodreads.com/books/1387742503i/1056761._SX50_.jpg,https://www.goodreads.com/book/show/1056761.Colorado_Cache_Cookbook,Goodreads web scraping,general cooking,248.0,General Cooking & Food,cookbooks | cooking | food and drink,colorado cache cookbook: a goldmine of recipes cookbooks | cooking | food and drink,3
The Essential Cuisines of Mexico,Diana Kennedy,4.38,471.0,,,general cooking | cookbooks | cooking | food and drink,eng,https://i.gr-assets.com/images/S/compressed.photo.goodreads.com/books/1320393928i/290797._SX50_.jpg,https://www.goodreads.com/book/show/290797.The_Essential_Cuisines_of_Mexico,Goodreads web scraping,general cooking,249.0,General Cooking & Food,cookbooks | cooking | food and drink,the essential cuisines of mexico cookbooks | cooking | food and drink,3
Short n' Sweet: 40 Best Shot Glass Desserts,Christina Tosch,4.11,9.0,,,baking and desserts | cookbooks | cooking | food and drink,eng,https://i.gr-assets.com/images/S/compressed.photo.goodreads.com/books/1572599348i/48656584._SY75_.jpg,https://www.goodreads.com/book/show/48656584-short-n-sweet,Goodreads web scraping,baking and desserts,249.0,Baking and Pastry,cookbooks | cooking | food and drink,short n' sweet: 40 best shot glass desserts cookbooks | cooking | food and drink,3
Maida Heatter's Book of Great Chocolate Desserts,Maida Heatter,4.46,105.0,,,baking and desserts | cookbooks | cooking | food and drink,eng,https://i.gr-assets.com/images/S/compressed.photo.goodreads.com/books/1348801541i/88467._SX50_.jpg,https://www.goodreads.com/book/show/88467.Maida_Heatter_s_Book_of_Great_Chocolate_Desserts,Goodreads web scraping,baking and desserts,251.0,Baking and Pastry,cookbooks | cooking | food and drink,maida heatter's book of great chocolate desserts cookbooks | cooking | food and drink,3
Thai Food,David Thompson,4.22,1442.0,,,world cuisines | cookbooks | cooking | food and drink,eng,https://i.gr-assets.com/images/S/compressed.photo.goodreads.com/books/1348303945i/154051._SX50_.jpg,https://www.goodreads.com/book/show/154051.Thai_Food,Goodreads web scraping,world cuisines,251.0,General Cooking & Food,cookbooks | cooking | food and drink,thai food cookbooks | cooking | food and drink,3
Authentic Japanese Food Cookbook: Delicious Japanese Dishes from Popular Japanese Restaurants in Japan,Daniel Humphreys,4.11,9.0,,,world cuisines | cookbooks | cooking | food and drink,eng,https://i.gr-assets.com/images/S/compressed.photo.goodreads.com/books/1547678508i/43595385._SY75_.jpg,https://www.goodreads.com/book/show/43595385-authentic-japanese-food-cookbook,Goodreads web scraping,world cuisines,253.0,General Cooking & Food,cookbooks | cooking | food and drink,authentic japanese food cookbook: delicious japanese dishes from popular japanese restaurants in japan cookbooks | cooking | food and drink,3
The Four Ingredient Cookbooks-Three Cookbooks in One!,Linda Coffee,3.97,107.0,,,general cooking | cookbooks | cooking | food and drink,eng,https://i.gr-assets.com/images/S/compressed.photo.goodreads.com/books/1182508779i/1285607._SX50_.jpg,https://www.goodreads.com/book/show/1285607.The_Four_Ingredient_Cookbooks_Three_Cookbooks_in_One_,Goodreads web scraping,general cooking,254.0,General Cooking & Food,cookbooks | cooking | food and drink,the four ingredient cookbooks-three cookbooks in one! cookbooks | cooking | food and drink,3
One Good Dish,David Tanis,3.87,347.0,,,general cooking | cookbooks | cooking | food and drink,eng,https://i.gr-assets.com/images/S/compressed.photo.goodreads.com/books/1394337679i/18920749._SX50_.jpg,https://www.goodreads.com/book/show/18920749-one-good-dish,Goodreads web scraping,general cooking,255.0,General Cooking & Food,cookbooks | cooking | food and drink,one good dish cookbooks | cooking | food and drink,3
Fix-It and Forget-It Big Cookbook: 1400 Best Slow Cooker Recipes!,Phyllis Pellman Good,4.04,820.0,,,quick and practical cooking | cookbooks | cooking | food and drink,eng,https://i.gr-assets.com/images/S/compressed.photo.goodreads.com/books/1369085965i/4915557._SX50_.jpg,https://www.goodreads.com/book/show/4915557-fix-it-and-forget-it-big-cookbook,Goodreads web scraping,quick and practical cooking,256.0,General Cooking & Food,cookbooks | cooking | food and drink,fix-it and forget-it big cookbook: 1400 best slow cooker recipes! cookbooks | cooking | food and drink,3
Italian Slow and Savory,Joyce Goldstein,4.18,38.0,,,world cuisines | cookbooks | cooking | food and drink,eng,https://i.gr-assets.com/images/S/compressed.photo.goodreads.com/books/1441228186i/825584._SX50_.jpg,https://www.goodreads.com/book/show/825584.Italian_Slow_and_Savory,Goodreads web scraping,world cuisines,257.0,General Cooking & Food,cookbooks | cooking | food and drink,italian slow and savory cookbooks | cooking | food and drink,3
Happy Days with the Naked Chef,Jamie Oliver,4.07,6641.0,,,food science and technique | cookbooks | cooking | food and drink,eng,https://i.gr-assets.com/images/S/compressed.photo.goodreads.com/books/1408926677i/531445._SX50_.jpg,https://www.goodreads.com/book/show/531445.Happy_Days_with_the_Naked_Chef,Goodreads web scraping,food science and technique,258.0,General Cooking & Food,cookbooks | cooking | food and drink,happy days with the naked chef cookbooks | cooking | food and drink,3
Decadent Cake Ball Recipes: Pretty Little Treats for Many Occasions,April Blomgren,4.67,9.0,,,baking and desserts | cookbooks | cooking | food and drink,eng,https://i.gr-assets.com/images/S/compressed.photo.goodreads.com/books/1607087280i/56158663._SX50_.jpg,https://www.goodreads.com/book/show/56158663-decadent-cake-ball-recipes,Goodreads web scraping,baking and desserts,259.0,Baking and Pastry,cookbooks | cooking | food and drink,decadent cake ball recipes: pretty little treats for many occasions cookbooks | cooking | food and drink,3
Martha Stewart Hors D'Oeuvres,W.E.B Griffin,3.89,27.0,,,general cooking | cookbooks | cooking | food and drink,eng,https://i.gr-assets.com/images/S/compressed.photo.goodreads.com/books/1502163236i/9382259._SX50_.jpg,https://www.goodreads.com/book/show/9382259-martha-stewart-hors-d-oeuvres,Goodreads web scraping,general cooking,260.0,General Cooking & Food,cookbooks | cooking | food and drink,martha stewart hors d'oeuvres cookbooks | cooking | food and drink,3
The Fat Duck Cookbook,Heston Blumenthal,4.3,1059.0,,,general cooking | cookbooks | cooking | food and drink,eng,https://i.gr-assets.com/images/S/compressed.photo.goodreads.com/books/1316738976i/6955120._SX50_.jpg,https://www.goodreads.com/book/show/6955120-the-fat-duck-cookbook,Goodreads web scraping,general cooking,261.0,General Cooking & Food,cookbooks | cooking | food and drink,the fat duck cookbook cookbooks | cooking | food and drink,3
Heritage,Sean Brock,4.36,1193.0,,,general cooking | cookbooks | cooking | food and drink,eng,https://i.gr-assets.com/images/S/compressed.photo.goodreads.com/books/1410170752i/20673617._SX50_.jpg,https://www.goodreads.com/book/show/20673617-heritage,Goodreads web scraping,general cooking,261.0,General Cooking & Food,cookbooks | cooking | food and drink,heritage cookbooks | cooking | food and drink,3
Ham for the Holidays: Tasty Christmas and New Year Ham Recipes,Christina Tosch,4.22,9.0,,,general cooking | cookbooks | cooking | food and drink,eng,https://i.gr-assets.com/images/S/compressed.photo.goodreads.com/books/1607079289i/56157850._SX50_.jpg,https://www.goodreads.com/book/show/56157850-ham-for-the-holidays,Goodreads web scraping,general cooking,263.0,General Cooking & Food,cookbooks | cooking | food and drink,ham for the holidays: tasty christmas and new year ham recipes cookbooks | cooking | food and drink,3
The Candy Cookbook: 40 Recipes for Sweet Success - to Celebrate National Candy Month,Christina Tosch,4.36,11.0,,,general cooking | cookbooks | cooking | food and drink,eng,https://i.gr-assets.com/images/S/compressed.photo.goodreads.com/books/1595315878i/54621942._SX50_.jpg,https://www.goodreads.com/book/show/54621942-the-candy-cookbook,Goodreads web scraping,general cooking,264.0,General Cooking & Food,cookbooks | cooking | food and drink,the candy cookbook: 40 recipes for sweet success - to celebrate national candy month cookbooks | cooking | food and drink,3
Bon Appetit Desserts: The Cookbook for All Things Sweet and Wonderful,Bon Appétit Magazine,4.31,1226.0,,,baking and desserts | cookbooks | cooking | food and drink,eng,https://i.gr-assets.com/images/S/compressed.photo.goodreads.com/books/1437065121i/8640210._SX50_.jpg,https://www.goodreads.com/book/show/8640210-bon-appetit-desserts,Goodreads web scraping,baking and desserts,265.0,Baking and Pastry,cookbooks | cooking | food and drink,bon appetit desserts: the cookbook for all things sweet and wonderful cookbooks | cooking | food and drink,3
"The Cola Cookbook: Get Cooking with Cola! From Casseroles to Cupcakes, and More",Christina Tosch,4.46,13.0,,,baking and desserts | cookbooks | cooking | food and drink,eng,https://i.gr-assets.com/images/S/compressed.photo.goodreads.com/books/1590682339i/53574372._SX50_.jpg,https://www.goodreads.com/book/show/53574372-the-cola-cookbook,Goodreads web scraping,baking and desserts,266.0,Baking and Pastry,cookbooks | cooking | food and drink,"the cola cookbook: get cooking with cola! from casseroles to cupcakes, and more cookbooks | cooking | food and drink",3
USA Cookbook,Sheila Lukins,3.85,135.0,,,general cooking | cookbooks | cooking | food and drink,eng,https://i.gr-assets.com/images/S/compressed.photo.goodreads.com/books/1185566006i/1590770._SX50_.jpg,https://www.goodreads.com/book/show/1590770.USA_Cookbook,Goodreads web scraping,general cooking,267.0,General Cooking & Food,cookbooks | cooking | food and drink,usa cookbook cookbooks | cooking | food and drink,3
The Definitive 5-Ingredient Cookbook: When Less is More,Martha Stone,4.38,8.0,,,general cooking | cookbooks | cooking | food and drink,eng,https://i.gr-assets.com/images/S/compressed.photo.goodreads.com/books/1605826428i/55954072._SX50_.jpg,https://www.goodreads.com/book/show/55954072-the-definitive-5-ingredient-cookbook,Goodreads web scraping,general cooking,268.0,General Cooking & Food,cookbooks | cooking | food and drink,the definitive 5-ingredient cookbook: when less is more cookbooks | cooking | food and drink,3
The Martha Stewart Living Cookbook: The Original Classics,Martha Stewart,4.01,1321.0,,,general cooking | cookbooks | cooking | food and drink,eng,https://i.gr-assets.com/images/S/compressed.photo.goodreads.com/books/1348060959i/1734640._SX50_.jpg,https://www.goodreads.com/book/show/1734640.The_Martha_Stewart_Living_Cookbook,Goodreads web scraping,general cooking,269.0,General Cooking & Food,cookbooks | cooking | food and drink,the martha stewart living cookbook: the original classics cookbooks | cooking | food and drink,3
The Taste of Home Baking Book,Janet Briggs,4.43,2680.0,,,baking and desserts | cookbooks | cooking | food and drink,eng,https://i.gr-assets.com/images/S/compressed.photo.goodreads.com/books/1309298128i/1671115._SX50_.jpg,https://www.goodreads.com/book/show/1671115.The_Taste_of_Home_Baking_Book,Goodreads web scraping,baking and desserts,270.0,Baking and Pastry,cookbooks | cooking | food and drink,the taste of home baking book cookbooks | cooking | food and drink,3
Your Guide to Fall Baking: Discover Delicious Baked Goods Recipes That Are Perfect for Fall!,Valeria Ray,4.0,6.0,,,baking and desserts | cookbooks | cooking | food and drink,eng,https://i.gr-assets.com/images/S/compressed.photo.goodreads.com/books/1602449381i/55629211._SX50_.jpg,https://www.goodreads.com/book/show/55629211-your-guide-to-fall-baking,Goodreads web scraping,baking and desserts,270.0,Baking and Pastry,cookbooks | cooking | food and drink,your guide to fall baking: discover delicious baked goods recipes that are perfect for fall! cookbooks | cooking | food and drink,3
The German Cookbook: A Complete Guide to Mastering Authentic German Cooking,Mimi Sheraton,3.89,276.0,,,general cooking | cookbooks | cooking | food and drink,eng,https://i.gr-assets.com/images/S/compressed.photo.goodreads.com/books/1320475651i/535158._SY75_.jpg,https://www.goodreads.com/book/show/535158.The_German_Cookbook,Goodreads web scraping,general cooking,272.0,General Cooking & Food,cookbooks | cooking | food and drink,the german cookbook: a complete guide to mastering authentic german cooking cookbooks | cooking | food and drink,3
Quick Meal-in-a Mug Recipes That Are Too Delicious: Prepare Your Meals In Just 5 Minutes,Valeria Ray,3.92,26.0,,,quick and practical cooking | cookbooks | cooking | food and drink,eng,https://i.gr-assets.com/images/S/compressed.photo.goodreads.com/books/1563038090l/49633742._SX50_SY75_.jpg,https://www.goodreads.com/book/show/49633742-quick-meal-in-a-mug-recipes-that-are-too-delicious,Goodreads web scraping,quick and practical cooking,273.0,General Cooking & Food,cookbooks | cooking | food and drink,quick meal-in-a mug recipes that are too delicious: prepare your meals in just 5 minutes cookbooks | cooking | food and drink,3
The Guide for Hot Pot Cooking: The Best Hot Pot Cookbook That Will Become Your Best Friend in The Kitchen,Valeria Ray,4.64,14.0,,,general cooking | cookbooks | cooking | food and drink,eng,https://i.gr-assets.com/images/S/compressed.photo.goodreads.com/books/1562150453l/51258292._SX50_SY75_.jpg,https://www.goodreads.com/book/show/51258292-the-guide-for-hot-pot-cooking,Goodreads web scraping,general cooking,274.0,General Cooking & Food,cookbooks | cooking | food and drink,the guide for hot pot cooking: the best hot pot cookbook that will become your best friend in the kitchen cookbooks | cooking | food and drink,3
"Italian Immigrant Cooking (Immigrant Cookbook Series, Bk. #1)",Elodia Rigante,4.63,71.0,,,world cuisines | cookbooks | cooking | food and drink,eng,https://i.gr-assets.com/images/S/compressed.photo.goodreads.com/books/1387733046i/1670915._SX50_.jpg,https://www.goodreads.com/book/show/1670915.Italian_Immigrant_Cooking,Goodreads web scraping,world cuisines,275.0,General Cooking & Food,cookbooks | cooking | food and drink,"italian immigrant cooking (immigrant cookbook series, bk. #1) cookbooks | cooking | food and drink",3
Just Recipes: Easy To Cook Recipes With Inexpensive Ingredients You Already Have In Your Kitchen (Volume 1),Karen M. Fjeldheim,4.75,8.0,,,quick and practical cooking | cookbooks | cooking | food and drink,eng,https://i.gr-assets.com/images/S/compressed.photo.goodreads.com/books/1355932968i/6305171._SY75_.jpg,https://www.goodreads.com/book/show/6305171-just-recipes,Goodreads web scraping,quick and practical cooking,275.0,General Cooking & Food,cookbooks | cooking | food and drink,just recipes: easy to cook recipes with inexpensive ingredients you already have in your kitchen (volume 1) cookbooks | cooking | food and drink,3
With a Measure of Grace: The Story and Recipes of a Small Town Restaurant,Blake Spalding,4.53,114.0,,,general cooking | cookbooks | cooking | food and drink,eng,https://i.gr-assets.com/images/S/compressed.photo.goodreads.com/books/1387733618i/750731._SX50_.jpg,https://www.goodreads.com/book/show/750731.With_a_Measure_of_Grace,Goodreads web scraping,general cooking,275.0,General Cooking & Food,cookbooks | cooking | food and drink,with a measure of grace: the story and recipes of a small town restaurant cookbooks | cooking | food and drink,3
Siren's Feast: An Edible Odyssey,Nancy Mehagian,4.05,37.0,,,general cooking | cookbooks | cooking | food and drink,eng,https://i.gr-assets.com/images/S/compressed.photo.goodreads.com/books/1330563397i/3326458._SX50_.jpg,https://www.goodreads.com/book/show/3326458-siren-s-feast,Goodreads web scraping,general cooking,275.0,General Cooking & Food,cookbooks | cooking | food and drink,siren's feast: an edible odyssey cookbooks | cooking | food and drink,3
Bake,Rachel Allen,4.07,2396.0,,,baking and desserts | cookbooks | cooking | food and drink,eng,https://i.gr-assets.com/images/S/compressed.photo.goodreads.com/books/1328784706i/2974945._SX50_.jpg,https://www.goodreads.com/book/show/2974945-bake,Goodreads web scraping,baking and desserts,275.0,Baking and Pastry,cookbooks | cooking | food and drink,bake cookbooks | cooking | food and drink,3
Tastes and Tales from Russia,Alla Danishevsky,4.53,15.0,,,general cooking | cookbooks | cooking | food and drink,eng,https://i.gr-assets.com/images/S/compressed.photo.goodreads.com/books/1183470309i/1421843._SY75_.jpg,https://www.goodreads.com/book/show/1421843.Tastes_and_Tales_from_Russia,Goodreads web scraping,general cooking,275.0,General Cooking & Food,cookbooks | cooking | food and drink,tastes and tales from russia cookbooks | cooking | food and drink,3
Delicious lamb,Per H. Jacobsen,5.0,4.0,,,general cooking | cookbooks | cooking | food and drink,eng,https://i.gr-assets.com/images/S/compressed.photo.goodreads.com/books/1442330699i/26541868._SX50_.jpg,https://www.goodreads.com/book/show/26541868-delicious-lamb,Goodreads web scraping,general cooking,275.0,General Cooking & Food,cookbooks | cooking | food and drink,delicious lamb cookbooks | cooking | food and drink,3
Vegan Richa's Indian Kitchen: Traditional and Creative Recipes for the Home Cook,Richa Hingle,4.44,1357.0,,,vegetarian and plant based | cookbooks | cooking | food and drink,eng,https://i.gr-assets.com/images/S/compressed.photo.goodreads.com/books/1430083854i/23258002._SX50_.jpg,https://www.goodreads.com/book/show/23258002-vegan-richa-s-indian-kitchen,Goodreads web scraping,vegetarian and plant based,275.0,General Cooking & Food,cookbooks | cooking | food and drink,vegan richa's indian kitchen: traditional and creative recipes for the home cook cookbooks | cooking | food and drink,3
Mr. Fields Cookies,Diamond W. Fields,5.0,4.0,,,baking and desserts | cookbooks | cooking | food and drink,eng,https://i.gr-assets.com/images/S/compressed.photo.goodreads.com/books/1497181684i/35406575._SX50_.jpg,https://www.goodreads.com/book/show/35406575-mr-fields-cookies,Goodreads web scraping,baking and desserts,275.0,Baking and Pastry,cookbooks | cooking | food and drink,mr. fields cookies cookbooks | cooking | food and drink,3
Palate Passport,Neha Khullar,4.5,8.0,,,general cooking | cookbooks | cooking | food and drink,eng,https://i.gr-assets.com/images/S/compressed.photo.goodreads.com/books/1512946782i/37345470._SX50_.jpg,https://www.goodreads.com/book/show/37345470-palate-passport,Goodreads web scraping,general cooking,275.0,General Cooking & Food,cookbooks | cooking | food and drink,palate passport cookbooks | cooking | food and drink,3
Intimacy on the Plate: 200+ Aphrodisiac Recipes to Spice Up Your Love Life at Home Tonight,Olga Petrenko,4.15,39.0,,,general cooking | cookbooks | cooking | food and drink,eng,https://i.gr-assets.com/images/S/compressed.photo.goodreads.com/books/1502141402i/35943141._SY75_.jpg,https://www.goodreads.com/book/show/35943141-intimacy-on-the-plate,Goodreads web scraping,general cooking,275.0,General Cooking & Food,cookbooks | cooking | food and drink,intimacy on the plate: 200+ aphrodisiac recipes to spice up your love life at home tonight cookbooks | cooking | food and drink,3
Keto Diet for Beginners: 30-Day Keto Meal Plan for Rapid Weight Loss.,Amy Crenn,3.91,22093.0,,,nutrition and healthy eating | cookbooks | cooking | food and drink,eng,https://i.gr-assets.com/images/S/compressed.photo.goodreads.com/books/1541885998i/42747550._SY75_.jpg,https://www.goodreads.com/book/show/42747550-keto-diet-for-beginners,Goodreads web scraping,nutrition and healthy eating,275.0,Nutrition,cookbooks | cooking | food and drink,keto diet for beginners: 30-day keto meal plan for rapid weight loss. cookbooks | cooking | food and drink,3
Healthy Kids Cookbook: These Healthy Dishes Can Help to Keep Your Child Living a Healthy and Active Life!,Stephanie Sharp,3.75,16.0,,,nutrition and healthy eating | cookbooks | cooking | food and drink,eng,https://i.gr-assets.com/images/S/compressed.photo.goodreads.com/books/1553415198i/44580988._SY75_.jpg,https://www.goodreads.com/book/show/44580988-healthy-kids-cookbook,Goodreads web scraping,nutrition and healthy eating,275.0,Nutrition,cookbooks | cooking | food and drink,healthy kids cookbook: these healthy dishes can help to keep your child living a healthy and active life! cookbooks | cooking | food and drink,3
The Best Of Chef At Home: Essential Recipes For Today's Kitchen,Michael   Smith,4.39,147.0,,,food science and technique | cookbooks | cooking | food and drink,eng,https://i.gr-assets.com/images/S/compressed.photo.goodreads.com/books/1345255144i/7013584._SX50_.jpg,https://www.goodreads.com/book/show/7013584-the-best-of-chef-at-home,Goodreads web scraping,food science and technique,288.0,General Cooking & Food,cookbooks | cooking | food and drink,the best of chef at home: essential recipes for today's kitchen cookbooks | cooking | food and drink,3
Delia's Complete How To Cook,Delia Smith,4.46,147.0,,,general cooking | cookbooks | cooking | food and drink,eng,https://i.gr-assets.com/images/S/compressed.photo.goodreads.com/books/1328046637i/6378301._SX50_.jpg,https://www.goodreads.com/book/show/6378301-delia-s-complete-how-to-cook,Goodreads web scraping,general cooking,288.0,General Cooking & Food,cookbooks | cooking | food and drink,delia's complete how to cook cookbooks | cooking | food and drink,3
"Jean-Louis, Cooking With the Seasons",Jean-Louis Palladin,4.73,11.0,,,general cooking | cookbooks | cooking | food and drink,eng,https://i.gr-assets.com/images/S/compressed.photo.goodreads.com/books/1174072501i/358202._SX50_.jpg,https://www.goodreads.com/book/show/358202.Jean_Louis_Cooking_With_the_Seasons,Goodreads web scraping,general cooking,288.0,General Cooking & Food,cookbooks | cooking | food and drink,"jean-louis, cooking with the seasons cookbooks | cooking | food and drink",3
Crazy Dumplings,Amanda   Roberts,4.22,40.0,,,general cooking | cookbooks | cooking | food and drink,eng,https://i.gr-assets.com/images/S/compressed.photo.goodreads.com/books/1415537265i/23519469._SY75_.jpg,https://www.goodreads.com/book/show/23519469-crazy-dumplings,Goodreads web scraping,general cooking,288.0,General Cooking & Food,cookbooks | cooking | food and drink,crazy dumplings cookbooks | cooking | food and drink,3
The Perfect Quiche,Denise Hawley,4.5,4.0,,,general cooking | cookbooks | cooking | food and drink,eng,https://i.gr-assets.com/images/S/compressed.photo.goodreads.com/books/1701915504i/203376185._SX50_.jpg,https://www.goodreads.com/book/show/203376185-the-perfect-quiche,Goodreads web scraping,general cooking,288.0,General Cooking & Food,cookbooks | cooking | food and drink,the perfect quiche cookbooks | cooking | food and drink,3
A Field Of Greens: Gourmet African Slow Cooker Soups And Stews,Ivy Newton-Gamble,3.5,20.0,,,world cuisines | cookbooks | cooking | food and drink,eng,https://i.gr-assets.com/images/S/compressed.photo.goodreads.com/books/1348722247i/6269989._SX50_.jpg,https://www.goodreads.com/book/show/6269989-a-field-of-greens,Goodreads web scraping,world cuisines,293.0,General Cooking & Food,cookbooks | cooking | food and drink,a field of greens: gourmet african slow cooker soups and stews cookbooks | cooking | food and drink,3
The Complete Robuchon: French Home Cooking for the Way We Live Now with More than 800 Recipes: A Cookbook,Joël Robuchon,4.39,294.0,,,world cuisines | cookbooks | cooking | food and drink,eng,https://i.gr-assets.com/images/S/compressed.photo.goodreads.com/books/1320456314i/3143668._SX50_.jpg,https://www.goodreads.com/book/show/3143668-the-complete-robuchon,Goodreads web scraping,world cuisines,293.0,General Cooking & Food,cookbooks | cooking | food and drink,the complete robuchon: french home cooking for the way we live now with more than 800 recipes: a cookbook cookbooks | cooking | food and drink,3
"Quick Fix Meals: 200 Simple, Delicious Recipes to Make Mealtime Eas",Robin        Miller,3.86,374.0,,,quick and practical cooking | cookbooks | cooking | food and drink,eng,https://i.gr-assets.com/images/S/compressed.photo.goodreads.com/books/1442281345i/74020._SX50_.jpg,https://www.goodreads.com/book/show/74020.Quick_Fix_Meals,Goodreads web scraping,quick and practical cooking,293.0,General Cooking & Food,cookbooks | cooking | food and drink,"quick fix meals: 200 simple, delicious recipes to make mealtime eas cookbooks | cooking | food and drink",3
"Budget Bytes: Over 100 Easy, Delicious Recipes to Slash Your Grocery Bill in Half: A Cookbook",Beth Moncel,4.16,661.0,,,quick and practical cooking | cookbooks | cooking | food and drink,eng,https://i.gr-assets.com/images/S/compressed.photo.goodreads.com/books/1372051402i/18079645._SX50_.jpg,https://www.goodreads.com/book/show/18079645-budget-bytes,Goodreads web scraping,quick and practical cooking,293.0,General Cooking & Food,cookbooks | cooking | food and drink,"budget bytes: over 100 easy, delicious recipes to slash your grocery bill in half: a cookbook cookbooks | cooking | food and drink",3
"Slim and Healthy You (Edible Excellence, #1)",Sahara Sanders,4.0,22.0,,,nutrition and healthy eating | cookbooks | cooking | food and drink,eng,https://i.gr-assets.com/images/S/compressed.photo.goodreads.com/books/1429004216i/25357102._SX50_.jpg,https://www.goodreads.com/book/show/25357102-slim-and-healthy-you,Goodreads web scraping,nutrition and healthy eating,293.0,Nutrition,cookbooks | cooking | food and drink,"slim and healthy you (edible excellence, #1) cookbooks | cooking | food and drink",3
Not Your Mother's Slow Cooker Cookbook,Beth Hensperger,3.79,5772.0,,,quick and practical cooking | cookbooks | cooking | food and drink,eng,https://i.gr-assets.com/images/S/compressed.photo.goodreads.com/books/1403206601i/10416._SX50_.jpg,https://www.goodreads.com/book/show/10416.Not_Your_Mother_s_Slow_Cooker_Cookbook,Goodreads web scraping,quick and practical cooking,293.0,General Cooking & Food,cookbooks | cooking | food and drink,not your mother's slow cooker cookbook cookbooks | cooking | food and drink,3
"Classic Indian Cooking: Master Moghul Cuisine with Simple Techniques, Essential Spices, and Traditional Recipes",Julie Sahni,4.21,1192.0,,,world cuisines | cookbooks | cooking | food and drink,eng,https://i.gr-assets.com/images/S/compressed.photo.goodreads.com/books/1348651577i/1033177._SX50_.jpg,https://www.goodreads.com/book/show/1033177.Classic_Indian_Cooking,Goodreads web scraping,world cuisines,293.0,General Cooking & Food,cookbooks | cooking | food and drink,"classic indian cooking: master moghul cuisine with simple techniques, essential spices, and traditional recipes cookbooks | cooking | food and drink",3
The Cinnamon Recipe Book: Discover Delicious Cinnamon-Spiced Recipes!,Valeria Ray,4.31,16.0,,,general cooking | cookbooks | cooking | food and drink,eng,https://i.gr-assets.com/images/S/compressed.photo.goodreads.com/books/1601749093i/55547313._SX50_.jpg,https://www.goodreads.com/book/show/55547313-the-cinnamon-recipe-book,Goodreads web scraping,general cooking,293.0,General Cooking & Food,cookbooks | cooking | food and drink,the cinnamon recipe book: discover delicious cinnamon-spiced recipes! cookbooks | cooking | food and drink,3
660 Curries,Raghavan Iyer,4.17,1270.0,,,general cooking | cookbooks | cooking | food and drink,eng,https://i.gr-assets.com/images/S/compressed.photo.goodreads.com/books/1404577346i/2575111._SX50_.jpg,https://www.goodreads.com/book/show/2575111-660-curries,Goodreads web scraping,general cooking,301.0,General Cooking & Food,cookbooks | cooking | food and drink,660 curries cookbooks | cooking | food and drink,3
My Abuela's Table: An Illustrated Journey into Mexican Cooking,Daniella Germain,4.13,39.0,,,world cuisines | cookbooks | cooking | food and drink,eng,https://i.gr-assets.com/images/S/compressed.photo.goodreads.com/books/1344606041i/12355863._SX50_.jpg,https://www.goodreads.com/book/show/12355863-my-abuela-s-table,Goodreads web scraping,world cuisines,301.0,General Cooking & Food,cookbooks | cooking | food and drink,my abuela's table: an illustrated journey into mexican cooking cookbooks | cooking | food and drink,3
Magnolia Table: A Collection of Recipes for Gathering,Joanna Gaines,4.18,19147.0,,,general cooking | cookbooks | cooking | food and drink,eng,https://i.gr-assets.com/images/S/compressed.photo.goodreads.com/books/1514874087i/36379968._SX50_.jpg,https://www.goodreads.com/book/show/36379968-magnolia-table,Goodreads web scraping,general cooking,301.0,General Cooking & Food,cookbooks | cooking | food and drink,magnolia table: a collection of recipes for gathering cookbooks | cooking | food and drink,3
Vegetable Love,Barbara Kafka,3.87,256.0,,,vegetarian and plant based | cookbooks | cooking | food and drink,eng,https://i.gr-assets.com/images/S/compressed.photo.goodreads.com/books/1404580669i/22907._SX50_.jpg,https://www.goodreads.com/book/show/22907.Vegetable_Love,Goodreads web scraping,vegetarian and plant based,304.0,General Cooking & Food,cookbooks | cooking | food and drink,vegetable love cookbooks | cooking | food and drink,3
Dessert Haiku: Petite Desserts for the Sweet Tooth & Poetry for the Soul,Ivy Newton-Gamble,4.8,5.0,,,baking and desserts | cookbooks | cooking | food and drink,eng,https://i.gr-assets.com/images/S/compressed.photo.goodreads.com/books/1677798642i/6538950._SX50_.jpg,https://www.goodreads.com/book/show/6538950-dessert-haiku,Goodreads web scraping,baking and desserts,304.0,Baking and Pastry,cookbooks | cooking | food and drink,dessert haiku: petite desserts for the sweet tooth & poetry for the soul cookbooks | cooking | food and drink,3
A New Way to Cook,Sally Schneider,3.97,702.0,,,general cooking | cookbooks | cooking | food and drink,eng,https://i.gr-assets.com/images/S/compressed.photo.goodreads.com/books/1387722689i/1333233._SX50_.jpg,https://www.goodreads.com/book/show/1333233.A_New_Way_to_Cook,Goodreads web scraping,general cooking,304.0,General Cooking & Food,cookbooks | cooking | food and drink,a new way to cook cookbooks | cooking | food and drink,3
"I ♥ Cheese: A Cookbook: 60 Ooey, Gooey, Delicious Meals for Serious Cheese Lovers",Mihaela Metaxa-Albu,3.84,70.0,,,general cooking | cookbooks | cooking | food and drink,eng,https://i.gr-assets.com/images/S/compressed.photo.goodreads.com/books/1601346596i/49672277._SX50_.jpg,https://www.goodreads.com/book/show/49672277-i-cheese,Goodreads web scraping,general cooking,304.0,General Cooking & Food,cookbooks | cooking | food and drink,"i ♥ cheese: a cookbook: 60 ooey, gooey, delicious meals for serious cheese lovers cookbooks | cooking | food and drink",3
The Vegetarian Planet: 350 Big-Flavor Recipes for Out-Of-This-World Food Every Day,Didi Emmons,4.05,412.0,,,vegetarian and plant based | cookbooks | cooking | food and drink,eng,https://i.gr-assets.com/images/S/compressed.photo.goodreads.com/books/1403209516i/199103._SX50_.jpg,https://www.goodreads.com/book/show/199103.The_Vegetarian_Planet,Goodreads web scraping,vegetarian and plant based,308.0,General Cooking & Food,cookbooks | cooking | food and drink,the vegetarian planet: 350 big-flavor recipes for out-of-this-world food every day cookbooks | cooking | food and drink,3
The Pat Conroy Cookbook: Recipes of My Life,Pat Conroy,4.17,1943.0,,,general cooking | cookbooks | cooking | food and drink,eng,https://i.gr-assets.com/images/S/compressed.photo.goodreads.com/books/1386925717i/129945._SX50_.jpg,https://www.goodreads.com/book/show/129945.The_Pat_Conroy_Cookbook,Goodreads web scraping,general cooking,308.0,General Cooking & Food,cookbooks | cooking | food and drink,the pat conroy cookbook: recipes of my life cookbooks | cooking | food and drink,3
The Book Lover's Cookbook,Shaunda Kennedy Wenger,3.82,373.0,,,general cooking | cookbooks | cooking | food and drink,eng,https://i.gr-assets.com/images/S/compressed.photo.goodreads.com/books/1436663917i/135018._SX50_.jpg,https://www.goodreads.com/book/show/135018.The_Book_Lover_s_Cookbook,Goodreads web scraping,general cooking,308.0,General Cooking & Food,cookbooks | cooking | food and drink,the book lover's cookbook cookbooks | cooking | food and drink,3
Modern Classics (Book 1),Donna  Hay,4.06,1124.0,,,general cooking | cookbooks | cooking | food and drink,eng,https://i.gr-assets.com/images/S/compressed.photo.goodreads.com/books/1348319178i/1316051._SX50_.jpg,https://www.goodreads.com/book/show/1316051.Modern_Classics,Goodreads web scraping,general cooking,311.0,General Cooking & Food,cookbooks | cooking | food and drink,modern classics (book 1) cookbooks | cooking | food and drink,3
The Ultimate Southern Living Cookbook,Julie Fisher Gunter,4.33,4363.0,,,general cooking | cookbooks | cooking | food and drink,eng,https://i.gr-assets.com/images/S/compressed.photo.goodreads.com/books/1389786447i/351122._SX50_.jpg,https://www.goodreads.com/book/show/351122.The_Ultimate_Southern_Living_Cookbook,Goodreads web scraping,general cooking,311.0,General Cooking & Food,cookbooks | cooking | food and drink,the ultimate southern living cookbook cookbooks | cooking | food and drink,3
Bernard Clayton's New Complete Book of Breads,Bernard Clayton Jr.,4.26,883.0,,,baking and desserts | cookbooks | cooking | food and drink,eng,https://i.gr-assets.com/images/S/compressed.photo.goodreads.com/books/1348634216i/557868._SX50_.jpg,https://www.goodreads.com/book/show/557868.Bernard_Clayton_s_New_Complete_Book_of_Breads,Goodreads web scraping,baking and desserts,311.0,Baking and Pastry,cookbooks | cooking | food and drink,bernard clayton's new complete book of breads cookbooks | cooking | food and drink,3
"Pie It Forward: Pies, Tarts, Tortes, Galettes, and Other Pastries Reinvented",Gesine Bullock-Prado,4.34,275.0,,,baking and desserts | cookbooks | cooking | food and drink,eng,https://i.gr-assets.com/images/S/compressed.photo.goodreads.com/books/1345683326i/12723590._SX50_.jpg,https://www.goodreads.com/book/show/12723590-pie-it-forward,Goodreads web scraping,baking and desserts,311.0,Baking and Pastry,cookbooks | cooking | food and drink,"pie it forward: pies, tarts, tortes, galettes, and other pastries reinvented cookbooks | cooking | food and drink",3
Meals Made Easy,Real Simple,3.89,430.0,,,quick and practical cooking | cookbooks | cooking | food and drink,eng,https://i.gr-assets.com/images/S/compressed.photo.goodreads.com/books/1344269031i/6623._SX50_.jpg,https://www.goodreads.com/book/show/6623.Meals_Made_Easy,Goodreads web scraping,quick and practical cooking,315.0,General Cooking & Food,cookbooks | cooking | food and drink,meals made easy cookbooks | cooking | food and drink,3
Chili Madness: A Passionate Cookbook,Jane Butel,3.66,68.0,,,general cooking | cookbooks | cooking | food and drink,eng,https://i.gr-assets.com/images/S/compressed.photo.goodreads.com/books/1705792594i/2712193._SX50_.jpg,https://www.goodreads.com/book/show/2712193-chili-madness,Goodreads web scraping,general cooking,315.0,General Cooking & Food,cookbooks | cooking | food and drink,chili madness: a passionate cookbook cookbooks | cooking | food and drink,3
Local Flavors: Cooking and Eating from America's Farmers' Markets,Deborah Madison,3.98,2191.0,,,general cooking | cookbooks | cooking | food and drink,eng,https://i.gr-assets.com/images/S/compressed.photo.goodreads.com/books/1387666528i/141054._SX50_.jpg,https://www.goodreads.com/book/show/141054.Local_Flavors,Goodreads web scraping,general cooking,315.0,General Cooking & Food,cookbooks | cooking | food and drink,local flavors: cooking and eating from america's farmers' markets cookbooks | cooking | food and drink,3
Vegan Yum Yum: Decadent (But Doable) Animal-Free Recipes for Entertaining and Everyday,Lauren Ulm,3.91,2516.0,,,vegetarian and plant based | cookbooks | cooking | food and drink,eng,https://i.gr-assets.com/images/S/compressed.photo.goodreads.com/books/1348058567i/6496521._SX50_.jpg,https://www.goodreads.com/book/show/6496521-vegan-yum-yum,Goodreads web scraping,vegetarian and plant based,315.0,General Cooking & Food,cookbooks | cooking | food and drink,vegan yum yum: decadent (but doable) animal-free recipes for entertaining and everyday cookbooks | cooking | food and drink,3
Meta Given's Modern Encyclopedia of Cooking (2 Volume Set),Meta Given,4.59,39.0,,,general cooking | cookbooks | cooking | food and drink,eng,https://i.gr-assets.com/images/S/compressed.photo.goodreads.com/books/1387748264i/481529._SX50_.jpg,https://www.goodreads.com/book/show/481529.Meta_Given_s_Modern_Encyclopedia_of_Cooking,Goodreads web scraping,general cooking,315.0,General Cooking & Food,cookbooks | cooking | food and drink,meta given's modern encyclopedia of cooking (2 volume set) cookbooks | cooking | food and drink,3
Everyday Greens: Everyday Greens,Annie Somerville,4.45,86.0,,,general cooking | cookbooks | cooking | food and drink,eng,https://i.gr-assets.com/images/S/compressed.photo.goodreads.com/books/1348491736i/864063._SX50_.jpg,https://www.goodreads.com/book/show/864063.Everyday_Greens,Goodreads web scraping,general cooking,320.0,General Cooking & Food,cookbooks | cooking | food and drink,everyday greens: everyday greens cookbooks | cooking | food and drink,3
"Vegan Soul Kitchen: Fresh, Healthy, and Creative African-American Cuisine",Bryant Terry,3.99,2973.0,,,vegetarian and plant based | cookbooks | cooking | food and drink,eng,https://i.gr-assets.com/images/S/compressed.photo.goodreads.com/books/1441309218i/6062739._SX50_.jpg,https://www.goodreads.com/book/show/6062739-vegan-soul-kitchen,Goodreads web scraping,vegetarian and plant based,321.0,General Cooking & Food,cookbooks | cooking | food and drink,"vegan soul kitchen: fresh, healthy, and creative african-american cuisine cookbooks | cooking | food and drink",3
"Crazy Plates: Low-Fat Food So Good, You'll Swear It's Bad for You!",Janet Podleski,4.04,240.0,,,general cooking | cookbooks | cooking | food and drink,eng,https://i.gr-assets.com/images/S/compressed.photo.goodreads.com/books/1309282958i/538180._SX50_.jpg,https://www.goodreads.com/book/show/538180.Crazy_Plates,Goodreads web scraping,general cooking,321.0,General Cooking & Food,cookbooks | cooking | food and drink,"crazy plates: low-fat food so good, you'll swear it's bad for you! cookbooks | cooking | food and drink",3
Baked: New Frontiers in Baking,Matt  Lewis,4.15,6368.0,,,baking and desserts | cookbooks | cooking | food and drink,eng,https://i.gr-assets.com/images/S/compressed.photo.goodreads.com/books/1328744143i/3328432._SX50_.jpg,https://www.goodreads.com/book/show/3328432-baked,Goodreads web scraping,baking and desserts,321.0,Baking and Pastry,cookbooks | cooking | food and drink,baked: new frontiers in baking cookbooks | cooking | food and drink,3
Kitchen: The Best of the Best,Michele Cranston,4.03,39.0,,,general cooking | cookbooks | cooking | food and drink,eng,https://i.gr-assets.com/images/S/compressed.photo.goodreads.com/books/1348508383i/1481651._SX50_.jpg,https://www.goodreads.com/book/show/1481651.Kitchen,Goodreads web scraping,general cooking,321.0,General Cooking & Food,cookbooks | cooking | food and drink,kitchen: the best of the best cookbooks | cooking | food and drink,3
Thug Kitchen 101: Fast as F*ck,Thug Kitchen,4.12,2054.0,,,general cooking | cookbooks | cooking | food and drink,eng,https://i.gr-assets.com/images/S/compressed.photo.goodreads.com/books/1467339201i/30820811._SX50_.jpg,https://www.goodreads.com/book/show/30820811-thug-kitchen-101,Goodreads web scraping,general cooking,321.0,General Cooking & Food,cookbooks | cooking | food and drink,thug kitchen 101: fast as f*ck cookbooks | cooking | food and drink,3
The Settlement Cookbook,Mrs. Simon Kander,4.27,196.0,,,general cooking | cookbooks | cooking | food and drink,eng,https://i.gr-assets.com/images/S/compressed.photo.goodreads.com/books/1387667753i/19608960._SX50_.jpg,https://www.goodreads.com/book/show/19608960-the-settlement-cookbook,Goodreads web scraping,general cooking,321.0,General Cooking & Food,cookbooks | cooking | food and drink,the settlement cookbook cookbooks | cooking | food and drink,3
The Best Bread Machine Cookbook Ever: Ethnic Breads,Madge Rosenberg,3.9,10.0,,,baking and desserts | cookbooks | cooking | food and drink,eng,https://i.gr-assets.com/images/S/compressed.photo.goodreads.com/books/1347510776i/2208109._SX50_.jpg,https://www.goodreads.com/book/show/2208109.The_Best_Bread_Machine_Cookbook_Ever,Goodreads web scraping,baking and desserts,327.0,Baking and Pastry,cookbooks | cooking | food and drink,the best bread machine cookbook ever: ethnic breads cookbooks | cooking | food and drink,3
"Quiches, Kugels, and Couscous: My Search for Jewish Cooking in France: A Cookbook",Joan Nathan,4.09,77.0,,,general cooking | cookbooks | cooking | food and drink,eng,https://i.gr-assets.com/images/S/compressed.photo.goodreads.com/books/1348710538i/8140106._SX50_.jpg,https://www.goodreads.com/book/show/8140106-quiches-kugels-and-couscous,Goodreads web scraping,general cooking,327.0,General Cooking & Food,cookbooks | cooking | food and drink,"quiches, kugels, and couscous: my search for jewish cooking in france: a cookbook cookbooks | cooking | food and drink",3
Delia Smith's Complete Illustrated Cookery Course,Delia Smith,4.35,2810.0,,,general cooking | cookbooks | cooking | food and drink,eng,https://i.gr-assets.com/images/S/compressed.photo.goodreads.com/books/1348210708i/1251782._SX50_.jpg,https://www.goodreads.com/book/show/1251782.Delia_Smith_s_Complete_Illustrated_Cookery_Course,Goodreads web scraping,general cooking,329.0,General Cooking & Food,cookbooks | cooking | food and drink,delia smith's complete illustrated cookery course cookbooks | cooking | food and drink,3
Linda McCartney's World of Vegetarian Cooking: Over 200 Meat-free Dishes from Around the World,Linda McCartney,3.83,35.0,,,vegetarian and plant based | cookbooks | cooking | food and drink,eng,https://i.gr-assets.com/images/S/compressed.photo.goodreads.com/books/1181532618i/1163550._SX50_.jpg,https://www.goodreads.com/book/show/1163550.Linda_McCartney_s_World_of_Vegetarian_Cooking,Goodreads web scraping,vegetarian and plant based,329.0,General Cooking & Food,cookbooks | cooking | food and drink,linda mccartney's world of vegetarian cooking: over 200 meat-free dishes from around the world cookbooks | cooking | food and drink,3
"My Bread: The Revolutionary No-Work, No-Knead Method",Jim Lahey,4.25,2522.0,,,baking and desserts | cookbooks | cooking | food and drink,eng,https://i.gr-assets.com/images/S/compressed.photo.goodreads.com/books/1391137123i/6540114._SX50_.jpg,https://www.goodreads.com/book/show/6540114-my-bread,Goodreads web scraping,baking and desserts,329.0,Baking and Pastry,cookbooks | cooking | food and drink,"my bread: the revolutionary no-work, no-knead method cookbooks | cooking | food and drink",3
"Eat, Shrink & Be Merry! Great-Tasting Food That Won't Go from Your Lips to Your Hips!",Janet Podleski,4.31,249.0,,,general cooking | cookbooks | cooking | food and drink,eng,https://i.gr-assets.com/images/S/compressed.photo.goodreads.com/books/1390364659i/940618._SX50_.jpg,https://www.goodreads.com/book/show/940618.Eat_Shrink_Be_Merry_Great_Tasting_Food_That_Won_t_Go_from_Your_Lips_to_Your_Hips_,Goodreads web scraping,general cooking,329.0,General Cooking & Food,cookbooks | cooking | food and drink,"eat, shrink & be merry! great-tasting food that won't go from your lips to your hips! cookbooks | cooking | food and drink",3
The Complete Book of Pasta and Noodles: A Cookbook,Cook's Illustrated,4.03,163.0,,,general cooking | cookbooks | cooking | food and drink,eng,https://i.gr-assets.com/images/S/compressed.photo.goodreads.com/books/1388186768i/24033._SX50_.jpg,https://www.goodreads.com/book/show/24033.The_Complete_Book_of_Pasta_and_Noodles,Goodreads web scraping,general cooking,329.0,General Cooking & Food,cookbooks | cooking | food and drink,the complete book of pasta and noodles: a cookbook cookbooks | cooking | food and drink,3
A Treasury of Great Recipes,Mary   Price,4.62,259.0,,,general cooking | cookbooks | cooking | food and drink,eng,https://i.gr-assets.com/images/S/compressed.photo.goodreads.com/books/1762902167i/137756._SX50_.jpg,https://www.goodreads.com/book/show/137756.A_Treasury_of_Great_Recipes,Goodreads web scraping,general cooking,329.0,General Cooking & Food,cookbooks | cooking | food and drink,a treasury of great recipes cookbooks | cooking | food and drink,3
"Roast Figs, Sugar Snow: Food to Warm the Soul",Diana Henry,4.15,300.0,,,general cooking | cookbooks | cooking | food and drink,eng,https://i.gr-assets.com/images/S/compressed.photo.goodreads.com/books/1787672385i/879631._SX50_.jpg,https://www.goodreads.com/book/show/879631.Roast_Figs_Sugar_Snow,Goodreads web scraping,general cooking,329.0,General Cooking & Food,cookbooks | cooking | food and drink,"roast figs, sugar snow: food to warm the soul cookbooks | cooking | food and drink",3
Vegan Planet: 400 Irresistible Recipes with Fantastic Flavors from Home and Around the World,Robin    Robertson,3.94,4301.0,,,vegetarian and plant based | cookbooks | cooking | food and drink,eng,https://i.gr-assets.com/images/S/compressed.photo.goodreads.com/books/1403207104i/48308._SX50_.jpg,https://www.goodreads.com/book/show/48308.Vegan_Planet,Goodreads web scraping,vegetarian and plant based,336.0,General Cooking & Food,cookbooks | cooking | food and drink,vegan planet: 400 irresistible recipes with fantastic flavors from home and around the world cookbooks | cooking | food and drink,3
The Taste of Country Cooking,Edna Lewis,4.44,1551.0,,,general cooking | cookbooks | cooking | food and drink,eng,https://i.gr-assets.com/images/S/compressed.photo.goodreads.com/books/1388462940i/346029._SX50_.jpg,https://www.goodreads.com/book/show/346029.The_Taste_of_Country_Cooking,Goodreads web scraping,general cooking,336.0,General Cooking & Food,cookbooks | cooking | food and drink,the taste of country cooking cookbooks | cooking | food and drink,3
The New Indian Cooking Course,Manisha Kanani,4.0,8.0,,,world cuisines | cookbooks | cooking | food and drink,eng,https://i.gr-assets.com/images/S/compressed.photo.goodreads.com/books/1711507578i/1921065._SX50_.jpg,https://www.goodreads.com/book/show/1921065.The_New_Indian_Cooking_Course,Goodreads web scraping,world cuisines,338.0,General Cooking & Food,cookbooks | cooking | food and drink,the new indian cooking course cookbooks | cooking | food and drink,3
What to Cook and How to Cook It,Jane Hornby,4.38,350.0,,,general cooking | cookbooks | cooking | food and drink,eng,https://i.gr-assets.com/images/S/compressed.photo.goodreads.com/books/1337644285i/9382624._SX50_.jpg,https://www.goodreads.com/book/show/9382624-what-to-cook-and-how-to-cook-it,Goodreads web scraping,general cooking,338.0,General Cooking & Food,cookbooks | cooking | food and drink,what to cook and how to cook it cookbooks | cooking | food and drink,3
Pleyn Delit: Medieval Cookery for Modern Cooks,Sharon Butler,4.19,172.0,,,general cooking | cookbooks | cooking | food and drink,eng,https://i.gr-assets.com/images/S/compressed.photo.goodreads.com/books/1348517398i/600636._SY75_.jpg,https://www.goodreads.com/book/show/600636.Pleyn_Delit,Goodreads web scraping,general cooking,338.0,General Cooking & Food,cookbooks | cooking | food and drink,pleyn delit: medieval cookery for modern cooks cookbooks | cooking | food and drink,3
Culinaria Europese specialiteiten,Inge Rappert,4.45,137.0,,,general cooking | cookbooks | cooking | food and drink,eng,https://i.gr-assets.com/images/S/compressed.photo.goodreads.com/books/1339533647i/15703048._SX50_.jpg,https://www.goodreads.com/book/show/15703048-culinaria-europese-specialiteiten,Goodreads web scraping,general cooking,341.0,General Cooking & Food,cookbooks | cooking | food and drink,culinaria europese specialiteiten cookbooks | cooking | food and drink,3
Molly on the Range: Recipes and Stories from An Unlikely Life on a Farm: A Cookbook,Molly Yeh,4.18,1685.0,,,general cooking | cookbooks | cooking | food and drink,eng,https://i.gr-assets.com/images/S/compressed.photo.goodreads.com/books/1479040340i/28260495._SX50_.jpg,https://www.goodreads.com/book/show/28260495-molly-on-the-range,Goodreads web scraping,general cooking,341.0,General Cooking & Food,cookbooks | cooking | food and drink,molly on the range: recipes and stories from an unlikely life on a farm: a cookbook cookbooks | cooking | food and drink,3
The New American Heart Association Cookbook,American Heart Association,3.96,367.0,,,general cooking | cookbooks | cooking | food and drink,eng,https://i.gr-assets.com/images/S/compressed.photo.goodreads.com/books/1347664917i/576612._SY75_.jpg,https://www.goodreads.com/book/show/576612.The_New_American_Heart_Association_Cookbook,Goodreads web scraping,general cooking,343.0,General Cooking & Food,cookbooks | cooking | food and drink,the new american heart association cookbook cookbooks | cooking | food and drink,3
Bitter Almonds: Recollections and Recipes from a Sicilian Girlhood,Mary Taylor Simeti,3.69,230.0,,,general cooking | cookbooks | cooking | food and drink,eng,https://i.gr-assets.com/images/S/compressed.photo.goodreads.com/books/1348227402i/96506._SY75_.jpg,https://www.goodreads.com/book/show/96506.Bitter_Almonds,Goodreads web scraping,general cooking,343.0,General Cooking & Food,cookbooks | cooking | food and drink,bitter almonds: recollections and recipes from a sicilian girlhood cookbooks | cooking | food and drink,3
Top Secret Restaurant Recipes: Creating Kitchen Clones from America's Favorite Restaurant Chains,Todd Wilbur,4.05,5739.0,,,general cooking | cookbooks | cooking | food and drink,eng,https://i.gr-assets.com/images/S/compressed.photo.goodreads.com/books/1392587003i/732053._SY75_.jpg,https://www.goodreads.com/book/show/732053.Top_Secret_Restaurant_Recipes,Goodreads web scraping,general cooking,343.0,General Cooking & Food,cookbooks | cooking | food and drink,top secret restaurant recipes: creating kitchen clones from america's favorite restaurant chains cookbooks | cooking | food and drink,3
The Oh She Glows Cookbook: Over 100 Vegan Recipes to Glow from the Inside Out,Angela  Liddon,4.01,18451.0,,,vegetarian and plant based | cookbooks | cooking | food and drink,eng,https://i.gr-assets.com/images/S/compressed.photo.goodreads.com/books/1393810176i/18079651._SX50_.jpg,https://www.goodreads.com/book/show/18079651-the-oh-she-glows-cookbook,Goodreads web scraping,vegetarian and plant based,343.0,General Cooking & Food,cookbooks | cooking | food and drink,the oh she glows cookbook: over 100 vegan recipes to glow from the inside out cookbooks | cooking | food and drink,3
S'more Cookbook: Tasty Creative S'more Recipes,Stephanie Sharp,4.42,12.0,,,general cooking | cookbooks | cooking | food and drink,eng,https://i.gr-assets.com/images/S/compressed.photo.goodreads.com/books/1577663524i/50105903._SY75_.jpg,https://www.goodreads.com/book/show/50105903-s-more-cookbook,Goodreads web scraping,general cooking,343.0,General Cooking & Food,cookbooks | cooking | food and drink,s'more cookbook: tasty creative s'more recipes cookbooks | cooking | food and drink,3
2020 Starter HCG Diet Recipes Cookbook: Delicious Hassle Free HCG Diet Recipes That Will Get You Started on the HCG Diet,Stephanie Sharp,4.38,8.0,,,nutrition and healthy eating | cookbooks | cooking | food and drink,eng,https://i.gr-assets.com/images/S/compressed.photo.goodreads.com/books/1591129729i/53779407._SX50_.jpg,https://www.goodreads.com/book/show/53779407-2020-starter-hcg-diet-recipes-cookbook,Goodreads web scraping,nutrition and healthy eating,343.0,Nutrition,cookbooks | cooking | food and drink,2020 starter hcg diet recipes cookbook: delicious hassle free hcg diet recipes that will get you started on the hcg diet cookbooks | cooking | food and drink,3
Guacamole Cookbook: Trendy and Fun Guacamole Recipes,Stephanie Sharp,4.38,8.0,,,general cooking | cookbooks | cooking | food and drink,eng,https://i.gr-assets.com/images/S/compressed.photo.goodreads.com/books/1601363920i/55505975._SX50_.jpg,https://www.goodreads.com/book/show/55505975-guacamole-cookbook,Goodreads web scraping,general cooking,343.0,General Cooking & Food,cookbooks | cooking | food and drink,guacamole cookbook: trendy and fun guacamole recipes cookbooks | cooking | food and drink,3
Simple Pierogi Cookbook: Delicious Pierogi Recipes That Will Help You Be the Life of The Party,Stephanie Sharp,4.62,8.0,,,baking and desserts | cookbooks | cooking | food and drink,eng,https://i.gr-assets.com/images/S/compressed.photo.goodreads.com/books/1590612210i/53506111._SY75_.jpg,https://www.goodreads.com/book/show/53506111-simple-pierogi-cookbook,Goodreads web scraping,baking and desserts,343.0,Baking and Pastry,cookbooks | cooking | food and drink,simple pierogi cookbook: delicious pierogi recipes that will help you be the life of the party cookbooks | cooking | food and drink,3
Beginner Spatzle Recipes Cookbook: Delicious & Easy Spatzle Recipes for Beginners to German Cuisine,Stephanie Sharp,4.5,8.0,,,quick and practical cooking | cookbooks | cooking | food and drink,eng,https://i.gr-assets.com/images/S/compressed.photo.goodreads.com/books/1590556004i/53493137._SX50_.jpg,https://www.goodreads.com/book/show/53493137-beginner-spatzle-recipes-cookbook,Goodreads web scraping,quick and practical cooking,343.0,General Cooking & Food,cookbooks | cooking | food and drink,beginner spatzle recipes cookbook: delicious & easy spatzle recipes for beginners to german cuisine cookbooks | cooking | food and drink,3
The Complete Book of soups and Stews,Bernard Clayton Jr.,4.2,69.0,,,general cooking | cookbooks | cooking | food and drink,eng,https://i.gr-assets.com/images/S/compressed.photo.goodreads.com/books/1175791343i/557873._SX50_.jpg,https://www.goodreads.com/book/show/557873.The_Complete_Book_of_soups_and_Stews,Goodreads web scraping,general cooking,352.0,General Cooking & Food,cookbooks | cooking | food and drink,the complete book of soups and stews cookbooks | cooking | food and drink,3
Learning to Cook with Marion Cunningham,Marion Cunningham,4.47,72.0,,,general cooking | cookbooks | cooking | food and drink,eng,https://i.gr-assets.com/images/S/compressed.photo.goodreads.com/books/1387734879i/158932._SX50_.jpg,https://www.goodreads.com/book/show/158932.Learning_to_Cook_with_Marion_Cunningham,Goodreads web scraping,general cooking,352.0,General Cooking & Food,cookbooks | cooking | food and drink,learning to cook with marion cunningham cookbooks | cooking | food and drink,3
"Everyday Food: Fresh Flavor Fast: 250 Easy, Delicious Recipes for Any Time of Day",Martha Stewart,3.96,1520.0,,,quick and practical cooking | cookbooks | cooking | food and drink,eng,https://i.gr-assets.com/images/S/compressed.photo.goodreads.com/books/1320442612i/6613281._SX50_.jpg,https://www.goodreads.com/book/show/6613281-everyday-food,Goodreads web scraping,quick and practical cooking,352.0,General Cooking & Food,cookbooks | cooking | food and drink,"everyday food: fresh flavor fast: 250 easy, delicious recipes for any time of day cookbooks | cooking | food and drink",3
The Happy Herbivore Cookbook: Over 175 Delicious Fat-Free and Low-Fat Vegan Recipes,Lindsay S. Nixon,4.02,3733.0,,,vegetarian and plant based | cookbooks | cooking | food and drink,eng,https://i.gr-assets.com/images/S/compressed.photo.goodreads.com/books/1294090288i/7913713._SX50_.jpg,https://www.goodreads.com/book/show/7913713-the-happy-herbivore-cookbook,Goodreads web scraping,vegetarian and plant based,355.0,General Cooking & Food,cookbooks | cooking | food and drink,the happy herbivore cookbook: over 175 delicious fat-free and low-fat vegan recipes cookbooks | cooking | food and drink,3
Cold Platters for Christmas and New Year: Amazing Grazing Festive Fare to Share,Christina Tosch,4.0,9.0,,,general cooking | cookbooks | cooking | food and drink,eng,https://i.gr-assets.com/images/S/compressed.photo.goodreads.com/books/1606537897i/56067321._SX50_.jpg,https://www.goodreads.com/book/show/56067321-cold-platters-for-christmas-and-new-year,Goodreads web scraping,general cooking,355.0,General Cooking & Food,cookbooks | cooking | food and drink,cold platters for christmas and new year: amazing grazing festive fare to share cookbooks | cooking | food and drink,3
"Better Homes and Gardens, the Ultimate Cookie Book: More Than 500 Tempting Treats Plus Secrets for Baking Better Cookies",Lois White,4.08,53.0,,,baking and desserts | cookbooks | cooking | food and drink,eng,https://i.gr-assets.com/images/S/compressed.photo.goodreads.com/books/1359424831i/1671170._SX50_.jpg,https://www.goodreads.com/book/show/1671170.Better_Homes_and_Gardens_the_Ultimate_Cookie_Book,Goodreads web scraping,baking and desserts,357.0,Baking and Pastry,cookbooks | cooking | food and drink,"better homes and gardens, the ultimate cookie book: more than 500 tempting treats plus secrets for baking better cookies cookbooks | cooking | food and drink",3
The Art of Fermentation: An in-Depth Exploration of Essential Concepts and Processes from Around the World,Sandor Ellix Katz,4.43,4951.0,,,food science and technique | cookbooks | cooking | food and drink,eng,https://i.gr-assets.com/images/S/compressed.photo.goodreads.com/books/1334185796i/13598307._SX50_.jpg,https://www.goodreads.com/book/show/13598307-the-art-of-fermentation,Goodreads web scraping,food science and technique,358.0,General Cooking & Food,cookbooks | cooking | food and drink,the art of fermentation: an in-depth exploration of essential concepts and processes from around the world cookbooks | cooking | food and drink,3
Thai Soup Cookbook: Plunge into a Bowl of Happiness with Thai Soup,Stephanie Sharp,3.75,12.0,,,world cuisines | cookbooks | cooking | food and drink,eng,https://i.gr-assets.com/images/S/compressed.photo.goodreads.com/books/1598212310i/55083205._SX50_.jpg,https://www.goodreads.com/book/show/55083205-thai-soup-cookbook,Goodreads web scraping,world cuisines,358.0,General Cooking & Food,cookbooks | cooking | food and drink,thai soup cookbook: plunge into a bowl of happiness with thai soup cookbooks | cooking | food and drink,3
Biggest Book of Bread Machine Recipes,Carrie Holcomb,4.18,71.0,,,baking and desserts | cookbooks | cooking | food and drink,eng,https://i.gr-assets.com/images/S/compressed.photo.goodreads.com/books/1360056626i/153241._SX50_.jpg,https://www.goodreads.com/book/show/153241.Biggest_Book_of_Bread_Machine_Recipes,Goodreads web scraping,baking and desserts,360.0,Baking and Pastry,cookbooks | cooking | food and drink,biggest book of bread machine recipes cookbooks | cooking | food and drink,3
Delia Smith's Summer Collection,Delia Smith,4.12,323.0,,,general cooking | cookbooks | cooking | food and drink,eng,https://i.gr-assets.com/images/S/compressed.photo.goodreads.com/books/1179767629i/953667._SX50_.jpg,https://www.goodreads.com/book/show/953667.Delia_Smith_s_Summer_Collection,Goodreads web scraping,general cooking,360.0,General Cooking & Food,cookbooks | cooking | food and drink,delia smith's summer collection cookbooks | cooking | food and drink,3
Flatbreads  Flavors,Jeffrey Alford,4.26,495.0,,,baking and desserts | cookbooks | cooking | food and drink,eng,https://i.gr-assets.com/images/S/compressed.photo.goodreads.com/books/1348113090i/438252._SX50_.jpg,https://www.goodreads.com/book/show/438252.Flatbreads_Flavors,Goodreads web scraping,baking and desserts,362.0,Baking and Pastry,cookbooks | cooking | food and drink,flatbreads flavors cookbooks | cooking | food and drink,3
Culinaria Italy,Claudia Piras,4.44,333.0,,,general cooking | cookbooks | cooking | food and drink,eng,https://i.gr-assets.com/images/S/compressed.photo.goodreads.com/books/1174924105i/455347._SX50_.jpg,https://www.goodreads.com/book/show/455347.Culinaria_Italy,Goodreads web scraping,general cooking,363.0,General Cooking & Food,cookbooks | cooking | food and drink,culinaria italy cookbooks | cooking | food and drink,3
Jim Lee's Chinese Cookbook.,Jim       Lee,3.67,9.0,,,world cuisines | cookbooks | cooking | food and drink,eng,https://i.gr-assets.com/images/S/compressed.photo.goodreads.com/nophoto/book/111x148._SX50_.png,https://www.goodreads.com/book/show/707822.Jim_Lee_s_Chinese_Cookbook_,Goodreads web scraping,world cuisines,364.0,General Cooking & Food,cookbooks | cooking | food and drink,jim lee's chinese cookbook. cookbooks | cooking | food and drink,3
The Complete Middle East Cookbook,Tess Mallos,4.36,159.0,,,general cooking | cookbooks | cooking | food and drink,eng,https://i.gr-assets.com/images/S/compressed.photo.goodreads.com/books/1364139917i/496305._SX50_.jpg,https://www.goodreads.com/book/show/496305.The_Complete_Middle_East_Cookbook,Goodreads web scraping,general cooking,364.0,General Cooking & Food,cookbooks | cooking | food and drink,the complete middle east cookbook cookbooks | cooking | food and drink,3
Southeast Asian Specialties,Rosalind Mowe,4.36,154.0,,,world cuisines | cookbooks | cooking | food and drink,eng,https://i.gr-assets.com/images/S/compressed.photo.goodreads.com/books/1387752160i/1213485._SX50_.jpg,https://www.goodreads.com/book/show/1213485.Southeast_Asian_Specialties,Goodreads web scraping,world cuisines,366.0,General Cooking & Food,cookbooks | cooking | food and drink,southeast asian specialties cookbooks | cooking | food and drink,3
A Piece of Cake,Susan G. Purdy,4.62,29.0,,,baking and desserts | cookbooks | cooking | food and drink,eng,https://i.gr-assets.com/images/S/compressed.photo.goodreads.com/books/1289258557i/208847._SX50_.jpg,https://www.goodreads.com/book/show/208847.A_Piece_of_Cake,Goodreads web scraping,baking and desserts,366.0,Baking and Pastry,cookbooks | cooking | food and drink,a piece of cake cookbooks | cooking | food and drink,3
Bobby Flay's Grill It!,Bobby Flay,4.17,477.0,,,general cooking | cookbooks | cooking | food and drink,eng,https://i.gr-assets.com/images/S/compressed.photo.goodreads.com/books/1320479727i/2255989._SX50_.jpg,https://www.goodreads.com/book/show/2255989.Bobby_Flay_s_Grill_It_,Goodreads web scraping,general cooking,366.0,General Cooking & Food,cookbooks | cooking | food and drink,bobby flay's grill it! cookbooks | cooking | food and drink,3
Viva Vegan! 200 Authentic and Fabulous Recipes for Latin Food Lovers,Terry Hope Romero,3.88,2874.0,,,vegetarian and plant based | cookbooks | cooking | food and drink,eng,https://i.gr-assets.com/images/S/compressed.photo.goodreads.com/books/1328829394i/7130273._SX50_.jpg,https://www.goodreads.com/book/show/7130273-viva-vegan-200-authentic-and-fabulous-recipes-for-latin-food-lovers,Goodreads web scraping,vegetarian and plant based,366.0,General Cooking & Food,cookbooks | cooking | food and drink,viva vegan! 200 authentic and fabulous recipes for latin food lovers cookbooks | cooking | food and drink,3
Brunch: 100 Recipes from Five Points Restaurant,Marc    Meyer,3.78,37.0,,,general cooking | cookbooks | cooking | food and drink,eng,https://i.gr-assets.com/images/S/compressed.photo.goodreads.com/books/1320393166i/790325._SX50_.jpg,https://www.goodreads.com/book/show/790325.Brunch,Goodreads web scraping,general cooking,370.0,General Cooking & Food,cookbooks | cooking | food and drink,brunch: 100 recipes from five points restaurant cookbooks | cooking | food and drink,3
Lidia's Italy,Lidia Matticchio Bastianich,4.2,663.0,,,general cooking | cookbooks | cooking | food and drink,eng,https://i.gr-assets.com/images/S/compressed.photo.goodreads.com/books/1440456652i/22967._SX50_.jpg,https://www.goodreads.com/book/show/22967.Lidia_s_Italy,Goodreads web scraping,general cooking,370.0,General Cooking & Food,cookbooks | cooking | food and drink,lidia's italy cookbooks | cooking | food and drink,3
Madhur Jaffrey's World-of-the-East Vegetarian Cooking: A Cookbook,Madhur Jaffrey,4.26,625.0,,,vegetarian and plant based | cookbooks | cooking | food and drink,eng,https://i.gr-assets.com/images/S/compressed.photo.goodreads.com/books/1320400839i/142850._SX50_.jpg,https://www.goodreads.com/book/show/142850.Madhur_Jaffrey_s_World_of_the_East_Vegetarian_Cooking,Goodreads web scraping,vegetarian and plant based,370.0,General Cooking & Food,cookbooks | cooking | food and drink,madhur jaffrey's world-of-the-east vegetarian cooking: a cookbook cookbooks | cooking | food and drink,3
Japanese Cuisine,Tetsu Kariya,4.02,1749.0,,,world cuisines | cookbooks | cooking | food and drink,eng,https://i.gr-assets.com/images/S/compressed.photo.goodreads.com/books/1390624152i/4589731._SX50_.jpg,https://www.goodreads.com/book/show/4589731-japanese-cuisine,Goodreads web scraping,world cuisines,370.0,General Cooking & Food,cookbooks | cooking | food and drink,japanese cuisine cookbooks | cooking | food and drink,3
The New York Times Heritage Cook Book,Jean Hewitt,4.29,41.0,,,general cooking | cookbooks | cooking | food and drink,eng,https://i.gr-assets.com/images/S/compressed.photo.goodreads.com/books/1387739367i/1693619._SX50_.jpg,https://www.goodreads.com/book/show/1693619.The_New_York_Times_Heritage_Cook_Book,Goodreads web scraping,general cooking,374.0,General Cooking & Food,cookbooks | cooking | food and drink,the new york times heritage cook book cookbooks | cooking | food and drink,3
From Tapas to Meze: Small Plates from the Mediterranean,Joanne Weir,4.25,64.0,,,world cuisines | cookbooks | cooking | food and drink,eng,https://i.gr-assets.com/images/S/compressed.photo.goodreads.com/books/1388983376i/189961._SX50_.jpg,https://www.goodreads.com/book/show/189961.From_Tapas_to_Meze,Goodreads web scraping,world cuisines,374.0,General Cooking & Food,cookbooks | cooking | food and drink,from tapas to meze: small plates from the mediterranean cookbooks | cooking | food and drink,3
Semi-Homemade: 20-Minute Meals,Sandra Lee,3.73,213.0,,,quick and practical cooking | cookbooks | cooking | food and drink,eng,https://i.gr-assets.com/images/S/compressed.photo.goodreads.com/books/1438800644i/2118286._SX50_.jpg,https://www.goodreads.com/book/show/2118286.Semi_Homemade,Goodreads web scraping,quick and practical cooking,376.0,General Cooking & Food,cookbooks | cooking | food and drink,semi-homemade: 20-minute meals cookbooks | cooking | food and drink,3
Jamie Oliver's Comfort Food: The Ultimate Weekend Cookbook,Jamie Oliver,4.16,1500.0,,,general cooking | cookbooks | cooking | food and drink,eng,https://i.gr-assets.com/images/S/compressed.photo.goodreads.com/books/1404481625i/20603007._SX50_.jpg,https://www.goodreads.com/book/show/20603007-jamie-oliver-s-comfort-food,Goodreads web scraping,general cooking,376.0,General Cooking & Food,cookbooks | cooking | food and drink,jamie oliver's comfort food: the ultimate weekend cookbook cookbooks | cooking | food and drink,3
"Moosewood Restaurant Daily Special: More Than 275 Recipes for Soups, Stews, Salads & Extras",The Moosewood Collective,4.15,909.0,,,general cooking | cookbooks | cooking | food and drink,eng,https://i.gr-assets.com/images/S/compressed.photo.goodreads.com/books/1388464767i/198179._SX50_.jpg,https://www.goodreads.com/book/show/198179.Moosewood_Restaurant_Daily_Special,Goodreads web scraping,general cooking,378.0,General Cooking & Food,cookbooks | cooking | food and drink,"moosewood restaurant daily special: more than 275 recipes for soups, stews, salads & extras cookbooks | cooking | food and drink",3
Toll House Heritage Cookbook: A Collection of Favorite Dessert Recipes,Nestle Toll House,3.71,31.0,,,baking and desserts | cookbooks | cooking | food and drink,eng,https://i.gr-assets.com/images/S/compressed.photo.goodreads.com/books/1334279502i/7231751._SY75_.jpg,https://www.goodreads.com/book/show/7231751-toll-house-heritage-cookbook,Goodreads web scraping,baking and desserts,378.0,Baking and Pastry,cookbooks | cooking | food and drink,toll house heritage cookbook: a collection of favorite dessert recipes cookbooks | cooking | food and drink,3
"1,000 Vegan Recipes (1,000 Recipes)",Robin    Robertson,4.22,791.0,,,vegetarian and plant based | cookbooks | cooking | food and drink,eng,https://i.gr-assets.com/images/S/compressed.photo.goodreads.com/books/1360056447i/6657635._SX50_.jpg,https://www.goodreads.com/book/show/6657635-1-000-vegan-recipes,Goodreads web scraping,vegetarian and plant based,378.0,General Cooking & Food,cookbooks | cooking | food and drink,"1,000 vegan recipes (1,000 recipes) cookbooks | cooking | food and drink",3
New American Cooking: The Best of Contemporary Regional Cuisines,Williams Sonoma,4.19,16.0,,,general cooking | cookbooks | cooking | food and drink,eng,https://i.gr-assets.com/images/S/compressed.photo.goodreads.com/books/1347373687i/1878240._SX50_.jpg,https://www.goodreads.com/book/show/1878240.New_American_Cooking,Goodreads web scraping,general cooking,378.0,General Cooking & Food,cookbooks | cooking | food and drink,new american cooking: the best of contemporary regional cuisines cookbooks | cooking | food and drink,3
Cupcakes from the Primrose Bakery,Martha Swift and Lisa Thomas,4.28,453.0,,,baking and desserts | cookbooks | cooking | food and drink,eng,https://i.gr-assets.com/images/S/compressed.photo.goodreads.com/books/1348852787i/6983125._SX50_.jpg,https://www.goodreads.com/book/show/6983125-cupcakes-from-the-primrose-bakery,Goodreads web scraping,baking and desserts,382.0,Baking and Pastry,cookbooks | cooking | food and drink,cupcakes from the primrose bakery cookbooks | cooking | food and drink,3
"How to Grill: The Complete Illustrated Book of Barbecue Techniques, A Barbecue Bible! Cookbook (Steven Raichlen Barbecue Bible Cookbooks)",Steven Raichlen,4.17,1549.0,,,food science and technique | cookbooks | cooking | food and drink,eng,https://i.gr-assets.com/images/S/compressed.photo.goodreads.com/books/1404576967i/488318._SX50_.jpg,https://www.goodreads.com/book/show/488318.How_to_Grill,Goodreads web scraping,food science and technique,382.0,General Cooking & Food,cookbooks | cooking | food and drink,"how to grill: the complete illustrated book of barbecue techniques, a barbecue bible! cookbook (steven raichlen barbecue bible cookbooks) cookbooks | cooking | food and drink",3
Fresh Every Day: More Great Recipes from Foster's Market,Sara  Foster,4.42,96.0,,,general cooking | cookbooks | cooking | food and drink,eng,https://i.gr-assets.com/images/S/compressed.photo.goodreads.com/books/1388202026i/338363._SX50_.jpg,https://www.goodreads.com/book/show/338363.Fresh_Every_Day,Goodreads web scraping,general cooking,384.0,General Cooking & Food,cookbooks | cooking | food and drink,fresh every day: more great recipes from foster's market cookbooks | cooking | food and drink,3
"Nigella Christmas: Food, Family, Friends, Festivities",Nigella Lawson,4.24,4317.0,,,general cooking | cookbooks | cooking | food and drink,eng,https://i.gr-assets.com/images/S/compressed.photo.goodreads.com/books/1320472990i/5055763._SX50_.jpg,https://www.goodreads.com/book/show/5055763-nigella-christmas,Goodreads web scraping,general cooking,384.0,General Cooking & Food,cookbooks | cooking | food and drink,"nigella christmas: food, family, friends, festivities cookbooks | cooking | food and drink",3
"Once Upon a Tart ... : Soups, Salads, Muffins, and More",Frank Mentesana,4.33,121.0,,,general cooking | cookbooks | cooking | food and drink,eng,https://i.gr-assets.com/images/S/compressed.photo.goodreads.com/books/1320468680i/152786._SX50_.jpg,https://www.goodreads.com/book/show/152786.Once_Upon_a_Tart_,Goodreads web scraping,general cooking,386.0,General Cooking & Food,cookbooks | cooking | food and drink,"once upon a tart ... : soups, salads, muffins, and more cookbooks | cooking | food and drink",3
Japanese Cooking: A Simple Art,Shizuo Tsuji,4.34,1068.0,,,world cuisines | cookbooks | cooking | food and drink,eng,https://i.gr-assets.com/images/S/compressed.photo.goodreads.com/books/1347355039i/297751._SX50_.jpg,https://www.goodreads.com/book/show/297751.Japanese_Cooking,Goodreads web scraping,world cuisines,386.0,General Cooking & Food,cookbooks | cooking | food and drink,japanese cooking: a simple art cookbooks | cooking | food and drink,3
Williams-Sonoma Essentials of Baking: Recipes and Techniques for Succcessful Home Baking,Cathy Burgett,4.37,230.0,,,baking and desserts | cookbooks | cooking | food and drink,eng,https://i.gr-assets.com/images/S/compressed.photo.goodreads.com/books/1312051735i/3777827._SX50_.jpg,https://www.goodreads.com/book/show/3777827-williams-sonoma-essentials-of-baking,Goodreads web scraping,baking and desserts,388.0,Baking and Pastry,cookbooks | cooking | food and drink,williams-sonoma essentials of baking: recipes and techniques for succcessful home baking cookbooks | cooking | food and drink,3
Feline Fine!: Homemade Cat Food & Treat Recipes - A Cool for Cats Cookbook,Daniel Humphreys,4.36,14.0,,,general cooking | cookbooks | cooking | food and drink,eng,https://i.gr-assets.com/images/S/compressed.photo.goodreads.com/books/1548873176i/43791477._SY75_.jpg,https://www.goodreads.com/book/show/43791477-feline-fine,Goodreads web scraping,general cooking,388.0,General Cooking & Food,cookbooks | cooking | food and drink,feline fine!: homemade cat food & treat recipes - a cool for cats cookbook cookbooks | cooking | food and drink,3
Cookies Unlimited,Nick Malgieri,4.04,71.0,,,baking and desserts | cookbooks | cooking | food and drink,eng,https://i.gr-assets.com/images/S/compressed.photo.goodreads.com/books/1347796124i/924144._SX50_.jpg,https://www.goodreads.com/book/show/924144.Cookies_Unlimited,Goodreads web scraping,baking and desserts,390.0,Baking and Pastry,cookbooks | cooking | food and drink,cookies unlimited cookbooks | cooking | food and drink,3
The Frugal Gourmet Celebrates Christmas,Jeff  Smith,3.88,202.0,,,general cooking | cookbooks | cooking | food and drink,eng,https://i.gr-assets.com/images/S/compressed.photo.goodreads.com/books/1414392336i/708865._SX50_.jpg,https://www.goodreads.com/book/show/708865.The_Frugal_Gourmet_Celebrates_Christmas,Goodreads web scraping,general cooking,391.0,General Cooking & Food,cookbooks | cooking | food and drink,the frugal gourmet celebrates christmas cookbooks | cooking | food and drink,3
Ottolenghi Simple,Yotam Ottolenghi,4.3,14185.0,,,quick and practical cooking | cookbooks | cooking | food and drink,eng,https://i.gr-assets.com/images/S/compressed.photo.goodreads.com/books/1523357175i/38358651._SX50_.jpg,https://www.goodreads.com/book/show/38358651-ottolenghi-simple,Goodreads web scraping,quick and practical cooking,391.0,General Cooking & Food,cookbooks | cooking | food and drink,ottolenghi simple cookbooks | cooking | food and drink,3
The Creme Brulee Cookbook: Decadent Dessert Recipes to Grace Your Dinner Table,Christina Tosch,4.64,11.0,,,baking and desserts | cookbooks | cooking | food and drink,eng,https://i.gr-assets.com/images/S/compressed.photo.goodreads.com/books/1566896760l/52691576._SX50_SY75_.jpg,https://www.goodreads.com/book/show/52691576-the-creme-brulee-cookbook,Goodreads web scraping,baking and desserts,391.0,Baking and Pastry,cookbooks | cooking | food and drink,the creme brulee cookbook: decadent dessert recipes to grace your dinner table cookbooks | cooking | food and drink,3
Jamie's America,Jamie Oliver,3.87,1652.0,,,general cooking | cookbooks | cooking | food and drink,eng,https://i.gr-assets.com/images/S/compressed.photo.goodreads.com/books/1327143109i/6785138._SX50_.jpg,https://www.goodreads.com/book/show/6785138-jamie-s-america,Goodreads web scraping,general cooking,394.0,General Cooking & Food,cookbooks | cooking | food and drink,jamie's america cookbooks | cooking | food and drink,3
Cooking with All Things Trader Joe's,Deana Gunn,3.58,243.0,,,general cooking | cookbooks | cooking | food and drink,eng,https://i.gr-assets.com/images/S/compressed.photo.goodreads.com/books/1264315590i/3637801._SX50_.jpg,https://www.goodreads.com/book/show/3637801-cooking-with-all-things-trader-joe-s,Goodreads web scraping,general cooking,395.0,General Cooking & Food,cookbooks | cooking | food and drink,cooking with all things trader joe's cookbooks | cooking | food and drink,3
Savoring Spain & Portugal: Recipes and Reflections on Iberian Cooking (Williams-Sonoma: The Savoring Series),Williams Sonoma,4.31,42.0,,,general cooking | cookbooks | cooking | food and drink,eng,https://i.gr-assets.com/images/S/compressed.photo.goodreads.com/books/1188858705i/1824684._SX50_.jpg,https://www.goodreads.com/book/show/1824684.Savoring_Spain_Portugal,Goodreads web scraping,general cooking,396.0,General Cooking & Food,cookbooks | cooking | food and drink,savoring spain & portugal: recipes and reflections on iberian cooking (williams-sonoma: the savoring series) cookbooks | cooking | food and drink,3
Patisserie: Mastering the Fundamentals of French Pastry - Updated Edition,Christophe Felder,4.38,237.0,,,baking and desserts | cookbooks | cooking | food and drink,eng,https://i.gr-assets.com/images/S/compressed.photo.goodreads.com/books/1352422890i/15797185._SX50_.jpg,https://www.goodreads.com/book/show/15797185-patisserie,Goodreads web scraping,baking and desserts,396.0,Baking and Pastry,cookbooks | cooking | food and drink,patisserie: mastering the fundamentals of french pastry - updated edition cookbooks | cooking | food and drink,3
Culinaria France,André Dominé,4.36,263.0,,,general cooking | cookbooks | cooking | food and drink,eng,https://i.gr-assets.com/images/S/compressed.photo.goodreads.com/books/1348029965i/4231695._SX50_.jpg,https://www.goodreads.com/book/show/4231695-culinaria-france,Goodreads web scraping,general cooking,398.0,General Cooking & Food,cookbooks | cooking | food and drink,culinaria france cookbooks | cooking | food and drink,3
"The River Cottage Bread Handbook (River Cottage Handbook, #3)",Daniel Stevens,4.33,793.0,,,baking and desserts | cookbooks | cooking | food and drink,eng,https://i.gr-assets.com/images/S/compressed.photo.goodreads.com/books/1389063368i/6944454._SY75_.jpg,https://www.goodreads.com/book/show/6944454-the-river-cottage-bread-handbook,Goodreads web scraping,baking and desserts,398.0,Baking and Pastry,cookbooks | cooking | food and drink,"the river cottage bread handbook (river cottage handbook, #3) cookbooks | cooking | food and drink",3
Jamie's 15 Minute Meals,Jamie Oliver,3.96,2799.0,,,quick and practical cooking | cookbooks | cooking | food and drink,eng,https://i.gr-assets.com/images/S/compressed.photo.goodreads.com/books/1349440968i/15993310._SX50_.jpg,https://www.goodreads.com/book/show/15993310-jamie-s-15-minute-meals,Goodreads web scraping,quick and practical cooking,400.0,General Cooking & Food,cookbooks | cooking | food and drink,jamie's 15 minute meals cookbooks | cooking | food and drink,3
Jamie's 30-Minute Meals,Jamie Oliver,4.03,6490.0,,,quick and practical cooking | cookbooks | cooking | food and drink,eng,https://i.gr-assets.com/images/S/compressed.photo.goodreads.com/books/1348246332i/9047584._SX50_.jpg,https://www.goodreads.com/book/show/9047584-jamie-s-30-minute-meals,Goodreads web scraping,quick and practical cooking,401.0,General Cooking & Food,cookbooks | cooking | food and drink,jamie's 30-minute meals cookbooks | cooking | food and drink,3
Betty Crocker's Best Christmas Cookbook,Betty Crocker Editors,4.15,66.0,,,general cooking | cookbooks | cooking | food and drink,eng,https://i.gr-assets.com/images/S/compressed.photo.goodreads.com/books/1183385011i/1409978._SX50_.jpg,https://www.goodreads.com/book/show/1409978.Betty_Crocker_s_Best_Christmas_Cookbook,Goodreads web scraping,general cooking,402.0,General Cooking & Food,cookbooks | cooking | food and drink,betty crocker's best christmas cookbook cookbooks | cooking | food and drink,3
RIVER CAFE COOK BOOK EASY,Rose Gray,3.95,78.0,,,quick and practical cooking | cookbooks | cooking | food and drink,eng,https://i.gr-assets.com/images/S/compressed.photo.goodreads.com/books/1320414510i/2625632._SX50_.jpg,https://www.goodreads.com/book/show/2625632-river-cafe-cook-book-easy,Goodreads web scraping,quick and practical cooking,402.0,General Cooking & Food,cookbooks | cooking | food and drink,river cafe cook book easy cookbooks | cooking | food and drink,3
Jamie Oliver's Christmas Cookbook,Jamie Oliver,4.16,1212.0,,,general cooking | cookbooks | cooking | food and drink,eng,https://i.gr-assets.com/images/S/compressed.photo.goodreads.com/books/1518195448i/30347205._SX50_.jpg,https://www.goodreads.com/book/show/30347205-jamie-oliver-s-christmas-cookbook,Goodreads web scraping,general cooking,404.0,General Cooking & Food,cookbooks | cooking | food and drink,jamie oliver's christmas cookbook cookbooks | cooking | food and drink,3
"Fix-It and Forget-It Lightly: Healthy, Low-Fat Recipes for Your Slow Cooker",Phyllis Pellman Good,3.97,1911.0,,,nutrition and healthy eating | cookbooks | cooking | food and drink,eng,https://i.gr-assets.com/images/S/compressed.photo.goodreads.com/books/1348171562i/131990._SX50_.jpg,https://www.goodreads.com/book/show/131990.Fix_It_and_Forget_It_Lightly,Goodreads web scraping,nutrition and healthy eating,405.0,Nutrition,cookbooks | cooking | food and drink,"fix-it and forget-it lightly: healthy, low-fat recipes for your slow cooker cookbooks | cooking | food and drink",3
Cookie Cookbook: Bake Your Comfort Cookies at Home,Stephanie Sharp,4.71,7.0,,,baking and desserts | cookbooks | cooking | food and drink,eng,https://i.gr-assets.com/images/S/compressed.photo.goodreads.com/books/1600276438i/55353568._SX50_.jpg,https://www.goodreads.com/book/show/55353568-cookie-cookbook,Goodreads web scraping,baking and desserts,406.0,Baking and Pastry,cookbooks | cooking | food and drink,cookie cookbook: bake your comfort cookies at home cookbooks | cooking | food and drink,3
The Vegan Table: 200 Unforgettable Recipes for Entertaining Every Guest at Every Occasion,Colleen Patrick-Goudreau,4.02,2175.0,,,vegetarian and plant based | cookbooks | cooking | food and drink,eng,https://i.gr-assets.com/images/S/compressed.photo.goodreads.com/books/1328754271i/5821309._SX50_.jpg,https://www.goodreads.com/book/show/5821309-the-vegan-table,Goodreads web scraping,vegetarian and plant based,407.0,General Cooking & Food,cookbooks | cooking | food and drink,the vegan table: 200 unforgettable recipes for entertaining every guest at every occasion cookbooks | cooking | food and drink,3
The Muffin Cookbook: 50 Flavoursome Recipes of Moist and Tender Muffins,Rachael Rayner,4.67,6.0,,,general cooking | cookbooks | cooking | food and drink,eng,https://i.gr-assets.com/images/S/compressed.photo.goodreads.com/books/1600108377i/55337324._SX50_.jpg,https://www.goodreads.com/book/show/55337324-the-muffin-cookbook,Goodreads web scraping,general cooking,408.0,General Cooking & Food,cookbooks | cooking | food and drink,the muffin cookbook: 50 flavoursome recipes of moist and tender muffins cookbooks | cooking | food and drink,3
"Best-ever Slow Cooker, One-pot and Casserole Cookbook",Catherine Atkinson,3.84,45.0,,,quick and practical cooking | cookbooks | cooking | food and drink,eng,https://i.gr-assets.com/images/S/compressed.photo.goodreads.com/books/1333824087i/2045926._SX50_.jpg,https://www.goodreads.com/book/show/2045926.Best_ever_Slow_Cooker_One_pot_and_Casserole_Cookbook,Goodreads web scraping,quick and practical cooking,409.0,General Cooking & Food,cookbooks | cooking | food and drink,"best-ever slow cooker, one-pot and casserole cookbook cookbooks | cooking | food and drink",3
Your Guide to Warm Winter Recipes: Discover A Wide Variety of Recipes to Keep You Warm This Winter!,Valeria Ray,4.0,6.0,,,general cooking | cookbooks | cooking | food and drink,eng,https://i.gr-assets.com/images/S/compressed.photo.goodreads.com/books/1601603888i/55533246._SX50_.jpg,https://www.goodreads.com/book/show/55533246-your-guide-to-warm-winter-recipes,Goodreads web scraping,general cooking,410.0,General Cooking & Food,cookbooks | cooking | food and drink,your guide to warm winter recipes: discover a wide variety of recipes to keep you warm this winter! cookbooks | cooking | food and drink,3
Treasured Hungarian Family Recipes™ 1,Helen M. Radics,3.25,8.0,,,general cooking | cookbooks | cooking | food and drink,eng,https://i.gr-assets.com/images/S/compressed.photo.goodreads.com/books/1302241160i/11038239._SX50_.jpg,https://www.goodreads.com/book/show/11038239-treasured-hungarian-family-recipes-1,Goodreads web scraping,general cooking,411.0,General Cooking & Food,cookbooks | cooking | food and drink,treasured hungarian family recipes™ 1 cookbooks | cooking | food and drink,3
Maida Heatter's Cookies,Maida Heatter,4.48,94.0,,,baking and desserts | cookbooks | cooking | food and drink,eng,https://i.gr-assets.com/images/S/compressed.photo.goodreads.com/books/1175707487i/547862._SX50_.jpg,https://www.goodreads.com/book/show/547862.Maida_Heatter_s_Cookies,Goodreads web scraping,baking and desserts,411.0,Baking and Pastry,cookbooks | cooking | food and drink,maida heatter's cookies cookbooks | cooking | food and drink,3
Dessert Ideas that Won't Break the Bank: End Your Meals on a SWEET Note!,Ava Archer,3.6,5.0,,,baking and desserts | cookbooks | cooking | food and drink,eng,https://i.gr-assets.com/images/S/compressed.photo.goodreads.com/books/1599790651i/55296079._SX50_.jpg,https://www.goodreads.com/book/show/55296079-dessert-ideas-that-won-t-break-the-bank,Goodreads web scraping,baking and desserts,413.0,Baking and Pastry,cookbooks | cooking | food and drink,dessert ideas that won't break the bank: end your meals on a sweet note! cookbooks | cooking | food and drink,3
More Classic Italian Cooking,Marcella Hazan,4.51,96.0,,,world cuisines | cookbooks | cooking | food and drink,eng,https://i.gr-assets.com/images/S/compressed.photo.goodreads.com/books/1516478333i/21200._SY75_.jpg,https://www.goodreads.com/book/show/21200.More_Classic_Italian_Cooking,Goodreads web scraping,world cuisines,414.0,General Cooking & Food,cookbooks | cooking | food and drink,more classic italian cooking cookbooks | cooking | food and drink,3
Vegetable Soups from Deborah Madison's Kitchen,Deborah Madison,4.11,553.0,,,vegetarian and plant based | cookbooks | cooking | food and drink,eng,https://i.gr-assets.com/images/S/compressed.photo.goodreads.com/books/1320524755i/141050._SX50_.jpg,https://www.goodreads.com/book/show/141050.Vegetable_Soups_from_Deborah_Madison_s_Kitchen,Goodreads web scraping,vegetarian and plant based,414.0,General Cooking & Food,cookbooks | cooking | food and drink,vegetable soups from deborah madison's kitchen cookbooks | cooking | food and drink,3
Sunday Suppers: Informal American Home Cooking,Melanie Barnard,4.0,7.0,,,general cooking | cookbooks | cooking | food and drink,eng,https://i.gr-assets.com/images/S/compressed.photo.goodreads.com/books/1335656660i/635796._SX50_.jpg,https://www.goodreads.com/book/show/635796.Sunday_Suppers,Goodreads web scraping,general cooking,414.0,General Cooking & Food,cookbooks | cooking | food and drink,sunday suppers: informal american home cooking cookbooks | cooking | food and drink,3
The Dinner Doctor,Anne Byrn,3.78,309.0,,,general cooking | cookbooks | cooking | food and drink,eng,https://i.gr-assets.com/images/S/compressed.photo.goodreads.com/books/1404579676i/402019._SX50_.jpg,https://www.goodreads.com/book/show/402019.The_Dinner_Doctor,Goodreads web scraping,general cooking,417.0,General Cooking & Food,cookbooks | cooking | food and drink,the dinner doctor cookbooks | cooking | food and drink,3
Recipes That Take You to Italy: Love and Good Delicacies from Italy!,Ava Archer,4.4,5.0,,,general cooking | cookbooks | cooking | food and drink,eng,https://i.gr-assets.com/images/S/compressed.photo.goodreads.com/books/1600550469i/55379858._SX50_.jpg,https://www.goodreads.com/book/show/55379858-recipes-that-take-you-to-italy,Goodreads web scraping,general cooking,417.0,General Cooking & Food,cookbooks | cooking | food and drink,recipes that take you to italy: love and good delicacies from italy! cookbooks | cooking | food and drink,3
Pies Recipes Fit for Every Thanksgiving Table: Recipes Every Thanksgiving Table Should Have,Ava Archer,3.8,5.0,,,baking and desserts | cookbooks | cooking | food and drink,eng,https://i.gr-assets.com/images/S/compressed.photo.goodreads.com/books/1600019606i/55318845._SX50_.jpg,https://www.goodreads.com/book/show/55318845-pies-recipes-fit-for-every-thanksgiving-table,Goodreads web scraping,baking and desserts,419.0,Baking and Pastry,cookbooks | cooking | food and drink,pies recipes fit for every thanksgiving table: recipes every thanksgiving table should have cookbooks | cooking | food and drink,3
Semi-Homemade: Money Saving Meals,Sandra Lee,3.73,73.0,,,general cooking | cookbooks | cooking | food and drink,eng,https://i.gr-assets.com/images/S/compressed.photo.goodreads.com/books/1434846992i/3961303._SX50_.jpg,https://www.goodreads.com/book/show/3961303-semi-homemade,Goodreads web scraping,general cooking,420.0,General Cooking & Food,cookbooks | cooking | food and drink,semi-homemade: money saving meals cookbooks | cooking | food and drink,3
Jane Brody's Good Food Gourmet: Recipes and Menus for Delicious and Healthful Entertaining,Jane E. Brody,4.17,69.0,,,general cooking | cookbooks | cooking | food and drink,eng,https://i.gr-assets.com/images/S/compressed.photo.goodreads.com/books/1348919883i/1370002._SX50_.jpg,https://www.goodreads.com/book/show/1370002.Jane_Brody_s_Good_Food_Gourmet,Goodreads web scraping,general cooking,420.0,General Cooking & Food,cookbooks | cooking | food and drink,jane brody's good food gourmet: recipes and menus for delicious and healthful entertaining cookbooks | cooking | food and drink,3
Chez Panisse Desserts,Lindsey Remolif Shere,4.32,126.0,,,baking and desserts | cookbooks | cooking | food and drink,eng,https://i.gr-assets.com/images/S/compressed.photo.goodreads.com/books/1387709949i/1006950._SX50_.jpg,https://www.goodreads.com/book/show/1006950.Chez_Panisse_Desserts,Goodreads web scraping,baking and desserts,420.0,Baking and Pastry,cookbooks | cooking | food and drink,chez panisse desserts cookbooks | cooking | food and drink,3
Best Salsa with Main Dishes: Get in Tune with The Taste of Mexico In More Ways Than One,Ava Archer,4.5,4.0,,,general cooking | cookbooks | cooking | food and drink,eng,https://i.gr-assets.com/images/S/compressed.photo.goodreads.com/books/1601662377i/55538910._SX50_.jpg,https://www.goodreads.com/book/show/55538910-best-salsa-with-main-dishes,Goodreads web scraping,general cooking,423.0,General Cooking & Food,cookbooks | cooking | food and drink,best salsa with main dishes: get in tune with the taste of mexico in more ways than one cookbooks | cooking | food and drink,3
Sweetness: Delicious Baked Treats for Every Occasion,Sarah Levy Imberman,3.43,56.0,,,baking and desserts | cookbooks | cooking | food and drink,eng,https://i.gr-assets.com/images/S/compressed.photo.goodreads.com/books/1364258883i/6705770._SX50_.jpg,https://www.goodreads.com/book/show/6705770-sweetness,Goodreads web scraping,baking and desserts,424.0,Baking and Pastry,cookbooks | cooking | food and drink,sweetness: delicious baked treats for every occasion cookbooks | cooking | food and drink,3
Japanese Ramen Made Easy: A Cookbook of Fascinating Ramen Recipes,Ivy Hope,4.0,8.0,,,world cuisines | cookbooks | cooking | food and drink,eng,https://i.gr-assets.com/images/S/compressed.photo.goodreads.com/books/1601431309i/55513438._SX50_.jpg,https://www.goodreads.com/book/show/55513438-japanese-ramen-made-easy,Goodreads web scraping,world cuisines,424.0,General Cooking & Food,cookbooks | cooking | food and drink,japanese ramen made easy: a cookbook of fascinating ramen recipes cookbooks | cooking | food and drink,3
The Awesome Pizza Cookbook: An Incredible Guide with Nice Recipes to Prepare,Angel Burns,4.43,7.0,,,general cooking | cookbooks | cooking | food and drink,eng,https://i.gr-assets.com/images/S/compressed.photo.goodreads.com/books/1601825413i/55555017._SX50_.jpg,https://www.goodreads.com/book/show/55555017-the-awesome-pizza-cookbook,Goodreads web scraping,general cooking,426.0,General Cooking & Food,cookbooks | cooking | food and drink,the awesome pizza cookbook: an incredible guide with nice recipes to prepare cookbooks | cooking | food and drink,3
The Classic Pasta Cookbook,Giuliano Hazan,4.32,124.0,,,general cooking | cookbooks | cooking | food and drink,eng,https://i.gr-assets.com/images/S/compressed.photo.goodreads.com/books/1412291965i/1175888._SX50_.jpg,https://www.goodreads.com/book/show/1175888.The_Classic_Pasta_Cookbook,Goodreads web scraping,general cooking,427.0,General Cooking & Food,cookbooks | cooking | food and drink,the classic pasta cookbook cookbooks | cooking | food and drink,3
"Supernatural: The Official Cookbook: Burgers, Pies, and Other Bites from the Road",Julie  Tremaine,4.55,521.0,,,baking and desserts | cookbooks | cooking | food and drink,eng,https://i.gr-assets.com/images/S/compressed.photo.goodreads.com/books/1564623160i/43822546._SX50_.jpg,https://www.goodreads.com/book/show/43822546-supernatural,Goodreads web scraping,baking and desserts,427.0,Baking and Pastry,cookbooks | cooking | food and drink,"supernatural: the official cookbook: burgers, pies, and other bites from the road cookbooks | cooking | food and drink",3
"Spice and Seasoning cookbook: A Starter’s Guide of Spices, Seasonings, Herbs, and Aromatics - 50 Recipes for Learning How to Jazz Up Food!",Julia Chiles,4.43,7.0,,,general cooking | cookbooks | cooking | food and drink,eng,https://i.gr-assets.com/images/S/compressed.photo.goodreads.com/books/1601828347i/55555380._SX50_.jpg,https://www.goodreads.com/book/show/55555380-spice-and-seasoning-cookbook,Goodreads web scraping,general cooking,427.0,General Cooking & Food,cookbooks | cooking | food and drink,"spice and seasoning cookbook: a starter’s guide of spices, seasonings, herbs, and aromatics - 50 recipes for learning how to jazz up food! cookbooks | cooking | food and drink",3
"It's All Good: Delicious, Easy Recipes That Will Make You Look Good and Feel Great",Gwyneth Paltrow,3.82,3279.0,,,quick and practical cooking | cookbooks | cooking | food and drink,eng,https://i.gr-assets.com/images/S/compressed.photo.goodreads.com/books/1391182214i/16131211._SX50_.jpg,https://www.goodreads.com/book/show/16131211-it-s-all-good,Goodreads web scraping,quick and practical cooking,430.0,General Cooking & Food,cookbooks | cooking | food and drink,"it's all good: delicious, easy recipes that will make you look good and feel great cookbooks | cooking | food and drink",3
The Winter Soup Recipes to Try Now: Best Winter Soup Recipes You Shouldn't Miss,Ava Archer,4.71,7.0,,,general cooking | cookbooks | cooking | food and drink,eng,https://i.gr-assets.com/images/S/compressed.photo.goodreads.com/books/1601928051i/55573816._SX50_.jpg,https://www.goodreads.com/book/show/55573816-the-winter-soup-recipes-to-try-now,Goodreads web scraping,general cooking,431.0,General Cooking & Food,cookbooks | cooking | food and drink,the winter soup recipes to try now: best winter soup recipes you shouldn't miss cookbooks | cooking | food and drink,3
Bread Machine Magic: 139 Exciting New Recipes Created Especially for Use in All Types of Bread Machines,Linda Rehberg,4.18,91.0,,,baking and desserts | cookbooks | cooking | food and drink,eng,https://i.gr-assets.com/images/S/compressed.photo.goodreads.com/books/1312005020i/620184._SY75_.jpg,https://www.goodreads.com/book/show/620184.Bread_Machine_Magic,Goodreads web scraping,baking and desserts,432.0,Baking and Pastry,cookbooks | cooking | food and drink,bread machine magic: 139 exciting new recipes created especially for use in all types of bread machines cookbooks | cooking | food and drink,3
The Sneaky Chef: Simple Strategies for Hiding Healthy Foods in Kids' Favorite Meals,Missy Chase Lapine,3.65,1302.0,,,nutrition and healthy eating | cookbooks | cooking | food and drink,eng,https://i.gr-assets.com/images/S/compressed.photo.goodreads.com/books/1441807541i/455025._SX50_.jpg,https://www.goodreads.com/book/show/455025.The_Sneaky_Chef,Goodreads web scraping,nutrition and healthy eating,432.0,Nutrition,cookbooks | cooking | food and drink,the sneaky chef: simple strategies for hiding healthy foods in kids' favorite meals cookbooks | cooking | food and drink,3
Scrumptious Keto Chaffle Cookbook: Enjoy Carb-Free Waffles for Improved Health and Weight Loss,April Blomgren,4.17,6.0,,,nutrition and healthy eating | cookbooks | cooking | food and drink,eng,https://i.gr-assets.com/images/S/compressed.photo.goodreads.com/books/1602269309i/55609116._SX50_.jpg,https://www.goodreads.com/book/show/55609116-scrumptious-keto-chaffle-cookbook,Goodreads web scraping,nutrition and healthy eating,434.0,Nutrition,cookbooks | cooking | food and drink,scrumptious keto chaffle cookbook: enjoy carb-free waffles for improved health and weight loss cookbooks | cooking | food and drink,3
Vegan Desserts: Make your own vegan desserts at home,Stephanie Sharp,4.6,5.0,,,baking and desserts | cookbooks | cooking | food and drink,eng,https://i.gr-assets.com/images/S/compressed.photo.goodreads.com/books/1606346784i/56046029._SX50_.jpg,https://www.goodreads.com/book/show/56046029-vegan-desserts,Goodreads web scraping,baking and desserts,435.0,Baking and Pastry,cookbooks | cooking | food and drink,vegan desserts: make your own vegan desserts at home cookbooks | cooking | food and drink,3
Cancer Friendly Cookbook: The Very Best 30 Cancer Friendly Recipes,Molly Mills,4.67,6.0,,,general cooking | cookbooks | cooking | food and drink,eng,https://i.gr-assets.com/images/S/compressed.photo.goodreads.com/books/1605936763i/55971899._SX50_.jpg,https://www.goodreads.com/book/show/55971899-cancer-friendly-cookbook,Goodreads web scraping,general cooking,436.0,General Cooking & Food,cookbooks | cooking | food and drink,cancer friendly cookbook: the very best 30 cancer friendly recipes cookbooks | cooking | food and drink,3
Soup Cravings Satisfied: Quick Soup Recipes You Can Make Anytime,Heston Brown,4.5,4.0,,,quick and practical cooking | cookbooks | cooking | food and drink,eng,https://i.gr-assets.com/images/S/compressed.photo.goodreads.com/books/1602348562i/55617968._SX50_.jpg,https://www.goodreads.com/book/show/55617968-soup-cravings-satisfied,Goodreads web scraping,quick and practical cooking,437.0,General Cooking & Food,cookbooks | cooking | food and drink,soup cravings satisfied: quick soup recipes you can make anytime cookbooks | cooking | food and drink,3
"Feed the World - Celebrate World Food Day: Farm-Fresh, Free-Range, and Zero Leftover Waste Recipes!",Christina Tosch,5.0,3.0,,,general cooking | cookbooks | cooking | food and drink,eng,https://i.gr-assets.com/images/S/compressed.photo.goodreads.com/books/1602365662i/55620328._SX50_.jpg,https://www.goodreads.com/book/show/55620328-feed-the-world---celebrate-world-food-day,Goodreads web scraping,general cooking,438.0,General Cooking & Food,cookbooks | cooking | food and drink,"feed the world - celebrate world food day: farm-fresh, free-range, and zero leftover waste recipes! cookbooks | cooking | food and drink",3
The River Cottage Year,Fearnley-Whittingsta,4.12,348.0,,,general cooking | cookbooks | cooking | food and drink,eng,https://i.gr-assets.com/images/S/compressed.photo.goodreads.com/books/1419183166i/948865._SX50_.jpg,https://www.goodreads.com/book/show/948865.The_River_Cottage_Year,Goodreads web scraping,general cooking,439.0,General Cooking & Food,cookbooks | cooking | food and drink,the river cottage year cookbooks | cooking | food and drink,3
Aroma-Filled Marinade Recipes: Create Lasting Memories with Distinct Flavors and Tastes,April Blomgren,4.8,5.0,,,general cooking | cookbooks | cooking | food and drink,eng,https://i.gr-assets.com/images/S/compressed.photo.goodreads.com/books/1602175951i/55599214._SX50_.jpg,https://www.goodreads.com/book/show/55599214-aroma-filled-marinade-recipes,Goodreads web scraping,general cooking,440.0,General Cooking & Food,cookbooks | cooking | food and drink,aroma-filled marinade recipes: create lasting memories with distinct flavors and tastes cookbooks | cooking | food and drink,3
River Cottage Veg Every Day!,Hugh Fearnley-Whittingstall,4.19,3814.0,,,general cooking | cookbooks | cooking | food and drink,eng,https://i.gr-assets.com/images/S/compressed.photo.goodreads.com/books/1328887401i/12576078._SX50_.jpg,https://www.goodreads.com/book/show/12576078-river-cottage-veg-every-day,Goodreads web scraping,general cooking,441.0,General Cooking & Food,cookbooks | cooking | food and drink,river cottage veg every day! cookbooks | cooking | food and drink,3
River Cottage Love Your Leftovers: Recipes for the resourceful cook,Hugh Fearnley-Whittingstall,4.14,130.0,,,general cooking | cookbooks | cooking | food and drink,eng,https://i.gr-assets.com/images/S/compressed.photo.goodreads.com/books/1438380795i/26016854._SX50_.jpg,https://www.goodreads.com/book/show/26016854-river-cottage-love-your-leftovers,Goodreads web scraping,general cooking,441.0,General Cooking & Food,cookbooks | cooking | food and drink,river cottage love your leftovers: recipes for the resourceful cook cookbooks | cooking | food and drink,3
The Compleat I Hate to Cook Book,Peg Bracken,4.08,320.0,,,general cooking | cookbooks | cooking | food and drink,eng,https://i.gr-assets.com/images/S/compressed.photo.goodreads.com/books/1223629174i/1275694._SY75_.jpg,https://www.goodreads.com/book/show/1275694.The_Compleat_I_Hate_to_Cook_Book,Goodreads web scraping,general cooking,441.0,General Cooking & Food,cookbooks | cooking | food and drink,the compleat i hate to cook book cookbooks | cooking | food and drink,3
River Cottage: Fruit Every Day!,Hugh Fearnley-Whittingstall,3.88,146.0,,,general cooking | cookbooks | cooking | food and drink,eng,https://i.gr-assets.com/images/S/compressed.photo.goodreads.com/books/1378446882i/18460409._SX50_.jpg,https://www.goodreads.com/book/show/18460409-river-cottage,Goodreads web scraping,general cooking,444.0,General Cooking & Food,cookbooks | cooking | food and drink,river cottage: fruit every day! cookbooks | cooking | food and drink,3
The Sirtfood Diet Cookbook: Have The Taste of The Best Recipes,Ivy Hope,4.5,4.0,,,nutrition and healthy eating | cookbooks | cooking | food and drink,eng,https://i.gr-assets.com/images/S/compressed.photo.goodreads.com/books/1602421794i/55625519._SX50_.jpg,https://www.goodreads.com/book/show/55625519-the-sirtfood-diet-cookbook,Goodreads web scraping,nutrition and healthy eating,444.0,Nutrition,cookbooks | cooking | food and drink,the sirtfood diet cookbook: have the taste of the best recipes cookbooks | cooking | food and drink,3
The Kripalu Cookbook: Gourmet Vegetarian Recipes,Atma Jo Ann Levitt,4.27,52.0,,,vegetarian and plant based | cookbooks | cooking | food and drink,eng,https://i.gr-assets.com/images/S/compressed.photo.goodreads.com/books/1349050591i/649582._SX50_.jpg,https://www.goodreads.com/book/show/649582.The_Kripalu_Cookbook,Goodreads web scraping,vegetarian and plant based,446.0,General Cooking & Food,cookbooks | cooking | food and drink,the kripalu cookbook: gourmet vegetarian recipes cookbooks | cooking | food and drink,3
Just One Pot,Lindsey Bareham,3.71,17.0,,,quick and practical cooking | cookbooks | cooking | food and drink,eng,https://i.gr-assets.com/images/S/compressed.photo.goodreads.com/books/1758323478i/2378985._SX50_.jpg,https://www.goodreads.com/book/show/2378985.Just_One_Pot,Goodreads web scraping,quick and practical cooking,446.0,General Cooking & Food,cookbooks | cooking | food and drink,just one pot cookbooks | cooking | food and drink,3
"Eating for Life: Your Guide to Great Health, Fat Loss and Increased Energy!",Bill Phillips,3.98,861.0,,,general cooking | cookbooks | cooking | food and drink,eng,https://i.gr-assets.com/images/S/compressed.photo.goodreads.com/books/1388176385i/1123._SX50_.jpg,https://www.goodreads.com/book/show/1123.Eating_for_Life,Goodreads web scraping,general cooking,446.0,General Cooking & Food,cookbooks | cooking | food and drink,"eating for life: your guide to great health, fat loss and increased energy! cookbooks | cooking | food and drink",3
"Culinaria Russia. Russland, Ukraine, Georgien, Armenien, Aserbaidschan",Na,4.48,111.0,,,general cooking | cookbooks | cooking | food and drink,eng,https://i.gr-assets.com/images/S/compressed.photo.goodreads.com/books/1187607200i/1738378._SX50_.jpg,https://www.goodreads.com/book/show/1738378.Culinaria_Russia_Russland_Ukraine_Georgien_Armenien_Aserbaidschan,Goodreads web scraping,general cooking,446.0,General Cooking & Food,cookbooks | cooking | food and drink,"culinaria russia. russland, ukraine, georgien, armenien, aserbaidschan cookbooks | cooking | food and drink",3
"The Impoverished Students' Book of Cookery, Drinkery, & Housekeepery",Jay F. Rosenberg,4.54,28.0,,,beverages | cookbooks | cooking | food and drink,eng,https://i.gr-assets.com/images/S/compressed.photo.goodreads.com/books/1221585638i/2896568._SY75_.jpg,https://www.goodreads.com/book/show/2896568-the-impoverished-students-book-of-cookery-drinkery-housekeepery,Goodreads web scraping,beverages,446.0,General Cooking & Food,cookbooks | cooking | food and drink,"the impoverished students' book of cookery, drinkery, & housekeepery cookbooks | cooking | food and drink",3
"Spicy food, a collection of uncommon recipes, from the mildly tangy to the frankly fiery, from every corner of the world",William Bernal,3.67,3.0,,,general cooking | cookbooks | cooking | food and drink,eng,https://i.gr-assets.com/images/S/compressed.photo.goodreads.com/books/1310251421i/1194333._SX50_.jpg,https://www.goodreads.com/book/show/1194333.Spicy_food_a_collection_of_uncommon_recipes_from_the_mildly_tangy_to_the_frankly_fiery_from_every_corner_of_the_world,Goodreads web scraping,general cooking,446.0,General Cooking & Food,cookbooks | cooking | food and drink,"spicy food, a collection of uncommon recipes, from the mildly tangy to the frankly fiery, from every corner of the world cookbooks | cooking | food and drink",3
Fast Fixes with Mixes: 355 Delicious Recipes from Simple Starters,Taste of Home,4.03,62.0,,,quick and practical cooking | cookbooks | cooking | food and drink,eng,https://i.gr-assets.com/images/S/compressed.photo.goodreads.com/books/1388340310i/713646._SX50_.jpg,https://www.goodreads.com/book/show/713646.Fast_Fixes_with_Mixes,Goodreads web scraping,quick and practical cooking,446.0,General Cooking & Food,cookbooks | cooking | food and drink,fast fixes with mixes: 355 delicious recipes from simple starters cookbooks | cooking | food and drink,3
Quick from Scratch Herbs & Spices Cookbook,Food & Wine Magazine,4.04,28.0,,,quick and practical cooking | cookbooks | cooking | food and drink,eng,https://i.gr-assets.com/images/S/compressed.photo.goodreads.com/books/1266841937i/2460846._SX50_.jpg,https://www.goodreads.com/book/show/2460846.Quick_from_Scratch_Herbs_Spices_Cookbook,Goodreads web scraping,quick and practical cooking,446.0,General Cooking & Food,cookbooks | cooking | food and drink,quick from scratch herbs & spices cookbook cookbooks | cooking | food and drink,3
Kitchen Sense: More than 600 Recipes to Make You a Great Home Cook,Mitchell Davis,4.18,40.0,,,general cooking | cookbooks | cooking | food and drink,eng,https://i.gr-assets.com/images/S/compressed.photo.goodreads.com/books/1440489565i/378511._SX50_.jpg,https://www.goodreads.com/book/show/378511.Kitchen_Sense,Goodreads web scraping,general cooking,446.0,General Cooking & Food,cookbooks | cooking | food and drink,kitchen sense: more than 600 recipes to make you a great home cook cookbooks | cooking | food and drink,3
The Total Banana,Alex Abella,4.0,9.0,,,general cooking | cookbooks | cooking | food and drink,eng,https://i.gr-assets.com/images/S/compressed.photo.goodreads.com/books/1224586645i/3060964._SX50_.jpg,https://www.goodreads.com/book/show/3060964-the-total-banana,Goodreads web scraping,general cooking,446.0,General Cooking & Food,cookbooks | cooking | food and drink,the total banana cookbooks | cooking | food and drink,3
A Sweet Taste of Africa: Sail into a New Recipe Journey,Ivy Newton-Gamble,5.0,7.0,,,general cooking | cookbooks | cooking | food and drink,eng,https://i.gr-assets.com/images/S/compressed.photo.goodreads.com/books/1348232973i/6269990._SX50_.jpg,https://www.goodreads.com/book/show/6269990-a-sweet-taste-of-africa,Goodreads web scraping,general cooking,446.0,General Cooking & Food,cookbooks | cooking | food and drink,a sweet taste of africa: sail into a new recipe journey cookbooks | cooking | food and drink,3
"Simply Organic: A Cookbook for Sustainable, Seasonal, and Local Ingredients",Jesse Ziff Cool,3.66,80.0,,,general cooking | cookbooks | cooking | food and drink,eng,https://i.gr-assets.com/images/S/compressed.photo.goodreads.com/books/1347343876i/2517013._SX50_.jpg,https://www.goodreads.com/book/show/2517013.Simply_Organic,Goodreads web scraping,general cooking,446.0,General Cooking & Food,cookbooks | cooking | food and drink,"simply organic: a cookbook for sustainable, seasonal, and local ingredients cookbooks | cooking | food and drink",3
The Joy of Vegan Baking: The Compassionate Cooks' Traditional Treats and Sinful Sweets,Colleen Patrick-Goudreau,4.16,4111.0,,,baking and desserts | cookbooks | cooking | food and drink,eng,https://i.gr-assets.com/images/S/compressed.photo.goodreads.com/books/1328754223i/805500._SX50_.jpg,https://www.goodreads.com/book/show/805500.The_Joy_of_Vegan_Baking,Goodreads web scraping,baking and desserts,446.0,Baking and Pastry,cookbooks | cooking | food and drink,the joy of vegan baking: the compassionate cooks' traditional treats and sinful sweets cookbooks | cooking | food and drink,3
Betty Crocker Easy Everyday Vegetarian: Easy Meatless Main Dishes Your Family Will Love!,Betty Crocker Editors,3.85,99.0,,,vegetarian and plant based | cookbooks | cooking | food and drink,eng,https://i.gr-assets.com/images/S/compressed.photo.goodreads.com/books/1360057094i/555085._SX50_.jpg,https://www.goodreads.com/book/show/555085.Betty_Crocker_Easy_Everyday_Vegetarian,Goodreads web scraping,vegetarian and plant based,446.0,General Cooking & Food,cookbooks | cooking | food and drink,betty crocker easy everyday vegetarian: easy meatless main dishes your family will love! cookbooks | cooking | food and drink,3
Flavors of Morocco,Ghillie Basan,4.16,58.0,,,general cooking | cookbooks | cooking | food and drink,eng,https://i.gr-assets.com/images/S/compressed.photo.goodreads.com/books/1348447984i/2534987._SX50_.jpg,https://www.goodreads.com/book/show/2534987.Flavors_of_Morocco,Goodreads web scraping,general cooking,446.0,General Cooking & Food,cookbooks | cooking | food and drink,flavors of morocco cookbooks | cooking | food and drink,3
Raw: The Uncook Book: New Vegetarian Food for Life – Delicious Ultra-Gourmet Dishes from Vegan Sushi to Sun-Baked Pizzas,Juliano Brotman,3.79,624.0,,,baking and desserts | cookbooks | cooking | food and drink,eng,https://i.gr-assets.com/images/S/compressed.photo.goodreads.com/books/1347760368i/395107._SX50_.jpg,https://www.goodreads.com/book/show/395107.Raw,Goodreads web scraping,baking and desserts,446.0,Baking and Pastry,cookbooks | cooking | food and drink,raw: the uncook book: new vegetarian food for life – delicious ultra-gourmet dishes from vegan sushi to sun-baked pizzas cookbooks | cooking | food and drink,3
Weber's Real Grilling: Over 200 Original Recipes,Jamie Purviance,4.4,221.0,,,general cooking | cookbooks | cooking | food and drink,eng,https://i.gr-assets.com/images/S/compressed.photo.goodreads.com/books/1442188585i/130526._SX50_.jpg,https://www.goodreads.com/book/show/130526.Weber_s_Real_Grilling,Goodreads web scraping,general cooking,446.0,General Cooking & Food,cookbooks | cooking | food and drink,weber's real grilling: over 200 original recipes cookbooks | cooking | food and drink,3
Chef Paul Prudhomme's Louisiana Tastes: Exciting Flavors from the State that Cooks,Paul Prudhomme,4.12,57.0,,,food science and technique | cookbooks | cooking | food and drink,eng,https://i.gr-assets.com/images/S/compressed.photo.goodreads.com/books/1420929910i/983626._SX50_.jpg,https://www.goodreads.com/book/show/983626.Chef_Paul_Prudhomme_s_Louisiana_Tastes,Goodreads web scraping,food science and technique,446.0,General Cooking & Food,cookbooks | cooking | food and drink,chef paul prudhomme's louisiana tastes: exciting flavors from the state that cooks cookbooks | cooking | food and drink,3
The Deen Bros. Take It Easy: Quick and Affordable Meals the Whole Family Will Love: A Cookbook,Jamie Deen,3.89,114.0,,,quick and practical cooking | cookbooks | cooking | food and drink,eng,https://i.gr-assets.com/images/S/compressed.photo.goodreads.com/books/1320414528i/6222091._SX50_.jpg,https://www.goodreads.com/book/show/6222091-the-deen-bros-take-it-easy,Goodreads web scraping,quick and practical cooking,446.0,General Cooking & Food,cookbooks | cooking | food and drink,the deen bros. take it easy: quick and affordable meals the whole family will love: a cookbook cookbooks | cooking | food and drink,3
Staff Meals from Chanterelle,David Waltuck,4.24,127.0,,,general cooking | cookbooks | cooking | food and drink,eng,https://i.gr-assets.com/images/S/compressed.photo.goodreads.com/books/1404580263i/1009166._SX50_.jpg,https://www.goodreads.com/book/show/1009166.Staff_Meals_from_Chanterelle,Goodreads web scraping,general cooking,446.0,General Cooking & Food,cookbooks | cooking | food and drink,staff meals from chanterelle cookbooks | cooking | food and drink,3
Io ho fame adesso!: Come sopravvivere a un frigorifero deserto,Francesco Gungui,4.62,8.0,,,general cooking | cookbooks | cooking | food and drink,eng,https://i.gr-assets.com/images/S/compressed.photo.goodreads.com/books/1335373303i/13616817._SX50_.jpg,https://www.goodreads.com/book/show/13616817-io-ho-fame-adesso,Goodreads web scraping,general cooking,446.0,General Cooking & Food,cookbooks | cooking | food and drink,io ho fame adesso!: come sopravvivere a un frigorifero deserto cookbooks | cooking | food and drink,3
Taste of Home: The Busy Family Cookbook,Taste of Home,3.8,97.0,,,general cooking | cookbooks | cooking | food and drink,eng,https://i.gr-assets.com/images/S/compressed.photo.goodreads.com/books/1442719217i/2657178._SX50_.jpg,https://www.goodreads.com/book/show/2657178-taste-of-home,Goodreads web scraping,general cooking,446.0,General Cooking & Food,cookbooks | cooking | food and drink,taste of home: the busy family cookbook cookbooks | cooking | food and drink,3
Future Cook: A Taste of Things to Come,Colin Tudge,4.4,5.0,,,general cooking | cookbooks | cooking | food and drink,eng,https://i.gr-assets.com/images/S/compressed.photo.goodreads.com/books/1440804432i/6851673._SX50_.jpg,https://www.goodreads.com/book/show/6851673-future-cook,Goodreads web scraping,general cooking,446.0,General Cooking & Food,cookbooks | cooking | food and drink,future cook: a taste of things to come cookbooks | cooking | food and drink,3
Le Grand Livre De La Cuisine F Fl,Marabout,4.5,18.0,,,general cooking | cookbooks | cooking | food and drink,eng,https://i.gr-assets.com/images/S/compressed.photo.goodreads.com/books/1327890326i/7040154._SX50_.jpg,https://www.goodreads.com/book/show/7040154-le-grand-livre-de-la-cuisine-f-fl,Goodreads web scraping,general cooking,446.0,General Cooking & Food,cookbooks | cooking | food and drink,le grand livre de la cuisine f fl cookbooks | cooking | food and drink,3
Irish Traditional Cooking: Over 300 Recipes from Ireland's Heritage,Darina Allen,4.17,284.0,,,general cooking | cookbooks | cooking | food and drink,eng,https://i.gr-assets.com/images/S/compressed.photo.goodreads.com/books/1385261684i/25023._SX50_.jpg,https://www.goodreads.com/book/show/25023.Irish_Traditional_Cooking,Goodreads web scraping,general cooking,446.0,General Cooking & Food,cookbooks | cooking | food and drink,irish traditional cooking: over 300 recipes from ireland's heritage cookbooks | cooking | food and drink,3
The Sweet Life in Paris: Delicious Adventures in the World's Most Glorious - and Perplexing - City,David Lebovitz,3.84,15832.0,,,general cooking | cookbooks | cooking | food and drink,eng,https://i.gr-assets.com/images/S/compressed.photo.goodreads.com/books/1320533633i/6055063._SX50_.jpg,https://www.goodreads.com/book/show/6055063-the-sweet-life-in-paris,Goodreads web scraping,general cooking,446.0,General Cooking & Food,cookbooks | cooking | food and drink,the sweet life in paris: delicious adventures in the world's most glorious - and perplexing - city cookbooks | cooking | food and drink,3
The Complete Encyclopedia of Vegetables & Vegetarian Cooking,Christine Ingram,4.17,66.0,,,vegetarian and plant based | cookbooks | cooking | food and drink,eng,https://i.gr-assets.com/images/S/compressed.photo.goodreads.com/books/1454728229i/610574._SX50_.jpg,https://www.goodreads.com/book/show/610574.The_Complete_Encyclopedia_of_Vegetables_Vegetarian_Cooking,Goodreads web scraping,vegetarian and plant based,446.0,General Cooking & Food,cookbooks | cooking | food and drink,the complete encyclopedia of vegetables & vegetarian cooking cookbooks | cooking | food and drink,3
Treasured Hungarian Family Recipes™ 3,Helen M. Radics,3.5,8.0,,,general cooking | cookbooks | cooking | food and drink,eng,https://i.gr-assets.com/images/S/compressed.photo.goodreads.com/books/1302244841i/11038427._SY75_.jpg,https://www.goodreads.com/book/show/11038427-treasured-hungarian-family-recipes-3,Goodreads web scraping,general cooking,446.0,General Cooking & Food,cookbooks | cooking | food and drink,treasured hungarian family recipes™ 3 cookbooks | cooking | food and drink,3
"Dee Dee's Delights, I'm On A Dime and Need It Under 5!",Deanna Bauer,3.0,5.0,,,general cooking | cookbooks | cooking | food and drink,eng,https://i.gr-assets.com/images/S/compressed.photo.goodreads.com/books/1303437670i/11110440._SX50_.jpg,https://www.goodreads.com/book/show/11110440-dee-dee-s-delights-i-m-on-a-dime-and-need-it-under-5,Goodreads web scraping,general cooking,446.0,General Cooking & Food,cookbooks | cooking | food and drink,"dee dee's delights, i'm on a dime and need it under 5! cookbooks | cooking | food and drink",3
The RV Centennial Cookbook: Celebrating 100 Years of RV'ing,Evada Cooper,3.58,12.0,,,general cooking | cookbooks | cooking | food and drink,eng,https://i.gr-assets.com/images/S/compressed.photo.goodreads.com/books/1347800287i/10550896._SX50_.jpg,https://www.goodreads.com/book/show/10550896-the-rv-centennial-cookbook,Goodreads web scraping,general cooking,446.0,General Cooking & Food,cookbooks | cooking | food and drink,the rv centennial cookbook: celebrating 100 years of rv'ing cookbooks | cooking | food and drink,3
400 Three and Four Ingredient Recipes,Joanna Farrow,3.94,16.0,,,general cooking | cookbooks | cooking | food and drink,eng,https://i.gr-assets.com/images/S/compressed.photo.goodreads.com/books/1348623532i/1318403._SX50_.jpg,https://www.goodreads.com/book/show/1318403.400_Three_and_Four_Ingredient_Recipes,Goodreads web scraping,general cooking,446.0,General Cooking & Food,cookbooks | cooking | food and drink,400 three and four ingredient recipes cookbooks | cooking | food and drink,3
Culinary Artistry,Andrew Dornenburg,4.3,1950.0,,,food science and technique | cookbooks | cooking | food and drink,eng,https://i.gr-assets.com/images/S/compressed.photo.goodreads.com/books/1348754654i/767390._SX50_.jpg,https://www.goodreads.com/book/show/767390.Culinary_Artistry,Goodreads web scraping,food science and technique,446.0,General Cooking & Food,cookbooks | cooking | food and drink,culinary artistry cookbooks | cooking | food and drink,3
Take this Dish and Twist It,George Duran,3.79,24.0,,,general cooking | cookbooks | cooking | food and drink,eng,https://i.gr-assets.com/images/S/compressed.photo.goodreads.com/books/1266822281i/4588056._SX50_.jpg,https://www.goodreads.com/book/show/4588056-take-this-dish-and-twist-it,Goodreads web scraping,general cooking,446.0,General Cooking & Food,cookbooks | cooking | food and drink,take this dish and twist it cookbooks | cooking | food and drink,3
"Smokin' with Myron Mixon: Recipes Made Simple, from the Winningest Man in Barbecue: A Cookbook",Myron Mixon,4.05,618.0,,,quick and practical cooking | cookbooks | cooking | food and drink,eng,https://i.gr-assets.com/images/S/compressed.photo.goodreads.com/books/1364250941i/10365583._SX50_.jpg,https://www.goodreads.com/book/show/10365583-smokin-with-myron-mixon,Goodreads web scraping,quick and practical cooking,446.0,General Cooking & Food,cookbooks | cooking | food and drink,"smokin' with myron mixon: recipes made simple, from the winningest man in barbecue: a cookbook cookbooks | cooking | food and drink",3
The Complete Italian Vegetarian Cookbook: 350 Essential Recipes for Inspired Everyday Eating,Jack Bishop,4.14,452.0,,,vegetarian and plant based | cookbooks | cooking | food and drink,eng,https://i.gr-assets.com/images/S/compressed.photo.goodreads.com/books/1347343552i/484382._SX50_.jpg,https://www.goodreads.com/book/show/484382.The_Complete_Italian_Vegetarian_Cookbook,Goodreads web scraping,vegetarian and plant based,446.0,General Cooking & Food,cookbooks | cooking | food and drink,the complete italian vegetarian cookbook: 350 essential recipes for inspired everyday eating cookbooks | cooking | food and drink,3
See Mix Drink: A Refreshingly Simple Guide to Crafting the World's Most Popular Cocktails,Brian D. Murphy,4.2,95.0,,,beverages | cookbooks | cooking | food and drink,eng,https://i.gr-assets.com/images/S/compressed.photo.goodreads.com/books/1422312601i/11364583._SY75_.jpg,https://www.goodreads.com/book/show/11364583-see-mix-drink,Goodreads web scraping,beverages,446.0,General Cooking & Food,cookbooks | cooking | food and drink,see mix drink: a refreshingly simple guide to crafting the world's most popular cocktails cookbooks | cooking | food and drink,3
You Can Trust a Skinny Cook,Allison Fishman,3.91,57.0,,,general cooking | cookbooks | cooking | food and drink,eng,https://i.gr-assets.com/images/S/compressed.photo.goodreads.com/books/1360057195i/10967482._SX50_.jpg,https://www.goodreads.com/book/show/10967482-you-can-trust-a-skinny-cook,Goodreads web scraping,general cooking,446.0,General Cooking & Food,cookbooks | cooking | food and drink,you can trust a skinny cook cookbooks | cooking | food and drink,3
LaBelle Cuisine: Recipes to Sing About,Patti LaBelle,4.35,285.0,,,general cooking | cookbooks | cooking | food and drink,eng,https://i.gr-assets.com/images/S/compressed.photo.goodreads.com/books/1442365944i/622713._SX50_.jpg,https://www.goodreads.com/book/show/622713.LaBelle_Cuisine,Goodreads web scraping,general cooking,446.0,General Cooking & Food,cookbooks | cooking | food and drink,labelle cuisine: recipes to sing about cookbooks | cooking | food and drink,3
tropical cuisine: cooking in clare's kitchen,Clare Richards,5.0,3.0,,,general cooking | cookbooks | cooking | food and drink,eng,https://i.gr-assets.com/images/S/compressed.photo.goodreads.com/books/1327362501i/13422235._SX50_.jpg,https://www.goodreads.com/book/show/13422235-tropical-cuisine,Goodreads web scraping,general cooking,446.0,General Cooking & Food,cookbooks | cooking | food and drink,tropical cuisine: cooking in clare's kitchen cookbooks | cooking | food and drink,3
"SPOON: Soup, Stew & Chowder Recipes (Spring)",Dana Hay,3.6,73.0,,,general cooking | cookbooks | cooking | food and drink,eng,https://i.gr-assets.com/images/S/compressed.photo.goodreads.com/books/1340842535i/13645336._SX50_.jpg,https://www.goodreads.com/book/show/13645336-spoon,Goodreads web scraping,general cooking,446.0,General Cooking & Food,cookbooks | cooking | food and drink,"spoon: soup, stew & chowder recipes (spring) cookbooks | cooking | food and drink",3
25 Quick Low Fat Breakfast Treats,Cooking Penguin,4.0,9.0,,,quick and practical cooking | cookbooks | cooking | food and drink,eng,https://i.gr-assets.com/images/S/compressed.photo.goodreads.com/books/1337572744i/14061737._SX50_.jpg,https://www.goodreads.com/book/show/14061737-25-quick-low-fat-breakfast-treats,Goodreads web scraping,quick and practical cooking,446.0,General Cooking & Food,cookbooks | cooking | food and drink,25 quick low fat breakfast treats cookbooks | cooking | food and drink,3
The 2012 Book Blogger's Cookbook (The Book Blogger's Cookbook),Christy Dorrity,3.72,88.0,,,general cooking | cookbooks | cooking | food and drink,eng,https://i.gr-assets.com/images/S/compressed.photo.goodreads.com/books/1336737203i/13637096._SX50_.jpg,https://www.goodreads.com/book/show/13637096-the-2012-book-blogger-s-cookbook-the-book-blogger-s-cookbook,Goodreads web scraping,general cooking,446.0,General Cooking & Food,cookbooks | cooking | food and drink,the 2012 book blogger's cookbook (the book blogger's cookbook) cookbooks | cooking | food and drink,3
Peas and Thank You: Simple Meatless Meals the Whole Family Will Love,Sarah Matheny,3.86,550.0,,,quick and practical cooking | cookbooks | cooking | food and drink,eng,https://i.gr-assets.com/images/S/compressed.photo.goodreads.com/books/1311707726i/10433946._SY75_.jpg,https://www.goodreads.com/book/show/10433946-peas-and-thank-you,Goodreads web scraping,quick and practical cooking,446.0,General Cooking & Food,cookbooks | cooking | food and drink,peas and thank you: simple meatless meals the whole family will love cookbooks | cooking | food and drink,3
El Marsam Cookbook: An Umbrian Farmhouse and its Kitchen,Ginda Ayd Simpson,3.88,8.0,,,general cooking | cookbooks | cooking | food and drink,eng,https://i.gr-assets.com/images/S/compressed.photo.goodreads.com/books/1346058703i/9410064._SX50_.jpg,https://www.goodreads.com/book/show/9410064-el-marsam-cookbook,Goodreads web scraping,general cooking,446.0,General Cooking & Food,cookbooks | cooking | food and drink,el marsam cookbook: an umbrian farmhouse and its kitchen cookbooks | cooking | food and drink,3
Kokaraamat.Cookbook.Kochbuch,Merike Jürjo,5.0,2.0,,,general cooking | cookbooks | cooking | food and drink,eng,https://i.gr-assets.com/images/S/compressed.photo.goodreads.com/books/1347206406i/15998776._SY75_.jpg,https://www.goodreads.com/book/show/15998776-kokaraamat-cookbook-kochbuch,Goodreads web scraping,general cooking,446.0,General Cooking & Food,cookbooks | cooking | food and drink,kokaraamat.cookbook.kochbuch cookbooks | cooking | food and drink,3
Where's Mom Now that I Need Her?: Surviving Away from Home,Betty Rae Frandsen,4.07,279.0,,,general cooking | cookbooks | cooking | food and drink,eng,https://i.gr-assets.com/images/S/compressed.photo.goodreads.com/books/1348957636i/28352._SX50_.jpg,https://www.goodreads.com/book/show/28352.Where_s_Mom_Now_that_I_Need_Her_,Goodreads web scraping,general cooking,446.0,General Cooking & Food,cookbooks | cooking | food and drink,where's mom now that i need her?: surviving away from home cookbooks | cooking | food and drink,3
Le zuppe. 600 piatti delle cucine regionali,B. Minerdo,4.4,5.0,,,general cooking | cookbooks | cooking | food and drink,eng,https://i.gr-assets.com/images/S/compressed.photo.goodreads.com/books/1328800402i/10176728._SY75_.jpg,https://www.goodreads.com/book/show/10176728-le-zuppe-600-piatti-delle-cucine-regionali,Goodreads web scraping,general cooking,446.0,General Cooking & Food,cookbooks | cooking | food and drink,le zuppe. 600 piatti delle cucine regionali cookbooks | cooking | food and drink,3
50 Ways to Drink Tea,Sotiris Zafeiris,4.17,12.0,,,beverages | cookbooks | cooking | food and drink,eng,https://i.gr-assets.com/images/S/compressed.photo.goodreads.com/books/1349282774i/16065126._SY75_.jpg,https://www.goodreads.com/book/show/16065126-50-ways-to-drink-tea,Goodreads web scraping,beverages,446.0,General Cooking & Food,cookbooks | cooking | food and drink,50 ways to drink tea cookbooks | cooking | food and drink,3
The American woman's cook book,Ruth Berolzheimer,4.48,64.0,,,general cooking | cookbooks | cooking | food and drink,eng,https://i.gr-assets.com/images/S/compressed.photo.goodreads.com/nophoto/book/111x148._SX50_.png,https://www.goodreads.com/book/show/12757960-the-american-woman-s-cook-book,Goodreads web scraping,general cooking,446.0,General Cooking & Food,cookbooks | cooking | food and drink,the american woman's cook book cookbooks | cooking | food and drink,3
Carolina Sunshine: Then and Now,Charity League of Charlotte,5.0,,,,general cooking | cookbooks | cooking | food and drink,eng,https://i.gr-assets.com/images/S/compressed.photo.goodreads.com/books/1347655842i/12927831._SY75_.jpg,https://www.goodreads.com/book/show/12927831-carolina-sunshine,Goodreads web scraping,general cooking,446.0,General Cooking & Food,cookbooks | cooking | food and drink,carolina sunshine: then and now cookbooks | cooking | food and drink,3
A World of Cake,Krystina Castella,4.16,113.0,,,baking and desserts | cookbooks | cooking | food and drink,eng,https://i.gr-assets.com/images/S/compressed.photo.goodreads.com/books/1405294033i/8597521._SX50_.jpg,https://www.goodreads.com/book/show/8597521-a-world-of-cake,Goodreads web scraping,baking and desserts,446.0,Baking and Pastry,cookbooks | cooking | food and drink,a world of cake cookbooks | cooking | food and drink,3
"It's the Cookie, Mr. President",Pamela Joy Mawyer,4.67,3.0,,,baking and desserts | cookbooks | cooking | food and drink,eng,https://i.gr-assets.com/images/S/compressed.photo.goodreads.com/books/1355966800i/16249070._SY75_.jpg,https://www.goodreads.com/book/show/16249070-it-s-the-cookie-mr-president,Goodreads web scraping,baking and desserts,446.0,Baking and Pastry,cookbooks | cooking | food and drink,"it's the cookie, mr. president cookbooks | cooking | food and drink",3
The Looneyspoons Collection : Janet & Greta's Greatest Recipe Hits Plus a Whole Lot More!,Janet Podleski,4.38,817.0,,,general cooking | cookbooks | cooking | food and drink,eng,https://i.gr-assets.com/images/S/compressed.photo.goodreads.com/books/1393219258i/12744849._SX50_.jpg,https://www.goodreads.com/book/show/12744849-the-looneyspoons-collection,Goodreads web scraping,general cooking,446.0,General Cooking & Food,cookbooks | cooking | food and drink,the looneyspoons collection : janet & greta's greatest recipe hits plus a whole lot more! cookbooks | cooking | food and drink,3
Darn Good Eats: The Cookbook for Creative Chefs and Reluctant Cooks,Jodi Ambrose,4.3,37.0,,,food science and technique | cookbooks | cooking | food and drink,eng,https://i.gr-assets.com/images/S/compressed.photo.goodreads.com/books/1352745013i/16146262._SX50_.jpg,https://www.goodreads.com/book/show/16146262-darn-good-eats,Goodreads web scraping,food science and technique,446.0,General Cooking & Food,cookbooks | cooking | food and drink,darn good eats: the cookbook for creative chefs and reluctant cooks cookbooks | cooking | food and drink,3
Baking Made Easy: 100 Fabulous Easy to Bake Recipes,Lorraine Pascale,4.21,743.0,,,baking and desserts | cookbooks | cooking | food and drink,eng,https://i.gr-assets.com/images/S/compressed.photo.goodreads.com/books/1377863720i/9380509._SX50_.jpg,https://www.goodreads.com/book/show/9380509-baking-made-easy,Goodreads web scraping,baking and desserts,446.0,Baking and Pastry,cookbooks | cooking | food and drink,baking made easy: 100 fabulous easy to bake recipes cookbooks | cooking | food and drink,3
How to Be a Domestic Goddess,Nigella Lawson,4.0,2.0,2000.0,6.0,"Baking | Recipes | Cooking, british",eng,https://covers.openlibrary.org/b/id/8594716-M.jpg,https://openlibrary.org/works/OL2455829W,Open Library API,baking,,Baking and Pastry,"Recipes | Cooking, british","how to be a domestic goddess recipes | cooking, british",3
Nutrition,Frances Sizer Webb | Frances Sizer | Eleanor Noss Whitney | Frances Sienkiewicz Sizer,3.875,8.0,1994.0,30.0,"Food | Nutrition | Voeding | Physiologie de la nutrition | Voedingsstoffen | Textbooks | Biochemistry | Dietetics & nutrition | Physiology | Nutrition And Diet | Science | Medical / Nursing | Diet/Nutrition | Life Sciences - Anatomy & Physiology | Canada, social conditions | Education, canada | Requirements | Nutritional Physiological Phenomena | Nutritional Requirements | Diet | Nutrition -- Textbooks | Food -- Textbooks | Nutrition and diet | Medical / nursing | Diet/nutrition | Life sciences - anatomy & physiology | Qp141 .s5365 2006 | Nutritional physiological phenomena",eng,https://covers.openlibrary.org/b/id/10679917-M.jpg,https://openlibrary.org/works/OL3349725W,Open Library API,nutrition,,Nutrition,"Food | | Voeding | Physiologie de la | Voedingsstoffen | Textbooks | Biochemistry | Dietetics & | Physiology | And Diet | Science | Medical / Nursing | Diet/ | Life Sciences - Anatomy & Physiology | Canada, social conditions | Education, canada | Requirements | al Physiological Phenomena | al Requirements | Diet | -- Textbooks | Food -- Textbooks | and diet | Medical / nursing | Diet/ | Life sciences - anatomy & physiology | Qp141 .s5365 2006 | al physiological phenomena","nutrition food | | voeding | physiologie de la | voedingsstoffen | textbooks | biochemistry | dietetics & | physiology | and diet | science | medical / nursing | diet/ | life sciences - anatomy & physiology | canada, social conditions | education, canada | requirements | al physiological phenomena | al requirements | diet | -- textbooks | food -- textbooks | and diet | medical / nursing | diet/ | life sciences - anatomy & physiology | qp141 .s5365 2006 | al physiological phenomena",4
Fast Food Nation,Eric Schlosser | Eric Schlosser,4.178571,28.0,2001.0,43.0,politics | health | current events | sociology | McDonald's | food | American cooking | social science | popular culture | cooking | feeding behavior | social aspects | foods | quality | trade marks | food industry | health hazards | food safety | Voedingsgewoonten | Fastfood | Health & Fitness | Media Studies | Industria y comercio | Restaurantes de comida rápida | Cookery | Cooking & Food | Nonfiction | Alimentos | Cuisine américaine | Fast food restaurants,spa | eng | fre | ger | jpn | heb,https://covers.openlibrary.org/b/id/8392930-M.jpg,https://openlibrary.org/works/OL5801795W,Open Library API,food safety,,Food Safety,politics | health | current events | sociology | McDonald's | food | American cooking | social science | popular culture | cooking | feeding behavior | social aspects | foods | quality | trade marks | food industry | health hazards | | Voedingsgewoonten | Fastfood | Health & Fitness | Media Studies | Industria y comercio | Restaurantes de comida rápida | Cookery | Cooking & Food | Nonfiction | Alimentos | Cuisine américaine | Fast food restaurants,fast food nation politics | health | current events | sociology | mcdonald's | food | american cooking | social science | popular culture | cooking | feeding behavior | social aspects | foods | quality | trade marks | food industry | health hazards | | voedingsgewoonten | fastfood | health & fitness | media studies | industria y comercio | restaurantes de comida rápida | cookery | cooking & food | nonfiction | alimentos | cuisine américaine | fast food restaurants,1
Manajemen pemasaran,Bambang Tri Cahyono,5.0,3.0,1994.0,1.0,Agricultural industries | Agriculture | Economic aspects | Economic aspects of Agriculture,ind,,https://openlibrary.org/works/OL3223317W,Open Library API,agriculture,,Agriculture,Agricultural industries | | Economic aspects | Economic aspects of,manajemen pemasaran agricultural industries | | economic aspects | economic aspects of,2
Wild Fermentation,Sandor Ellix Katz | Nora Steinbrun,3.75,4.0,2003.0,8.0,Fermented foods | Fermentation,eng,https://covers.openlibrary.org/b/id/956729-M.jpg,https://openlibrary.org/works/OL8953397W,Open Library API,fermentation,,Fermentation,Fermented foods,wild fermentation fermented foods,0
Panaderia y Reposteria para profesionales/Professional Baking,Wayne Gisslen | W Gisslen | Wayne Gisslen,3.0,2.0,1985.0,29.0,Baking | Food presentation | Cooking & Food | Nonfiction | COOKING / Methods / Baking | Food | Food industry and trade | COOKING -- Methods -- Baking,eng | spa,https://covers.openlibrary.org/b/id/5247191-M.jpg,https://openlibrary.org/works/OL1802168W,Open Library API,baking,,Baking and Pastry,Food presentation | Cooking & Food | Nonfiction | COOKING / Methods / | Food | Food industry and trade | COOKING -- Methods --,panaderia y reposteria para profesionales/professional baking food presentation | cooking & food | nonfiction | cooking / methods / | food | food industry and trade | cooking -- methods --,3
The science of nutrition,Janice Thompson | Janice Thompson | Melinda Manore | Linda Vaughan | Linda A. Vaughan | Kathy Gottschall-Pass | Debbie MacLellan | Janice J. Thompson,4.0,2.0,2007.0,35.0,Textbooks | Nutrition | Biological sciences & nutrition -> health -> nutrition & weight management,eng,https://covers.openlibrary.org/b/id/10679931-M.jpg,https://openlibrary.org/works/OL15596858W,Open Library API,nutrition,,Nutrition,Textbooks | | Biological sciences & -> health -> & weight management,the science of nutrition textbooks | | biological sciences & -> health -> & weight management,4
Everything I Want To Do Is Illegal,Joel Salatin,4.3333335,3.0,2007.0,2.0,"Law and legislation | Food law and legislation | Food adulteration and inspection | Food | Safety regulations | Natural foods | Organic farming | Food industry | Family farms | Food industry and trade | Agriculture, united states",eng,https://covers.openlibrary.org/b/id/1693701-M.jpg,https://openlibrary.org/works/OL2018044W,Open Library API,food safety,,Food Safety,"Law and legislation | Food law and legislation | Food adulteration and inspection | Food | Safety regulations | Natural foods | Organic farming | Food industry | Family farms | Food industry and trade | Agriculture, united states","everything i want to do is illegal law and legislation | food law and legislation | food adulteration and inspection | food | safety regulations | natural foods | organic farming | food industry | family farms | food industry and trade | agriculture, united states",5
Hukum agraria Indonesia,Budi Harsono.,4.714286,7.0,1975.0,6.0,Agricultural laws and legislation | Agricultural laws and legislations,ind,,https://openlibrary.org/works/OL3729606W,Open Library API,agriculture,,Agriculture,Agricultural laws and legislation | Agricultural laws and legislations,hukum agraria indonesia agricultural laws and legislation | agricultural laws and legislations,2
The art of fermentation,Sandor Ellix Katz | Alejandro Pareja Rodríguez,4.5555553,9.0,2012.0,5.0,COOKING / Methods / Canning & Preserving | Fermented foods | Fermentation | HEALTH & FITNESS / Nutrition | Nutrition | Canning & Preserving | HEALTH & FITNESS | Methods | TECHNOLOGY & ENGINEERING | Aliments fermentés | COOKING | Food Science | Cuisine (aliments fermentés) | Livsmedelsteknik | Food | Long Now Manual for Civilization,eng,https://covers.openlibrary.org/b/id/9303498-M.jpg,https://openlibrary.org/works/OL16461965W,Open Library API,fermentation,,Fermentation,COOKING / Methods / Canning & Preserving | Fermented foods | | HEALTH & FITNESS / Nutrition | Nutrition | Canning & Preserving | HEALTH & FITNESS | Methods | TECHNOLOGY & ENGINEERING | Aliments fermentés | COOKING | Food Science | Cuisine (aliments fermentés) | Livsmedelsteknik | Food | Long Now Manual for Civilization,the art of fermentation cooking / methods / canning & preserving | fermented foods | | health & fitness / nutrition | nutrition | canning & preserving | health & fitness | methods | technology & engineering | aliments fermentés | cooking | food science | cuisine (aliments fermentés) | livsmedelsteknik | food | long now manual for civilization,0
Food and Beverage Cost Control,Lea R. Dopson | David K. Hayes,,,2002.0,10.0,"Food service management | Cost control | BUSINESS & ECONOMICS / Industries / Hospitality, Travel & Tourism | Food service",eng,https://covers.openlibrary.org/b/id/8566285-M.jpg,https://openlibrary.org/works/OL19650579W,Open Library API,food business,,Food Business,"Food service management | Cost control | BUSINESS & ECONOMICS / Industries / Hospitality, Travel & Tourism | Food service","food and beverage cost control food service management | cost control | business & economics / industries / hospitality, travel & tourism | food service",1
Pig's tall hat,Henry Hart,3.0,3.0,2004.0,1.0,Baking | Fiction,eng,https://covers.openlibrary.org/b/id/10796364-M.jpg,https://openlibrary.org/works/OL24292028W,Open Library API,baking,,Baking and Pastry,Fiction,pig's tall hat fiction,2
Nutrition & you : core concepts for good health,Joan Salge Blake | Joan Blake,4.25,4.0,2007.0,43.0,"Nutrition | Textbooks | Health | Nutrition, laboratory manuals | Teaching & teacher training",eng,https://covers.openlibrary.org/b/id/9504993-M.jpg,https://openlibrary.org/works/OL18165887W,Open Library API,nutrition,,Nutrition,"Textbooks | Health | , laboratory manuals | Teaching & teacher training","nutrition & you : core concepts for good health textbooks | health | , laboratory manuals | teaching & teacher training",4
Philippine fermented foods,Priscilla C. Sanchez,,,2008.0,1.0,"Fermentation | Industries, philippines | Fermented foods | Safety measures",eng,,https://openlibrary.org/works/OL13722073W,Open Library API,food safety,,Food Safety,"Fermentation | Industries, philippines | Fermented foods | Safety measures","philippine fermented foods fermentation | industries, philippines | fermented foods | safety measures",0
Soil Capability For Agriculture,Canada Land Inventory.,5.0,1.0,1965.0,209.0,Agriculture,fre | eng,,https://openlibrary.org/works/OL6188591W,Open Library API,agriculture,,Agriculture,,soil capability for agriculture,2
Foodservice organizations,Marian C. Spears | Mary Gregoire | Marian Spears,,,1985.0,17.0,Food service management | Gestion de la restauration | Food service | Business and economics | Recreation & entertainment industries - general & miscellaneous | Entertainment | Dining & hospitality industries - management,eng,https://covers.openlibrary.org/b/id/1103713-M.jpg,https://openlibrary.org/works/OL1805048W,Open Library API,food business,,Food Business,Food service management | Gestion de la restauration | Food service | Business and economics | Recreation & entertainment industries - general & miscellaneous | Entertainment | Dining & hospitality industries - management,foodservice organizations food service management | gestion de la restauration | food service | business and economics | recreation & entertainment industries - general & miscellaneous | entertainment | dining & hospitality industries - management,1
On baking,Sarah R. Labensky | Klaus G. Tenbergen | Eddy Van Damme | Priscilla A. Martel | Alan M. Hause,,,2004.0,26.0,"Baking | Pastry | Cakes, baking, icing & sugarcraft | Desserts | Baking - Confectionery | Cooking | Cooking / Wine | Courses & Dishes - Desserts | Cooking / Desserts | Methods - Baking | Professional, career & trade -> culinary & hospitality -> baking & pastry",eng,https://covers.openlibrary.org/b/id/90882-M.jpg,https://openlibrary.org/works/OL1874828W,Open Library API,baking,,Baking and Pastry,"Pastry | Cakes, , icing & sugarcraft | Desserts | - Confectionery | Cooking | Cooking / Wine | Courses & Dishes - Desserts | Cooking / Desserts | Methods - | Professional, career & trade -> culinary & hospitality -> & pastry","on baking pastry | cakes, , icing & sugarcraft | desserts | - confectionery | cooking | cooking / wine | courses & dishes - desserts | cooking / desserts | methods - | professional, career & trade -> culinary & hospitality -> & pastry",3
In Defense of Food,Michael Pollan,4.027027,37.0,2008.0,17.0,Nutrition | nyt:paperback_nonfiction=2009-10-25 | Food habits | New York Times bestseller | Food | Research | Cooking & Food | Medical | Nonfiction | Sociology | Natural foods | Large type books | Analysis | Diet Fads | Nahrungsaufnahme | Speise | Ernährung | Food and drink | Nutrition and dietetics | Voedingsgewoonten | Ernährungserziehung | Zivilisationskrankheit | Ernährungsgewohnheit | Nutritional Physiological Phenomena | Feeding Behavior,eng | srp | chi,https://covers.openlibrary.org/b/id/2960867-M.jpg,https://openlibrary.org/works/OL3296482W,Open Library API,nutrition,,Nutrition,nyt:paperback_nonfiction=2009-10-25 | Food habits | New York Times bestseller | Food | Research | Cooking & Food | Medical | Nonfiction | Sociology | Natural foods | Large type books | Analysis | Diet Fads | Nahrungsaufnahme | Speise | Ernährung | Food and drink | and dietetics | Voedingsgewoonten | Ernährungserziehung | Zivilisationskrankheit | Ernährungsgewohnheit | al Physiological Phenomena | Feeding Behavior,in defense of food nyt:paperback_nonfiction=2009-10-25 | food habits | new york times bestseller | food | research | cooking & food | medical | nonfiction | sociology | natural foods | large type books | analysis | diet fads | nahrungsaufnahme | speise | ernährung | food and drink | and dietetics | voedingsgewoonten | ernährungserziehung | zivilisationskrankheit | ernährungsgewohnheit | al physiological phenomena | feeding behavior,4
Gastronomia,"Congresso Brasileiro de Gastronomia e Segurança Alimentar (1st 2006? Brasília, Distrito Federal, Brazil)",,,2006.0,1.0,Gastronomy | Congresses | Food habits | Food | Safety measures,por,,https://openlibrary.org/works/OL24122823W,Open Library API,food safety,,Food Safety,Gastronomy | Congresses | Food habits | Food | Safety measures,gastronomia gastronomy | congresses | food habits | food | safety measures,5
Sistem penyuluhan pertanian,Totok Mardikanto,5.0,10.0,2009.0,1.0,Agricultural extension work,ind,,https://openlibrary.org/works/OL2304127W,Open Library API,agriculture,,Agriculture,Agricultural extension work,sistem penyuluhan pertanian agricultural extension work,2
The Indigenous Fermented Foods of the Sudan,Hamid A. Dirar,,,1993.0,3.0,"Fermented foods | Nutrition | Food, preservation | Fermentation",eng,https://covers.openlibrary.org/b/id/4774550-M.jpg,https://openlibrary.org/works/OL3562185W,Open Library API,fermentation,,Fermentation,"Fermented foods | Nutrition | Food, preservation","the indigenous fermented foods of the sudan fermented foods | nutrition | food, preservation",0
The Secret Life of Groceries,Benjamin Lorr,3.5,4.0,2020.0,7.0,Commerce | New York Times reviewed | Grocery trade | Supermarkets -- Management | Food supply | BUSINESS & ECONOMICS / Industries / Food Industry | Supermarkets -- United States | Trader Joe's (Firm) | Amazon.com (firm) | Wal-mart (firm),eng,https://covers.openlibrary.org/b/id/10434459-M.jpg,https://openlibrary.org/works/OL22069556W,Open Library API,food business,,Food Business,Commerce | New York Times reviewed | Grocery trade | Supermarkets -- Management | Food supply | BUSINESS & ECONOMICS / Industries / Food Industry | Supermarkets -- United States | Trader Joe's (Firm) | Amazon.com (firm) | Wal-mart (firm),the secret life of groceries commerce | new york times reviewed | grocery trade | supermarkets -- management | food supply | business & economics / industries / food industry | supermarkets -- united states | trader joe's (firm) | amazon.com (firm) | wal-mart (firm),1
Betty Crocker's Baking classics,Betty Crocker,2.5,2.0,1981.0,3.0,Baking | Pastry,eng,https://covers.openlibrary.org/b/id/6382432-M.jpg,https://openlibrary.org/works/OL15030485W,Open Library API,baking,,Baking and Pastry,Pastry,betty crocker's baking classics pastry,3
Contemporary Nutrition,Gordon M. Wardlaw | Anne M Smith | Paul M. Insel | Marcia F. Seyler | Angela L. Collene | Colleen K. Spees,4.5,6.0,1992.0,58.0,Nutrition | Food | Nutrition Physiology | Nutritional Requirements | Dietetics | Dietetics & nutrition | Human Reproduction | Health & Fitness | Diet / Health / Fitness | Diet/Nutrition | Diets - General | Textbooks | Nutritional Physiological Phenomena | Teeth | Oral Surgery | Facial injuries | Wounds and injuries | Surgery | Face | Health/Fitness | Fitness & diet | Popular medicine | Physiology | Ernährungswissenschaft | Ernährung | Study and teaching (Higher),eng,https://covers.openlibrary.org/b/id/10679902-M.jpg,https://openlibrary.org/works/OL1853601W,Open Library API,nutrition,,Nutrition,Food | Physiology | al Requirements | Dietetics | Dietetics & | Human Reproduction | Health & Fitness | Diet / Health / Fitness | Diet/ | Diets - General | Textbooks | al Physiological Phenomena | Teeth | Oral Surgery | Facial injuries | Wounds and injuries | Surgery | Face | Health/Fitness | Fitness & diet | Popular medicine | Physiology | Ernährungswissenschaft | Ernährung | Study and teaching (Higher),contemporary nutrition food | physiology | al requirements | dietetics | dietetics & | human reproduction | health & fitness | diet / health / fitness | diet/ | diets - general | textbooks | al physiological phenomena | teeth | oral surgery | facial injuries | wounds and injuries | surgery | face | health/fitness | fitness & diet | popular medicine | physiology | ernährungswissenschaft | ernährung | study and teaching (higher),4
Food Safety: Theory and Practice,Paul L Knechtges,5.0,1.0,2011.0,1.0,Food contamination | Safety measures | Food Safety | Food | Prevention & control | Prevention,eng,https://covers.openlibrary.org/b/id/8451164-M.jpg,https://openlibrary.org/works/OL19338989W,Open Library API,food safety,,Food Safety,Food contamination | Safety measures | | Food | Prevention & control | Prevention,food safety: theory and practice food contamination | safety measures | | food | prevention & control | prevention,5
Pakistan,United States,3.0,2.0,1965.0,312.0,American Surplus agricultural commodities | Counterpart funds | America Surplus agricultural commodities | Bolivia | Ecuador,eng,https://covers.openlibrary.org/b/id/15127807-M.jpg,https://openlibrary.org/works/OL15292359W,Open Library API,agriculture,,Agriculture,American Surplus agricultural commodities | Counterpart funds | America Surplus agricultural commodities | Bolivia | Ecuador,pakistan american surplus agricultural commodities | counterpart funds | america surplus agricultural commodities | bolivia | ecuador,2
The Noma Guide to Fermentation,René Redzepi | David Zilber | Ainhoa Segura Alcalde | David Zilberman,5.0,4.0,2018.0,4.0,"Noma (Restaurant : Copenhagen, Denmark) | Fermented foods | Cooking (Fermented foods) | Biotechnology | Flavor | Fermentation | nyt:advice-how-to-and-miscellaneous=2018-11-04 | New York Times bestseller | Kombucha tea | COOKING / Individual Chefs & Restaurants | COOKING / Methods / Professional | COOKING / Seasonal",eng,https://covers.openlibrary.org/b/id/10524967-M.jpg,https://openlibrary.org/works/OL19762073W,Open Library API,fermentation,,Fermentation,"Noma (Restaurant : Copenhagen, Denmark) | Fermented foods | Cooking (Fermented foods) | Biotechnology | Flavor | | nyt:advice-how-to-and-miscellaneous=2018-11-04 | New York Times bestseller | Kombucha tea | COOKING / Individual Chefs & Restaurants | COOKING / Methods / Professional | COOKING / Seasonal","the noma guide to fermentation noma (restaurant : copenhagen, denmark) | fermented foods | cooking (fermented foods) | biotechnology | flavor | | nyt:advice-how-to-and-miscellaneous=2018-11-04 | new york times bestseller | kombucha tea | cooking / individual chefs & restaurants | cooking / methods / professional | cooking / seasonal",0
Little Nino's Pizzeria,Karen Barbour,,,1987.0,8.0,"Restaurants | Pizza | Fathers and sons | Fiction | Oversize books | Family | Restaurants, bars | Juvenile fiction | Business, Careers, Occupations | Cooking & Food | Boys & Men | JUVENILE FICTION | Children's fiction | Business, fiction | Restaurants, fiction",eng,https://covers.openlibrary.org/b/id/4747203-M.jpg,https://openlibrary.org/works/OL4457012W,Open Library API,food business,,Food Business,"Restaurants | Pizza | Fathers and sons | Fiction | Oversize books | Family | Restaurants, bars | Juvenile fiction | Business, Careers, Occupations | Cooking & Food | Boys & Men | JUVENILE FICTION | Children's fiction | Business, fiction | Restaurants, fiction","little nino's pizzeria restaurants | pizza | fathers and sons | fiction | oversize books | family | restaurants, bars | juvenile fiction | business, careers, occupations | cooking & food | boys & men | juvenile fiction | children's fiction | business, fiction | restaurants, fiction",1
I'm Just Here for More Food,Alton Brown,4.4,5.0,2004.0,2.0,Baking,eng,https://covers.openlibrary.org/b/id/848968-M.jpg,https://openlibrary.org/works/OL6215377W,Open Library API,baking,,Baking and Pastry,,i'm just here for more food,5
Glucose Revolution,Jessie Inchauspé | Alexandre Gombau Arnau,3.8333333,6.0,2022.0,7.0,Health | Science | Self Help | Nutrition | Food,eng | spa,https://covers.openlibrary.org/b/id/12769675-M.jpg,https://openlibrary.org/works/OL26599673W,Open Library API,nutrition,,Nutrition,Health | Science | Self Help | | Food,glucose revolution health | science | self help | | food,4
HACCP,Sara Mortimore,3.0,1.0,1995.0,4.0,"Food handling | Safety measures | Hazard Analysis and Critical Control Point (Food safety system) | Food adulteration and inspection | Food, microbiology | Food industry and trade",eng,https://covers.openlibrary.org/b/id/1329060-M.jpg,https://openlibrary.org/works/OL16956818W,Open Library API,food safety,,Food Safety,"Food handling | Safety measures | Hazard Analysis and Critical Control Point ( system) | Food adulteration and inspection | Food, microbiology | Food industry and trade","haccp food handling | safety measures | hazard analysis and critical control point ( system) | food adulteration and inspection | food, microbiology | food industry and trade",5
Advances in agronomy,Donald L. Sparks,0.0,0.0,1991.0,206.0,"Agronomy | Agriculture, research | Agriculture",eng,https://covers.openlibrary.org/b/id/10005619-M.jpg,https://openlibrary.org/works/OL16931573W,Open Library API,agriculture,,Agriculture,"Agronomy | , research","advances in agronomy agronomy | , research",0
Raw Materials and Brewhouse Operations (Mbaa Practical Handbook for the Specialty Brewer),Karl Ockert,,,2006.0,1.0,Brewing | Fermentation | Beer,eng,https://covers.openlibrary.org/b/id/13268832-M.jpg,https://openlibrary.org/works/OL9770971W,Open Library API,fermentation,,Fermentation,Brewing | | Beer,raw materials and brewhouse operations (mbaa practical handbook for the specialty brewer) brewing | | beer,1
Food supply chain management,Liz Sharples | Stephen D. Ball,,,2001.0,9.0,Industries | Business logistics | Food Industry | Food industry and trade | BUSINESS & ECONOMICS | Beverage industry | Food service management,eng,https://covers.openlibrary.org/b/id/1400598-M.jpg,https://openlibrary.org/works/OL16959578W,Open Library API,food business,,Food Business,Industries | Business logistics | Food Industry | Food industry and trade | BUSINESS & ECONOMICS | Beverage industry | Food service management,food supply chain management industries | business logistics | food industry | food industry and trade | business & economics | beverage industry | food service management,1
Baking,Dorie Greenspan,5.0,2.0,2006.0,4.0,baking | desserts | Baking | Pies,eng,https://covers.openlibrary.org/b/id/394540-M.jpg,https://openlibrary.org/works/OL2977762W,Open Library API,baking,,Baking and Pastry,desserts | | Pies,baking desserts | | pies,3
Let's eat right to keep fit,Adelle Davis,4.25,4.0,1954.0,20.0,Nutrition | Diet | Food | Alimentation | Popular Works | Diet Therapy | Nutritional Physiological Phenomena,chi | eng,https://covers.openlibrary.org/b/id/4489535-M.jpg,https://openlibrary.org/works/OL99157W,Open Library API,nutrition,,Nutrition,Diet | Food | Alimentation | Popular Works | Diet Therapy | al Physiological Phenomena,let's eat right to keep fit diet | food | alimentation | popular works | diet therapy | al physiological phenomena,4
Keamanan pangan,Winiati P. Rahayu,5.0,1.0,2011.0,1.0,Safety measures | Food contamination | Food | Government policy | Food industry and trade | Prevention,ind,,https://openlibrary.org/works/OL16118989W,Open Library API,food safety,,Food Safety,Safety measures | Food contamination | Food | Government policy | Food industry and trade | Prevention,keamanan pangan safety measures | food contamination | food | government policy | food industry and trade | prevention,5
Against the Grain,James C. Scott,4.6666665,3.0,2017.0,9.0,"Origin | Agriculture and state | Agriculture | History | State, the | Agriculture -- Origin | Agriculture and state -- History | Agriculture -- Social aspects -- History",fre | ger | eng,https://covers.openlibrary.org/b/id/10381520-M.jpg,https://openlibrary.org/works/OL19721496W,Open Library API,agriculture,,Agriculture,"Origin | and state | | History | State, the | -- Origin | and state -- History | -- Social aspects -- History","against the grain origin | and state | | history | state, the | -- origin | and state -- history | -- social aspects -- history",2
Alcoholic fermentation,Arthur Harden,5.0,1.0,1911.0,8.0,Fermentation,eng,https://covers.openlibrary.org/b/id/6141978-M.jpg,https://openlibrary.org/works/OL1472418W,Open Library API,fermentation,,Fermentation,,alcoholic fermentation,0
The restaurant,"Walker, John R. | John R. Walker | Donald E. Lundberg",,,2000.0,5.0,"Restaurant management | Business | Nonfiction | Travel | Entrepreneurship | Hotel & catering trades | Business & Economics | Business / Economics / Finance | Business/Economics | Industries - Hospitality, Travel & Tourism | Technology / Food Industry & Science | Restaurants, marketing | Food service management",eng,https://covers.openlibrary.org/b/id/1245700-M.jpg,https://openlibrary.org/works/OL1897960W,Open Library API,food business,,Food Business,"Restaurant management | Business | Nonfiction | Travel | Entrepreneurship | Hotel & catering trades | Business & Economics | Business / Economics / Finance | Business/Economics | Industries - Hospitality, Travel & Tourism | Technology / Food Industry & Science | Restaurants, marketing | Food service management","the restaurant restaurant management | business | nonfiction | travel | entrepreneurship | hotel & catering trades | business & economics | business / economics / finance | business/economics | industries - hospitality, travel & tourism | technology / food industry & science | restaurants, marketing | food service management",1
Gingerbread baby,Jan Brett,2.6666667,3.0,1999.0,6.0,"Baking | Fiction | Gingerbread | Specimens | Toy and movable books | Children's fiction | Fantasy fiction | Baking, fiction | Juvenile literature | Board books",eng,https://covers.openlibrary.org/b/id/259842-M.jpg,https://openlibrary.org/works/OL13917W,Open Library API,baking,,Baking and Pastry,"Fiction | Gingerbread | Specimens | Toy and movable books | Children's fiction | Fantasy fiction | , fiction | Juvenile literature | Board books","gingerbread baby fiction | gingerbread | specimens | toy and movable books | children's fiction | fantasy fiction | , fiction | juvenile literature | board books",5
Biology,Neil Allison Campbell | Lawrence G. Mitchell | Jane B. Reece,3.4,5.0,1994.0,59.0,"Biology | Biology, outlines, syllabi, etc. | Textbooks | Biological sciences & nutrition -> biology -> general",eng,https://covers.openlibrary.org/b/id/6386348-M.jpg,https://openlibrary.org/works/OL1983083W,Open Library API,nutrition,,Nutrition,"Biology | Biology, outlines, syllabi, etc. | Textbooks | Biological sciences & -> biology -> general","biology biology | biology, outlines, syllabi, etc. | textbooks | biological sciences & -> biology -> general",4
Food safety in the hospitality industry,Tim Knowles,,,2002.0,9.0,"Food adulteration and inspection | Food handling | Food industry and trade | Safety measures | Europe, commerce | HEALTH & FITNESS | Safety",eng,https://covers.openlibrary.org/b/id/12850983-M.jpg,https://openlibrary.org/works/OL8467231W,Open Library API,food safety,,Food Safety,"Food adulteration and inspection | Food handling | Food industry and trade | Safety measures | Europe, commerce | HEALTH & FITNESS | Safety","food safety in the hospitality industry food adulteration and inspection | food handling | food industry and trade | safety measures | europe, commerce | health & fitness | safety",5
The Grapes of Wrath,John Steinbeck,3.9363637,110.0,1939.0,321.0,"Labor camps | Depressions | Labor camps in literature | Classic Literature | Open Library Staff Picks | Pulitzer Prize Winner | Fiction | Migrant agricultural laborers in literature | award:pulitzer_prize=1940 | open_syllabus_project | award:pulitzer_prize=fiction | California | American fiction | In literature | Migrant agricultural laborers | Rural families | Migrant agricultural laborers -- Fiction | Dust Bowl Era, 1931-1939 | Farm family | Great Depression, 1929-1939 | Agricultural laborers | Migrant labor | California, fiction | Fiction, historical | American fiction (fictional works by one author) | Fiction, family life | Fiction, political | Oklahoma, fiction | English literature | Prose",und | cat | tib | eng | ger | pol | kor | swe | spa | chi,https://covers.openlibrary.org/b/id/12715902-M.jpg,https://openlibrary.org/works/OL23205W,Open Library API,agriculture,,Agriculture,"Labor camps | Depressions | Labor camps in literature | Classic Literature | Open Library Staff Picks | Pulitzer Prize Winner | Fiction | Migrant agricultural laborers in literature | award:pulitzer_prize=1940 | open_syllabus_project | award:pulitzer_prize=fiction | California | American fiction | In literature | Migrant agricultural laborers | Rural families | Migrant agricultural laborers -- Fiction | Dust Bowl Era, 1931-1939 | Farm family | Great Depression, 1929-1939 | Agricultural laborers | Migrant labor | California, fiction | Fiction, historical | American fiction (fictional works by one author) | Fiction, family life | Fiction, political | Oklahoma, fiction | English literature | Prose","the grapes of wrath labor camps | depressions | labor camps in literature | classic literature | open library staff picks | pulitzer prize winner | fiction | migrant agricultural laborers in literature | award:pulitzer_prize=1940 | open_syllabus_project | award:pulitzer_prize=fiction | california | american fiction | in literature | migrant agricultural laborers | rural families | migrant agricultural laborers -- fiction | dust bowl era, 1931-1939 | farm family | great depression, 1929-1939 | agricultural laborers | migrant labor | california, fiction | fiction, historical | american fiction (fictional works by one author) | fiction, family life | fiction, political | oklahoma, fiction | english literature | prose",2
Fermentations.,P. Schützenberger,,,1876.0,4.0,Fermentation,eng,https://covers.openlibrary.org/b/id/5735217-M.jpg,https://openlibrary.org/works/OL235535W,Open Library API,fermentation,,Fermentation,,fermentations.,1
The Fate of Food,Amanda Little,4.0,2.0,2019.0,5.0,Food supply | Sustainable agriculture | Environmental aspects | Food security | SOCIAL SCIENCE / Agriculture & Food (see also POLITICAL SCIENCE / Public Policy / Agriculture & Food Policy) | TECHNOLOGY & ENGINEERING / Agriculture / Sustainable Agriculture | BUSINESS & ECONOMICS / Industries / Agribusiness,eng | chi,https://covers.openlibrary.org/b/id/10327347-M.jpg,https://openlibrary.org/works/OL21096576W,Open Library API,food business,,Food Business,Food supply | Sustainable agriculture | Environmental aspects | Food security | SOCIAL SCIENCE / Agriculture & Food (see also POLITICAL SCIENCE / Public Policy / Agriculture & Food Policy) | TECHNOLOGY & ENGINEERING / Agriculture / Sustainable Agriculture | BUSINESS & ECONOMICS / Industries / Agribusiness,the fate of food food supply | sustainable agriculture | environmental aspects | food security | social science / agriculture & food (see also political science / public policy / agriculture & food policy) | technology & engineering / agriculture / sustainable agriculture | business & economics / industries / agribusiness,1
Advanced Bread and Pastry,Michel Suas,5.0,1.0,2008.0,4.0,Bread | Baking | Pastry | Baked products | Baking - general & miscellaneous | Pastries | Breads & muffins,eng,https://covers.openlibrary.org/b/id/2790698-M.jpg,https://openlibrary.org/works/OL9741991W,Open Library API,baking,,Baking and Pastry,Bread | | Pastry | Baked products | - general & miscellaneous | Pastries | Breads & muffins,advanced bread and pastry bread | | pastry | baked products | - general & miscellaneous | pastries | breads & muffins,3
Nutrition,Lori A. Smolin | Smolin,4.25,4.0,1994.0,45.0,Nutrition | Health | Nutritionally induced diseases | Ernährungswissenschaft | Gesunde Ernährung,eng,https://covers.openlibrary.org/b/id/10679904-M.jpg,https://openlibrary.org/works/OL3000098W,Open Library API,nutrition,,Nutrition,Health | ally induced diseases | Ernährungswissenschaft | Gesunde Ernährung,nutrition health | ally induced diseases | ernährungswissenschaft | gesunde ernährung,4
Food safety for the 21st century,William H. Sperber,,,2010.0,9.0,Food | Safety  measures | Hazard Analysis and Critical Control Point (Food safety system) | Quality control | Food industry and trade | Business logistics | Safety measures,eng,https://covers.openlibrary.org/b/id/13075403-M.jpg,https://openlibrary.org/works/OL15571666W,Open Library API,food safety,,Food Safety,Food | Safety measures | Hazard Analysis and Critical Control Point ( system) | Quality control | Food industry and trade | Business logistics | Safety measures,food safety for the 21st century food | safety measures | hazard analysis and critical control point ( system) | quality control | food industry and trade | business logistics | safety measures,5
Farm power and machinery management,Donnell Hunt,4.5,2.0,1956.0,12.0,Agricultural machinery | Farm mechanization,eng,https://covers.openlibrary.org/b/id/3909795-M.jpg,https://openlibrary.org/works/OL3738190W,Open Library API,agriculture,,Agriculture,Agricultural machinery | Farm mechanization,farm power and machinery management agricultural machinery | farm mechanization,2
Preserving the Japanese way,Nancy Singleton Hachisu,,,2015.0,6.0,"Salting of food | Food | Fermented foods | Japanese | Preservation | Canning and preserving | Japanese Cooking | Fermentation | Cooking, japanese",eng,https://covers.openlibrary.org/b/id/14304227-M.jpg,https://openlibrary.org/works/OL20008658W,Open Library API,fermentation,,Fermentation,"Salting of food | Food | Fermented foods | Japanese | Preservation | Canning and preserving | Japanese Cooking | | Cooking, japanese","preserving the japanese way salting of food | food | fermented foods | japanese | preservation | canning and preserving | japanese cooking | | cooking, japanese",0
Food Policy in the United States,Parke Wilde,,,2013.0,16.0,Nutrition policy | Food supply | Politique alimentaire | BUSINESS & ECONOMICS / Infrastructure | SOCIAL SCIENCE / General,eng,https://covers.openlibrary.org/b/id/9233873-M.jpg,https://openlibrary.org/works/OL20592837W,Open Library API,food business,,Food Business,Nutrition policy | Food supply | Politique alimentaire | BUSINESS & ECONOMICS / Infrastructure | SOCIAL SCIENCE / General,food policy in the united states nutrition policy | food supply | politique alimentaire | business & economics / infrastructure | social science / general,1
The art of fine baking,Paula Peck,3.0,1.0,1961.0,7.0,Baking | Cooking,eng,https://covers.openlibrary.org/b/id/782500-M.jpg,https://openlibrary.org/works/OL2647121W,Open Library API,baking,,Baking and Pastry,Cooking,the art of fine baking cooking,3
Introductory nutrition,Helen Andrews Guthrie,,,1967.0,8.0,Nutrition | Nutritional Physiological Phenomena,eng,https://covers.openlibrary.org/b/id/4273377-M.jpg,https://openlibrary.org/works/OL3513442W,Open Library API,nutrition,,Nutrition,al Physiological Phenomena,introductory nutrition al physiological phenomena,4
The ultimate frontier,Eklal Kueshana,,,1963.0,8.0,Ancient Philosophy | Brotherhoods | Occultism | Prophecies | Prophecies (Occultism) | Religious communities | Secret societies | Civilization | Lemuria | Exports | Imports | Safety measures | Food | Economic aspects | United States. Food and Drug Administration,spa | eng,https://covers.openlibrary.org/b/id/4815430-M.jpg,https://openlibrary.org/works/OL8795258W,Open Library API,food safety,,Food Safety,Ancient Philosophy | Brotherhoods | Occultism | Prophecies | Prophecies (Occultism) | Religious communities | Secret societies | Civilization | Lemuria | Exports | Imports | Safety measures | Food | Economic aspects | United States. Food and Drug Administration,the ultimate frontier ancient philosophy | brotherhoods | occultism | prophecies | prophecies (occultism) | religious communities | secret societies | civilization | lemuria | exports | imports | safety measures | food | economic aspects | united states. food and drug administration,2
Principles of farm machinery,Robert Allen Kepner,5.0,2.0,1972.0,2.0,Agricultural machinery | Agricultural engineering | Machines agricoles,eng,https://covers.openlibrary.org/b/id/4434761-M.jpg,https://openlibrary.org/works/OL1302560W,Open Library API,agriculture,,Agriculture,Agricultural machinery | Agricultural engineering | Machines agricoles,principles of farm machinery agricultural machinery | agricultural engineering | machines agricoles,2
Handbook of indigenous fermented foods,Keith H. Steinkraus,,,1995.0,2.0,"Fermented foods | Handbooks, manuals | Fermentation | Food habits",eng,https://covers.openlibrary.org/b/id/1566704-M.jpg,https://openlibrary.org/works/OL18848818W,Open Library API,fermentation,,Fermentation,"Fermented foods | Handbooks, manuals | | Food habits","handbook of indigenous fermented foods fermented foods | handbooks, manuals | | food habits",0
NRAEF ManageFirst,NRA National Restaurant Assoc. Educational Foundation,,,2006.0,22.0,"Accounting | Services alimentaires | Managerial accounting | Food service | Restaurants | Comptabilite de gestion | Comptabilite | Food service management | Menus | Restaurants, marketing | Hospitality industry | Restaurant management | Personnel management | Entrepreneurship | Business ethics | Inventory control | Cost control | Customer services | Management | Marketing",eng,https://covers.openlibrary.org/b/id/1112501-M.jpg,https://openlibrary.org/works/OL7952065W,Open Library API,food business,,Food Business,"Accounting | Services alimentaires | Managerial accounting | Food service | Restaurants | Comptabilite de gestion | Comptabilite | Food service management | Menus | Restaurants, marketing | Hospitality industry | Restaurant management | Personnel management | Entrepreneurship | Business ethics | Inventory control | Cost control | Customer services | Management | Marketing","nraef managefirst accounting | services alimentaires | managerial accounting | food service | restaurants | comptabilite de gestion | comptabilite | food service management | menus | restaurants, marketing | hospitality industry | restaurant management | personnel management | entrepreneurship | business ethics | inventory control | cost control | customer services | management | marketing",1
Baking science & technology,E. J. Pyler,5.0,1.0,1952.0,4.0,Baking,eng,,https://openlibrary.org/works/OL4654476W,Open Library API,baking,,Baking and Pastry,,baking science & technology,1
Omnivore's Dilemma. A Natural History of Four Meals,Michael Pollan | Richie Chevat | Raul Nagore,4.130435,46.0,2006.0,28.0,hunting | foodies | feral pigs | wild mushrooms | abalone | salads | leaf vegetables | sourdough | wild yeast | cherries | Whole Foods Market | omnivores | food chains | organic food | American cuisine | Food habits | nyt:paperback_nonfiction=2008-10-04 | New York Times bestseller | Food preferences | Evolution | Agriculture | Habitudes alimentaires | Feeding Behavior | Ernährungsgewohnheit | Préférences alimentaires | Évolution | Ernährungsökologie | Eating customs | Nahrungskette | Food chains (ecology),eng | heb | spa | rum,https://covers.openlibrary.org/b/id/8596706-M.jpg,https://openlibrary.org/works/OL3296483W,Open Library API,nutrition,,Nutrition,hunting | foodies | feral pigs | wild mushrooms | abalone | salads | leaf vegetables | sourdough | wild yeast | cherries | Whole Foods Market | omnivores | food chains | organic food | American cuisine | Food habits | nyt:paperback_nonfiction=2008-10-04 | New York Times bestseller | Food preferences | Evolution | Agriculture | Habitudes alimentaires | Feeding Behavior | Ernährungsgewohnheit | Préférences alimentaires | Évolution | Ernährungsökologie | Eating customs | Nahrungskette | Food chains (ecology),omnivore's dilemma. a natural history of four meals hunting | foodies | feral pigs | wild mushrooms | abalone | salads | leaf vegetables | sourdough | wild yeast | cherries | whole foods market | omnivores | food chains | organic food | american cuisine | food habits | nyt:paperback_nonfiction=2008-10-04 | new york times bestseller | food preferences | evolution | agriculture | habitudes alimentaires | feeding behavior | ernährungsgewohnheit | préférences alimentaires | évolution | ernährungsökologie | eating customs | nahrungskette | food chains (ecology),1
HACCP,Merle D. Pierson | Donald A. Corlett,,,2012.0,3.0,"Safety measures | Quality control | Food | Hazard Analysis and Critical Control Point (Food safety system) | Food industry and trade | Microbiology | Food, microbiology",eng,https://covers.openlibrary.org/b/id/8656492-M.jpg,https://openlibrary.org/works/OL19854178W,Open Library API,food safety,,Food Safety,"Safety measures | Quality control | Food | Hazard Analysis and Critical Control Point ( system) | Food industry and trade | Microbiology | Food, microbiology","haccp safety measures | quality control | food | hazard analysis and critical control point ( system) | food industry and trade | microbiology | food, microbiology",5
Restoration agriculture,Mark Shepard,5.0,1.0,2013.0,1.0,Permaculture | Edible forest gardens | Sustainable agriculture | Agricultural ecology | Alternative agriculture | Agriculture,eng,https://covers.openlibrary.org/b/id/10084144-M.jpg,https://openlibrary.org/works/OL19970935W,Open Library API,agriculture,,Agriculture,Permaculture | Edible forest gardens | Sustainable | Agricultural ecology | Alternative,restoration agriculture permaculture | edible forest gardens | sustainable | agricultural ecology | alternative,2
Ferment,Holly Davis,3.0,1.0,2017.0,3.0,Fermentation | Cooking,eng,https://covers.openlibrary.org/b/id/8803652-M.jpg,https://openlibrary.org/works/OL20158567W,Open Library API,fermentation,,Fermentation,Cooking,ferment cooking,3
Appetite for Profit,Michele Simon,4.5,2.0,2006.0,3.0,"Nutrition | Food habits | Food industry and trade | Food Industry | Popular Works | Economics | Ethics | Food Preferences | Health Status | Nutrition Policy | Obesity | Public health, united states | Social responsibility of business | Feeding Behavior",eng,https://covers.openlibrary.org/b/id/789933-M.jpg,https://openlibrary.org/works/OL8859398W,Open Library API,food business,,Food Business,"Nutrition | Food habits | Food industry and trade | Food Industry | Popular Works | Economics | Ethics | Food Preferences | Health Status | Nutrition Policy | Obesity | Public health, united states | Social responsibility of business | Feeding Behavior","appetite for profit nutrition | food habits | food industry and trade | food industry | popular works | economics | ethics | food preferences | health status | nutrition policy | obesity | public health, united states | social responsibility of business | feeding behavior",1
The simple art of perfect baking,Flo Braker,,,1985.0,7.0,Desserts | Baking | Cooking,eng,https://covers.openlibrary.org/b/id/601031-M.jpg,https://openlibrary.org/works/OL4283728W,Open Library API,baking,,Baking and Pastry,Desserts | | Cooking,the simple art of perfect baking desserts | | cooking,3
Nutrition and physical fitness,Lotta Jean Bogert | George M. Briggs | Doris Howes Calloway,4.1666665,6.0,1931.0,19.0,Nutrition | Physical fitness | Diet | Food | Digestion | Health | Hygiene | Nutritional Physiological Phenomena | Nutritional aspects,eng,https://covers.openlibrary.org/b/id/7155807-M.jpg,https://openlibrary.org/works/OL142101W,Open Library API,nutrition,,Nutrition,Physical fitness | Diet | Food | Digestion | Health | Hygiene | al Physiological Phenomena | al aspects,nutrition and physical fitness physical fitness | diet | food | digestion | health | hygiene | al physiological phenomena | al aspects,4
Home Comforts,Cheryl Mendelson,5.0,1.0,1999.0,5.0,house & home | decorating & furnishings | Maintenance & Repair | cleaning & caretaking | Home economics | food | cloth | cleanliness | materials | daily life | sleep | safe shelter | Home Cooking | breakfast | lunch | dinner | beverages | meals | kitchen culture | safe food | fabric | natural fibers | Man-Made Fibers | Care Labels | laundry | Ironing | linens | stains | air | dust,eng,https://covers.openlibrary.org/b/id/8383746-M.jpg,https://openlibrary.org/works/OL5736885W,Open Library API,food safety,,Food Safety,house & home | decorating & furnishings | Maintenance & Repair | cleaning & caretaking | Home economics | food | cloth | cleanliness | materials | daily life | sleep | safe shelter | Home Cooking | breakfast | lunch | dinner | beverages | meals | kitchen culture | safe food | fabric | natural fibers | Man-Made Fibers | Care Labels | laundry | Ironing | linens | stains | air | dust,home comforts house & home | decorating & furnishings | maintenance & repair | cleaning & caretaking | home economics | food | cloth | cleanliness | materials | daily life | sleep | safe shelter | home cooking | breakfast | lunch | dinner | beverages | meals | kitchen culture | safe food | fabric | natural fibers | man-made fibers | care labels | laundry | ironing | linens | stains | air | dust,1
Krishi-Parashara =,Parāśara,5.0,2.0,1999.0,1.0,Agriculture | History,eng | san,,https://openlibrary.org/works/OL2598045W,Open Library API,agriculture,,Agriculture,History,krishi-parashara = history,2
Fermented foods and beverages of the world,Jyoti Prakash Tamang,0.0,0.0,2010.0,4.0,"Food | Fermented milk | Fermented foods | Microbiology | History | Fermentation | Beverages | Food, analysis",eng,https://covers.openlibrary.org/b/id/9512120-M.jpg,https://openlibrary.org/works/OL16651449W,Open Library API,fermentation,,Fermentation,"Food | Fermented milk | Fermented foods | Microbiology | History | | Beverages | Food, analysis","fermented foods and beverages of the world food | fermented milk | fermented foods | microbiology | history | | beverages | food, analysis",0
Planning and control for food and beverage operations,Jack D. Ninemeier,5.0,1.0,1982.0,7.0,Bartending | Food service management | Gestion | Restaurants | Business &amp; economics | Management,eng,https://covers.openlibrary.org/b/id/3792305-M.jpg,https://openlibrary.org/works/OL2743453W,Open Library API,food business,,Food Business,Bartending | Food service management | Gestion | Restaurants | Business &amp; economics | Management,planning and control for food and beverage operations bartending | food service management | gestion | restaurants | business &amp; economics | management,1
Cookie-Store Cat,Cynthia Rylant,4.5,2.0,1999.0,4.0,"Cats | Baking | Fiction | Children's fiction | Cats, fiction | Baking, fiction",eng,https://covers.openlibrary.org/b/id/384936-M.jpg,https://openlibrary.org/works/OL64131W,Open Library API,baking,,Baking and Pastry,"Cats | | Fiction | Children's fiction | Cats, fiction | , fiction","cookie-store cat cats | | fiction | children's fiction | cats, fiction | , fiction",2
"Soil, Grass and Cancer",Andrė Voisin,2.0,2.0,1959.0,6.0,Cancer | Causes and theories of causation | Composition | Diseases | Nutrition | Nutritional aspects | Nutritional aspects of Cancer | Soils | Soils and animal nutrition | Soils and nutrition | Disease | Etiology | Neoplasms | Nutrition disorders | Soil | Nutritional Physiological Phenomena | Chemistry,eng | fre,https://covers.openlibrary.org/b/id/702988-M.jpg,https://openlibrary.org/works/OL544036W,Open Library API,nutrition,,Nutrition,Cancer | Causes and theories of causation | Composition | Diseases | | al aspects | al aspects of Cancer | Soils | Soils and animal | Soils and | Disease | Etiology | Neoplasms | disorders | Soil | al Physiological Phenomena | Chemistry,"soil, grass and cancer cancer | causes and theories of causation | composition | diseases | | al aspects | al aspects of cancer | soils | soils and animal | soils and | disease | etiology | neoplasms | disorders | soil | al physiological phenomena | chemistry",4
Codex alimentarius,Joint FAO/WHO Codex Alimentarius Commission.,,,1981.0,22.0,"Biotechnology | Codex alimentarius | Food | Food adulteration and inspection | Food handling | Food industry and trade | Food law and legislation | Handbooks, manuals | Health risk assessment | Joint FAO/WHO Codex Alimentarius Commission | Labeling | Law and legislation | Natural foods | Quality control | Safety measures | Standards | Aliments | Normes | Droit | Food, labeling | Quality control, standards | Fruit | Vegetables | Grain | Legumes | Food Labeling | Food Legislation | Food-Processing Industry | Food Inspection | Health Food",eng,https://covers.openlibrary.org/b/id/4907755-M.jpg,https://openlibrary.org/works/OL854917W,Open Library API,food safety,,Food Safety,"Biotechnology | Codex alimentarius | Food | Food adulteration and inspection | Food handling | Food industry and trade | Food law and legislation | Handbooks, manuals | Health risk assessment | Joint FAO/WHO Codex Alimentarius Commission | Labeling | Law and legislation | Natural foods | Quality control | Safety measures | Standards | Aliments | Normes | Droit | Food, labeling | Quality control, standards | Fruit | Vegetables | Grain | Legumes | Food Labeling | Food Legislation | Food-Processing Industry | Food Inspection | Health Food","codex alimentarius biotechnology | codex alimentarius | food | food adulteration and inspection | food handling | food industry and trade | food law and legislation | handbooks, manuals | health risk assessment | joint fao/who codex alimentarius commission | labeling | law and legislation | natural foods | quality control | safety measures | standards | aliments | normes | droit | food, labeling | quality control, standards | fruit | vegetables | grain | legumes | food labeling | food legislation | food-processing industry | food inspection | health food",5
The Unsettling of America,Wendell Berry,5.0,1.0,1977.0,13.0,"Agriculture | Social aspects of Agriculture | Economic aspects of Agriculture | Rural conditions | Landwirtschaft | Soziale Situation | Social aspects | Economic aspects | Ländlicher Raum | Agriculture, united states | Agriculture, social aspects | Farm mechanization | Culture | Agriculture, economic aspects, united states | United states, rural conditions",eng,https://covers.openlibrary.org/b/id/4792566-M.jpg,https://openlibrary.org/works/OL14862077W,Open Library API,agriculture,,Agriculture,"Social aspects of | Economic aspects of | Rural conditions | Landwirtschaft | Soziale Situation | Social aspects | Economic aspects | Ländlicher Raum | , united states | , social aspects | Farm mechanization | Culture | , economic aspects, united states | United states, rural conditions","the unsettling of america social aspects of | economic aspects of | rural conditions | landwirtschaft | soziale situation | social aspects | economic aspects | ländlicher raum | , united states | , social aspects | farm mechanization | culture | , economic aspects, united states | united states, rural conditions",2
The complete idiot's guide to fermenting foods,Wardeh Harmon,,,2012.0,1.0,Canning and preserving | Fermented foods | Fermentation,eng,https://covers.openlibrary.org/b/id/12712243-M.jpg,https://openlibrary.org/works/OL16694408W,Open Library API,fermentation,,Fermentation,Canning and preserving | Fermented foods,the complete idiot's guide to fermenting foods canning and preserving | fermented foods,0
Tamime and Robinson's yoghurt,A. Y. Tamime,5.0,1.0,2007.0,3.0,"Yogurt | Technological innovations | Yogurt industry | Food science | Food industry | Professional, career & trade -> food technology -> food science | Business & economics -> business -> industries",eng,https://covers.openlibrary.org/b/id/8725615-M.jpg,https://openlibrary.org/works/OL19905627W,Open Library API,food business,,Food Business,"Yogurt | Technological innovations | Yogurt industry | Food science | Food industry | Professional, career & trade -> food technology -> food science | Business & economics -> business -> industries","tamime and robinson's yoghurt yogurt | technological innovations | yogurt industry | food science | food industry | professional, career & trade -> food technology -> food science | business & economics -> business -> industries",1
Cake pop crush,Suzanne Nelson,4.0,6.0,2013.0,1.0,"Bakeries | Boys | Baking | Juvenile fiction | Contests | Girls | Children's fiction | Baking, fiction | Boys, fiction | Girls, fiction | Contests, fiction",eng,https://covers.openlibrary.org/b/id/8126965-M.jpg,https://openlibrary.org/works/OL17833410W,Open Library API,baking,,Baking and Pastry,"Bakeries | Boys | | Juvenile fiction | Contests | Girls | Children's fiction | , fiction | Boys, fiction | Girls, fiction | Contests, fiction","cake pop crush bakeries | boys | | juvenile fiction | contests | girls | children's fiction | , fiction | boys, fiction | girls, fiction | contests, fiction",2
Fasting Can Save Your Life,Herbert M. Shelton,2.0,1.0,1964.0,2.0,Fasting | Nutrition | Health aspects,eng,https://covers.openlibrary.org/b/id/6681828-M.jpg,https://openlibrary.org/works/OL3009649W,Open Library API,nutrition,,Nutrition,Fasting | | Health aspects,fasting can save your life fasting | | health aspects,2
Caution in the kitchen!,Jennifer Boothroyd | Intuitive | Intuitive Intuitive,,,2016.0,8.0,"Food allergy | Food handling | Food contamination | Safety | Safety education | Safety education, juvenile literature | Allergy | Allergy, juvenile literature | Safety measures | Juvenile literature",eng,https://covers.openlibrary.org/b/id/12913231-M.jpg,https://openlibrary.org/works/OL19742599W,Open Library API,food safety,,Food Safety,"Food allergy | Food handling | Food contamination | Safety | Safety education | Safety education, juvenile literature | Allergy | Allergy, juvenile literature | Safety measures | Juvenile literature","caution in the kitchen! food allergy | food handling | food contamination | safety | safety education | safety education, juvenile literature | allergy | allergy, juvenile literature | safety measures | juvenile literature",5
The art of the commonplace,Wendell Berry | Norman Wirzba,4.0,1.0,2002.0,6.0,"Social aspects of Agriculture | Agriculture | Economic aspects of Agriculture | Agriculture, united states | Agriculture, economic aspects, united states | Agriculture, social aspects | American literature | Economic aspects | Social aspects",eng,https://covers.openlibrary.org/b/id/871313-M.jpg,https://openlibrary.org/works/OL14862058W,Open Library API,agriculture,,Agriculture,"Social aspects of | | Economic aspects of | , united states | , economic aspects, united states | , social aspects | American literature | Economic aspects | Social aspects","the art of the commonplace social aspects of | | economic aspects of | , united states | , economic aspects, united states | , social aspects | american literature | economic aspects | social aspects",2
Fermenting for dummies,Marni Wasserman,,,2013.0,6.0,"Fermentation | Fermented foods | Cooking | Food, preservation | Food | Canning and preserving",eng,https://covers.openlibrary.org/b/id/12961332-M.jpg,https://openlibrary.org/works/OL19970334W,Open Library API,fermentation,,Fermentation,"Fermented foods | Cooking | Food, preservation | Food | Canning and preserving","fermenting for dummies fermented foods | cooking | food, preservation | food | canning and preserving",0
Food Supply Chain Management and Logistics,Samir Dani,,,2015.0,9.0,Business logistics | Food supply | Food industry and trade | Management | Marketing | Produce trade | BUSINESS & ECONOMICS / Production & Operations Management | BUSINESS & ECONOMICS / Distribution | BUSINESS & ECONOMICS / Facility Management | BUSINESS & ECONOMICS / Management Science | BUSINESS & ECONOMICS / Management,eng,https://covers.openlibrary.org/b/id/9138097-M.jpg,https://openlibrary.org/works/OL20473345W,Open Library API,food business,,Food Business,Business logistics | Food supply | Food industry and trade | Management | Marketing | Produce trade | BUSINESS & ECONOMICS / Production & Operations Management | BUSINESS & ECONOMICS / Distribution | BUSINESS & ECONOMICS / Facility Management | BUSINESS & ECONOMICS / Management Science | BUSINESS & ECONOMICS / Management,food supply chain management and logistics business logistics | food supply | food industry and trade | management | marketing | produce trade | business & economics / production & operations management | business & economics / distribution | business & economics / facility management | business & economics / management science | business & economics / management,1
How baking works,Paula Figoni,,,2011.0,1.0,Baking,eng,https://covers.openlibrary.org/b/id/12839231-M.jpg,https://openlibrary.org/works/OL18635530W,Open Library API,baking,,Baking and Pastry,,how baking works,3
"Krause's food, nutrition, & diet therapy",L. Kathleen Mahan | Sylvia Escott-Stump,5.0,1.0,1996.0,3.0,Nutrition | Food | Voeding | Dieettherapie | Diétothérapie | Diet therapy | Aliments | Nutritional Physiological Phenomena | Dietetics & nutrition | Nursing - Nutrition | Medical / Nursing | Medical | Medical / Nursing / Nutrition,eng,https://covers.openlibrary.org/b/id/458713-M.jpg,https://openlibrary.org/works/OL15162222W,Open Library API,nutrition,,Nutrition,Food | Voeding | Dieettherapie | Diétothérapie | Diet therapy | Aliments | al Physiological Phenomena | Dietetics & | Nursing - | Medical / Nursing | Medical | Medical / Nursing /,"krause's food, nutrition, & diet therapy food | voeding | dieettherapie | diétothérapie | diet therapy | aliments | al physiological phenomena | dietetics & | nursing - | medical / nursing | medical | medical / nursing /",4
Engineering for food safety and sanitation,Thomas J. Imholte,,,1984.0,2.0,Food industry and trade | Safety measures | Sanitation,eng,https://covers.openlibrary.org/b/id/12928842-M.jpg,https://openlibrary.org/works/OL5289507W,Open Library API,food safety,,Food Safety,Food industry and trade | Safety measures | Sanitation,engineering for food safety and sanitation food industry and trade | safety measures | sanitation,5
Pengantar ekonomi pertanian,Mubyarto.,5.0,1.0,1973.0,2.0,Agriculture | Economic aspects of Agriculture | Economic aspects | Rural development,ind,https://covers.openlibrary.org/b/id/4053624-M.jpg,https://openlibrary.org/works/OL945981W,Open Library API,agriculture,,Agriculture,Economic aspects of | Economic aspects | Rural development,pengantar ekonomi pertanian economic aspects of | economic aspects | rural development,2
Mastering fermentation,Mary Karlin,,,2013.0,1.0,Fermented foods | Fermentation | Cooking | Food,eng,https://covers.openlibrary.org/b/id/12628884-M.jpg,https://openlibrary.org/works/OL19970320W,Open Library API,fermentation,,Fermentation,Fermented foods | | Cooking | Food,mastering fermentation fermented foods | | cooking | food,0
Good Burger 2 go,Steve Holland,5.0,1.0,1998.0,3.0,"Fast food restaurants | Hamburgers | Juvenile fiction | Sauces | Good burger (Motion picture) | Business | Kidnapping | Children's fiction | Children, fiction",eng,https://covers.openlibrary.org/b/id/2547284-M.jpg,https://openlibrary.org/works/OL738352W,Open Library API,food business,,Food Business,"Fast food restaurants | Hamburgers | Juvenile fiction | Sauces | Good burger (Motion picture) | Business | Kidnapping | Children's fiction | Children, fiction","good burger 2 go fast food restaurants | hamburgers | juvenile fiction | sauces | good burger (motion picture) | business | kidnapping | children's fiction | children, fiction",1
Baking for Dummies,Emily Nolan,,,2002.0,3.0,Baking,eng,https://covers.openlibrary.org/b/id/521892-M.jpg,https://openlibrary.org/works/OL2769746W,Open Library API,baking,,Baking and Pastry,,baking for dummies,3
Food Science And Nutrition,Sunetra Roday,5.0,1.0,2007.0,2.0,Food | Nutrition,eng,https://covers.openlibrary.org/b/id/7641574-M.jpg,https://openlibrary.org/works/OL17469685W,Open Library API,nutrition,,Nutrition,Food,food science and nutrition food,4
Food security,Kathy Wilson Peacock,,,2011.0,1.0,"Safety measures | Food security | Food | Food supply | Juvenile literature | Lebensmittelversorgung | Food supply, juvenile literature",eng,https://covers.openlibrary.org/b/id/7257308-M.jpg,https://openlibrary.org/works/OL15942478W,Open Library API,food safety,,Food Safety,"Safety measures | Food security | Food | Food supply | Juvenile literature | Lebensmittelversorgung | Food supply, juvenile literature","food security safety measures | food security | food | food supply | juvenile literature | lebensmittelversorgung | food supply, juvenile literature",5
"Hello, World! How Do Apples Grow?",Jill McDonald,,,2019.0,1.0,Agriculture,,https://covers.openlibrary.org/b/id/8807086-M.jpg,https://openlibrary.org/works/OL20161413W,Open Library API,agriculture,,Agriculture,,"hello, world! how do apples grow?",0
Industrial microbiology,Samuel Cate Prescott,,,1940.0,5.0,Yeast | Microbiology | Technical Chemistry | Industrial microbiology | Yeasts | Fermentation | Bacteria | Molds (Fungi),eng,https://covers.openlibrary.org/b/id/7052606-M.jpg,https://openlibrary.org/works/OL6441633W,Open Library API,fermentation,,Fermentation,Yeast | Microbiology | Technical Chemistry | Industrial microbiology | Yeasts | | Bacteria | Molds (Fungi),industrial microbiology yeast | microbiology | technical chemistry | industrial microbiology | yeasts | | bacteria | molds (fungi),0
Gastrophysics,"Spence, Charles (Experimental psychologist)",3.0,1.0,2017.0,1.0,Food | Gastronomy | Sensory evaluation | Dinners and dining | Nutrition | Senses and sensation | BUSINESS & ECONOMICS / Industries / Food Industry | COOKING / Methods / Garnishing & Food Presentation | TECHNOLOGY & ENGINEERING / Food Science | COOKING / Reference | Food habits | Psychological aspects | Intersensory effects | SCIENCE / Essays | SOCIAL SCIENCE / Agriculture & Food | Popular Science | Food & Society | Neurosciences | Food--sensory evaluation | Business & economics / industries / food industry | Cooking / methods / garnishing & food presentation | Technology & engineering / food science | Tx631 .s679 2017 | 641.01/3,eng,https://covers.openlibrary.org/b/id/13138970-M.jpg,https://openlibrary.org/works/OL19712248W,Open Library API,food business,,Food Business,Food | Gastronomy | Sensory evaluation | Dinners and dining | Nutrition | Senses and sensation | BUSINESS & ECONOMICS / Industries / Food Industry | COOKING / Methods / Garnishing & Food Presentation | TECHNOLOGY & ENGINEERING / Food Science | COOKING / Reference | Food habits | Psychological aspects | Intersensory effects | SCIENCE / Essays | SOCIAL SCIENCE / Agriculture & Food | Popular Science | Food & Society | Neurosciences | Food--sensory evaluation | Business & economics / industries / food industry | Cooking / methods / garnishing & food presentation | Technology & engineering / food science | Tx631 .s679 2017 | 641.01/3,gastrophysics food | gastronomy | sensory evaluation | dinners and dining | nutrition | senses and sensation | business & economics / industries / food industry | cooking / methods / garnishing & food presentation | technology & engineering / food science | cooking / reference | food habits | psychological aspects | intersensory effects | science / essays | social science / agriculture & food | popular science | food & society | neurosciences | food--sensory evaluation | business & economics / industries / food industry | cooking / methods / garnishing & food presentation | technology & engineering / food science | tx631 .s679 2017 | 641.01/3,1
The Fannie Farmer baking book,Marion Cunningham,4.0,1.0,1984.0,2.0,Baking,eng,https://covers.openlibrary.org/b/id/320780-M.jpg,https://openlibrary.org/works/OL1921062W,Open Library API,baking,,Baking and Pastry,,the fannie farmer baking book,3
Good enough to eat,Lizzy Rockwell | Rockwell,4.0,1.0,1997.0,6.0,"Juvenile literature | Nutrition | Food | Children | Nutrition, juvenile literature | Children, nutrition",eng,https://covers.openlibrary.org/b/id/24384-M.jpg,https://openlibrary.org/works/OL1826076W,Open Library API,nutrition,,Nutrition,"Juvenile literature | | Food | Children | , juvenile literature | Children,","good enough to eat juvenile literature | | food | children | , juvenile literature | children,",5
Microorganisms in Foods 8,International Commission on Microbiological Specifications for Foods,,,2011.0,1.0,"Chemistry | Food, microbiology | Methods | Food | Food Industry | Food Inspection | Analysis | Standards | Food Microbiology | Food Safety | Food Analysis | Food, analysis | Food industry and trade | Food adulteration and inspection | Chemistry/Food Science, general",eng,https://covers.openlibrary.org/b/id/9908770-M.jpg,https://openlibrary.org/works/OL16995261W,Open Library API,food safety,,Food Safety,"Chemistry | Food, microbiology | Methods | Food | Food Industry | Food Inspection | Analysis | Standards | Food Microbiology | | Food Analysis | Food, analysis | Food industry and trade | Food adulteration and inspection | Chemistry/Food Science, general","microorganisms in foods 8 chemistry | food, microbiology | methods | food | food industry | food inspection | analysis | standards | food microbiology | | food analysis | food, analysis | food industry and trade | food adulteration and inspection | chemistry/food science, general",5
Essentials of agricultural economics,A. J. Adegeye,,,1982.0,3.0,Agriculture | Economic aspects | Economic aspects of Agriculture,eng,,https://openlibrary.org/works/OL5406028W,Open Library API,agriculture,,Agriculture,Economic aspects | Economic aspects of,essentials of agricultural economics economic aspects | economic aspects of,2
"Fermentation Microbiology and Biotechnology, Fourth Edition",E. M. T. El-Mansi | Jens Nielsen | David Mousdale | Ross P. Carlson,,,2018.0,5.0,Industrial microbiology | Fermentation,eng,https://covers.openlibrary.org/b/id/12438695-M.jpg,https://openlibrary.org/works/OL25225794W,Open Library API,fermentation,,Fermentation,Industrial microbiology,"fermentation microbiology and biotechnology, fourth edition industrial microbiology",0
Meet Me At The Cupcake Cafe,Jenny Colgan | Jenny Colgan,3.3333333,3.0,2011.0,9.0,"Bakers | New business enterprises | Fiction | Fiction, women | Confectioners | Life change events | Conduct of life | Women in the food industry | Fiction, general | Fiction, humorous, general | Fiction, romance, general",eng,https://covers.openlibrary.org/b/id/7825423-M.jpg,https://openlibrary.org/works/OL17561924W,Open Library API,food business,,Food Business,"Bakers | New business enterprises | Fiction | Fiction, women | Confectioners | Life change events | Conduct of life | Women in the food industry | Fiction, general | Fiction, humorous, general | Fiction, romance, general","meet me at the cupcake cafe bakers | new business enterprises | fiction | fiction, women | confectioners | life change events | conduct of life | women in the food industry | fiction, general | fiction, humorous, general | fiction, romance, general",1
Artisan bread in five minutes a day,Jeff Hertzberg,4.6666665,3.0,2007.0,5.0,Bread | Baking,eng,https://covers.openlibrary.org/b/id/7316076-M.jpg,https://openlibrary.org/works/OL9392539W,Open Library API,baking,,Baking and Pastry,Bread,artisan bread in five minutes a day bread,3
Nutrition,Joan Salge Blake,,,2009.0,20.0,Textbooks | Nutrition,eng,https://covers.openlibrary.org/b/id/10123322-M.jpg,https://openlibrary.org/works/OL18634124W,Open Library API,nutrition,,Nutrition,Textbooks,nutrition textbooks,4
Essentials of food safety and sanitation,David Zachary McSwane,,,1998.0,2.0,Food service | Safety measures | Food handling | Sanitation,eng,https://covers.openlibrary.org/b/id/1114229-M.jpg,https://openlibrary.org/works/OL23646268W,Open Library API,food safety,,Food Safety,Food service | Safety measures | Food handling | Sanitation,essentials of food safety and sanitation food service | safety measures | food handling | sanitation,5
Principles of agribusiness management,James G. Beierlein,3.5,4.0,1986.0,5.0,"Agricultural industries | Management | Finance | Agriculture, economic aspects",eng,https://covers.openlibrary.org/b/id/1933180-M.jpg,https://openlibrary.org/works/OL3150795W,Open Library API,agriculture,,Agriculture,"Agricultural industries | Management | Finance | , economic aspects","principles of agribusiness management agricultural industries | management | finance | , economic aspects",2
Nutritional ecology of the ruminant,Peter J. Van Soest,,,1982.0,4.0,Animal nutrition | Feeding and feeds | Feeds | Rumen fermentation | Ruminants,eng,https://covers.openlibrary.org/b/id/3873199-M.jpg,https://openlibrary.org/works/OL3463538W,Open Library API,fermentation,,Fermentation,Animal nutrition | Feeding and feeds | Feeds | Rumen | Ruminants,nutritional ecology of the ruminant animal nutrition | feeding and feeds | feeds | rumen | ruminants,4
Food and Beverage Cost Control,Jack E. Miller,,,2001.0,5.0,"Food service | Cost control | Industries | TRAVEL | Hospitality, Travel & Tourism | BUSINESS & ECONOMICS | Restaurants | Food industry and trade | Beverage industry | Services alimentaires | Coût | Contrôle",eng,https://covers.openlibrary.org/b/id/1244509-M.jpg,https://openlibrary.org/works/OL1802199W,Open Library API,food business,,Food Business,"Food service | Cost control | Industries | TRAVEL | Hospitality, Travel & Tourism | BUSINESS & ECONOMICS | Restaurants | Food industry and trade | Beverage industry | Services alimentaires | Coût | Contrôle","food and beverage cost control food service | cost control | industries | travel | hospitality, travel & tourism | business & economics | restaurants | food industry and trade | beverage industry | services alimentaires | coût | contrôle",1
How Baking Works,Paula I. Figoni,,,2003.0,7.0,Cooking & Food | Nonfiction | Baking,eng,https://covers.openlibrary.org/b/id/1250541-M.jpg,https://openlibrary.org/works/OL8227472W,Open Library API,baking,,Baking and Pastry,Cooking & Food | Nonfiction,how baking works cooking & food | nonfiction,3
Nourishing traditions,Sally Fallon,4.5,2.0,1995.0,5.0,Nutrition | Cookery | Cooking,eng,https://covers.openlibrary.org/b/id/732441-M.jpg,https://openlibrary.org/works/OL2846748W,Open Library API,nutrition,,Nutrition,Cookery | Cooking,nourishing traditions cookery | cooking,3
Food Safety,Sharon Gordon,,,2001.0,2.0,Safety measures | Safety | Picture books | Food adulteration and inspection | Safety education | Food handling | Juvenile literature,eng,https://covers.openlibrary.org/b/id/1264166-M.jpg,https://openlibrary.org/works/OL4965466W,Open Library API,food safety,,Food Safety,Safety measures | Safety | Picture books | Food adulteration and inspection | Safety education | Food handling | Juvenile literature,food safety safety measures | safety | picture books | food adulteration and inspection | safety education | food handling | juvenile literature,5
Agricultural Research Updates,Prathamesh Gorawala,,,2012.0,19.0,"Agriculture | Agriculture, research",eng,https://covers.openlibrary.org/b/id/8942129-M.jpg,https://openlibrary.org/works/OL20284185W,Open Library API,agriculture,,Agriculture,", research","agricultural research updates , research",2
Cultured Foods for Your Kitchen: 100 Recipes Featuring the Bold Flavors of Fermentation,Leda Scheintaub,,,2014.0,1.0,Fermented foods | Fermentation | Cooking | COOKING / General,eng,https://covers.openlibrary.org/b/id/8462109-M.jpg,https://openlibrary.org/works/OL19349796W,Open Library API,fermentation,,Fermentation,Fermented foods | | Cooking | COOKING / General,cultured foods for your kitchen: 100 recipes featuring the bold flavors of fermentation fermented foods | | cooking | cooking / general,0
Hospitality marketing management,Robert D. Reid | David C. Bojanic,,,1989.0,8.0,"Accueil (Tourisme) | Business | Food service | Hospitality industry | Marketing | Nonfiction | Restaurants | Services alimentaires | Industries - Hospitality, Travel & Tourism | Business / Economics / Finance | Sales & marketing management | Food Service Management | Cooking | Business/Economics | Business & Economics / Hospitality, Travel & Tourism | Methods - Professional | Study and teaching | Hotel management | Restaurants, marketing",eng | und,https://covers.openlibrary.org/b/id/4142284-M.jpg,https://openlibrary.org/works/OL4807197W,Open Library API,food business,,Food Business,"Accueil (Tourisme) | Business | Food service | Hospitality industry | Marketing | Nonfiction | Restaurants | Services alimentaires | Industries - Hospitality, Travel & Tourism | Business / Economics / Finance | Sales & marketing management | Food Service Management | Cooking | Business/Economics | Business & Economics / Hospitality, Travel & Tourism | Methods - Professional | Study and teaching | Hotel management | Restaurants, marketing","hospitality marketing management accueil (tourisme) | business | food service | hospitality industry | marketing | nonfiction | restaurants | services alimentaires | industries - hospitality, travel & tourism | business / economics / finance | sales & marketing management | food service management | cooking | business/economics | business & economics / hospitality, travel & tourism | methods - professional | study and teaching | hotel management | restaurants, marketing",1
Beard on bread,James Beard | Karl Stuecklen,,,1973.0,5.0,Bread | Baking,eng,https://covers.openlibrary.org/b/id/4507627-M.jpg,https://openlibrary.org/works/OL1925014W,Open Library API,baking,,Baking and Pastry,Bread,beard on bread bread,3
Let's Get Well,Adelle Davis,4.0,4.0,1965.0,17.0,"Diet in disease | Diet in diseases | Popular Works | Nutritional Physiological Phenomena | Diet Therapy | Self-care, health | Nutrition",chi | eng,https://covers.openlibrary.org/b/id/6629531-M.jpg,https://openlibrary.org/works/OL99158W,Open Library API,nutrition,,Nutrition,"Diet in disease | Diet in diseases | Popular Works | al Physiological Phenomena | Diet Therapy | Self-care, health","let's get well diet in disease | diet in diseases | popular works | al physiological phenomena | diet therapy | self-care, health",4
A colony for an Indian reserve in Kansas,C. C. Hutchinson,3.75,4.0,1863.0,1.0,Agricultural colonies -- Kansas. | Ottawa Indians.,eng,,https://openlibrary.org/works/OL15437558M,Open Library API,agriculture,,Agriculture,Agricultural colonies -- Kansas. | Ottawa Indians.,a colony for an indian reserve in kansas agricultural colonies -- kansas. | ottawa indians.,2
Yeast,Chris White,,,2010.0,1.0,Brewing | Fermentation | Yeast,eng,https://covers.openlibrary.org/b/id/12184515-M.jpg,https://openlibrary.org/works/OL16651463W,Open Library API,fermentation,,Fermentation,Brewing | | Yeast,yeast brewing | | yeast,0
The food truck handbook,David Weber,,,2012.0,1.0,Food service | Management | BUSINESS & ECONOMICS / Entrepreneurship | New business enterprises | Food industry and trade | Industrial management,eng,https://covers.openlibrary.org/b/id/14362919-M.jpg,https://openlibrary.org/works/OL16499629W,Open Library API,food business,,Food Business,Food service | Management | BUSINESS & ECONOMICS / Entrepreneurship | New business enterprises | Food industry and trade | Industrial management,the food truck handbook food service | management | business & economics / entrepreneurship | new business enterprises | food industry and trade | industrial management,1
BakingStyle,Lisa Yockelson,,,2011.0,6.0,Baking,eng,https://covers.openlibrary.org/b/id/9435762-M.jpg,https://openlibrary.org/works/OL15632802W,Open Library API,baking,,Baking and Pastry,,bakingstyle,1
Nutrition and physical degeneration,Weston A. Price | Weston Andrew Price,,,1938.0,15.0,Anthropology | Cariogenic Diet | Civilization | Diet | Diseases | Nutrition and dental health | Nutrition disorders | Nutritional anthropology | Nutritionally induced diseases | Primitive societies | Teeth | Tooth Diseases | Ernährungskrankheit | Ernährungsgewohnheit | Zahnkrankheit | Ernährung | Ureinwohner | Nutritional Physiological Phenomena | Physical Anthropology | Prehistoric peoples | Nutrition | Degeneration (Pathology) | Hygiene | Oral Health,eng,https://covers.openlibrary.org/b/id/676267-M.jpg,https://openlibrary.org/works/OL98980W,Open Library API,nutrition,,Nutrition,Anthropology | Cariogenic Diet | Civilization | Diet | Diseases | and dental health | disorders | al anthropology | ally induced diseases | Primitive societies | Teeth | Tooth Diseases | Ernährungskrankheit | Ernährungsgewohnheit | Zahnkrankheit | Ernährung | Ureinwohner | al Physiological Phenomena | Physical Anthropology | Prehistoric peoples | | Degeneration (Pathology) | Hygiene | Oral Health,nutrition and physical degeneration anthropology | cariogenic diet | civilization | diet | diseases | and dental health | disorders | al anthropology | ally induced diseases | primitive societies | teeth | tooth diseases | ernährungskrankheit | ernährungsgewohnheit | zahnkrankheit | ernährung | ureinwohner | al physiological phenomena | physical anthropology | prehistoric peoples | | degeneration (pathology) | hygiene | oral health,4
The certified HACCP auditor handbook,John G. Surak | Steven Wilson,,,2007.0,2.0,"Safety measures | Food adulteration and inspection | Hazard Analysis and Critical Control Point (Food safety system) | Food industry and trade | Food handling | Handbooks, manuals",eng,https://covers.openlibrary.org/b/id/2673210-M.jpg,https://openlibrary.org/works/OL18693388W,Open Library API,food safety,,Food Safety,"Safety measures | Food adulteration and inspection | Hazard Analysis and Critical Control Point ( system) | Food industry and trade | Food handling | Handbooks, manuals","the certified haccp auditor handbook safety measures | food adulteration and inspection | hazard analysis and critical control point ( system) | food industry and trade | food handling | handbooks, manuals",5
The People of Sparks (Book of Ember #2),Jeanne DuPrau,3.8125,16.0,2004.0,11.0,Agriculture | Juvenile Fiction | Fiction | Traditional farming | Fantasy | War | Vandalism | Refugees | Children's fiction | Science fiction | Fantasy fiction | New York Times reviewed,spa | eng,https://covers.openlibrary.org/b/id/234047-M.jpg,https://openlibrary.org/works/OL4132757W,Open Library API,agriculture,,Agriculture,Juvenile Fiction | Fiction | Traditional farming | Fantasy | War | Vandalism | Refugees | Children's fiction | Science fiction | Fantasy fiction | New York Times reviewed,the people of sparks (book of ember #2) juvenile fiction | fiction | traditional farming | fantasy | war | vandalism | refugees | children's fiction | science fiction | fantasy fiction | new york times reviewed,2
Brewing Yeast Fermentation Performance,Katherine Smart,,,2000.0,6.0,Fermentation | Yeast,eng,https://covers.openlibrary.org/b/id/1329284-M.jpg,https://openlibrary.org/works/OL8233200W,Open Library API,fermentation,,Fermentation,Yeast,brewing yeast fermentation performance yeast,0
Feeding the World,Vaclav Smil,5.0,2.0,2000.0,3.0,Agricultural productivity | Food supply | Agriculture | Productivité | BUSINESS & ECONOMICS | Industries | Agribusiness | TECHNOLOGY & ENGINEERING | Sustainable Agriculture,eng,https://covers.openlibrary.org/b/id/150701-M.jpg,https://openlibrary.org/works/OL1855339W,Open Library API,food business,,Food Business,Agricultural productivity | Food supply | Agriculture | Productivité | BUSINESS & ECONOMICS | Industries | Agribusiness | TECHNOLOGY & ENGINEERING | Sustainable Agriculture,feeding the world agricultural productivity | food supply | agriculture | productivité | business & economics | industries | agribusiness | technology & engineering | sustainable agriculture,1
Bunny Cakes (Max and Ruby),Rosemary Wells,4.6666665,3.0,1997.0,12.0,"Children's fiction | Rabbits, fiction | Baking | Brothers and sisters | Cake | Rabbits | Juvenile fiction | Fiction | Siblings | Brothers and sisters, fiction | Baking, fiction | Birthday cakes | Food, fiction | Siblings, fiction",spa | eng | ita | chi,https://covers.openlibrary.org/b/id/105467-M.jpg,https://openlibrary.org/works/OL32569W,Open Library API,baking,,Baking and Pastry,"Children's fiction | Rabbits, fiction | | Brothers and sisters | Cake | Rabbits | Juvenile fiction | Fiction | Siblings | Brothers and sisters, fiction | , fiction | Birthday cakes | Food, fiction | Siblings, fiction","bunny cakes (max and ruby) children's fiction | rabbits, fiction | | brothers and sisters | cake | rabbits | juvenile fiction | fiction | siblings | brothers and sisters, fiction | , fiction | birthday cakes | food, fiction | siblings, fiction",5
Ilmu gizi,Sumarmo Sunaryo Poorwo Soedarmo | Achmad Djaeni Sediaoetama,4.0,2.0,1974.0,1.0,Nutrition | Diet | Food supply,ind,,https://openlibrary.org/works/OL22600114W,Open Library API,nutrition,,Nutrition,Diet | Food supply,ilmu gizi diet | food supply,1
Methods in Food Analysis,Rui M. S. Cruz | Igor Khmelinski | Margarida Viera,,,2014.0,4.0,"Food, analysis | Food Analysis | Methods | Food | Analysis | BUSINESS & ECONOMICS | Infrastructure | SOCIAL SCIENCE | General | Safety measures | Food -- Safety measures",eng,https://covers.openlibrary.org/b/id/14496338-M.jpg,https://openlibrary.org/works/OL21260698W,Open Library API,food safety,,Food Safety,"Food, analysis | Food Analysis | Methods | Food | Analysis | BUSINESS & ECONOMICS | Infrastructure | SOCIAL SCIENCE | General | Safety measures | Food -- Safety measures","methods in food analysis food, analysis | food analysis | methods | food | analysis | business & economics | infrastructure | social science | general | safety measures | food -- safety measures",5
The Pests of Crops in Indonesia,Louis George Edmund Kalshoven,4.5,2.0,1950.0,4.0,Agricultural pests | Plant parasites | Beneficial insects | Insect pests | Zoology,ger | eng | dut,https://covers.openlibrary.org/b/id/14560299-M.jpg,https://openlibrary.org/works/OL6206697W,Open Library API,agriculture,,Agriculture,Agricultural pests | Plant parasites | Beneficial insects | Insect pests | Zoology,the pests of crops in indonesia agricultural pests | plant parasites | beneficial insects | insect pests | zoology,2
The Art of Making Fermented Sausages,Stanley Marianski,,,2008.0,3.0,Preservation | Sausages | Meat | Fermentation | Cookery (Sausages) | Cooking (Sausages),eng,https://covers.openlibrary.org/b/id/6304863-M.jpg,https://openlibrary.org/works/OL14955922W,Open Library API,fermentation,,Fermentation,Preservation | Sausages | Meat | | Cookery (Sausages) | Cooking (Sausages),the art of making fermented sausages preservation | sausages | meat | | cookery (sausages) | cooking (sausages),0
Coffeeland,Augustine Sedgewick,5.0,1.0,2020.0,7.0,Beverage industry | Coffee trade | Coffee industry | History | Economic aspects | Globalization | HISTORY / Latin America / General | BUSINESS & ECONOMICS / Globalization | BUSINESS & ECONOMICS / Industries / Food Industry | Case studies,eng,https://covers.openlibrary.org/b/id/9416326-M.jpg,https://openlibrary.org/works/OL20730701W,Open Library API,food business,,Food Business,Beverage industry | Coffee trade | Coffee industry | History | Economic aspects | Globalization | HISTORY / Latin America / General | BUSINESS & ECONOMICS / Globalization | BUSINESS & ECONOMICS / Industries / Food Industry | Case studies,coffeeland beverage industry | coffee trade | coffee industry | history | economic aspects | globalization | history / latin america / general | business & economics / globalization | business & economics / industries / food industry | case studies,1
The King Arthur Flour Baker's Companion,King Arthur Flour,,,2003.0,3.0,Baking | Baked products,eng,https://covers.openlibrary.org/b/id/678582-M.jpg,https://openlibrary.org/works/OL8587839W,Open Library API,baking,,Baking and Pastry,Baked products,the king arthur flour baker's companion baked products,3
Nutrition for dummies,Carol Ann Rinzler,,,2007.0,12.0,Nutrition | Dietetics,eng,https://covers.openlibrary.org/b/id/12414997-M.jpg,https://openlibrary.org/works/OL20029421W,Open Library API,nutrition,,Nutrition,Dietetics,nutrition for dummies dietetics,4
Introduction to the US Food System,Roni Neff,,,2014.0,2.0,"Public health, united states | Food supply | Ecology | Food industry and trade | Environment | Food Industry | Nutritional Physiological Phenomena | Public Health | Food | Safety measures | Nutrition | Environmental aspects",eng,https://covers.openlibrary.org/b/id/9013361-M.jpg,https://openlibrary.org/works/OL20347793W,Open Library API,food safety,,Food Safety,"Public health, united states | Food supply | Ecology | Food industry and trade | Environment | Food Industry | Nutritional Physiological Phenomena | Public Health | Food | Safety measures | Nutrition | Environmental aspects","introduction to the us food system public health, united states | food supply | ecology | food industry and trade | environment | food industry | nutritional physiological phenomena | public health | food | safety measures | nutrition | environmental aspects",5
Farm machinery,Claude Culpin,5.0,1.0,1952.0,15.0,Agricultural machinery | Machines agricoles,eng,https://covers.openlibrary.org/b/id/12653731-M.jpg,https://openlibrary.org/works/OL6722465W,Open Library API,agriculture,,Agriculture,Agricultural machinery | Machines agricoles,farm machinery agricultural machinery | machines agricoles,2
Traditionally fermented foods,Shannon Stonger,,,2017.0,2.0,Cooking (Fermented foods) | Fermentation,eng,https://covers.openlibrary.org/b/id/14526880-M.jpg,https://openlibrary.org/works/OL19762337W,Open Library API,fermentation,,Fermentation,Cooking (Fermented foods),traditionally fermented foods cooking (fermented foods),0
How to start & manage a sandwich shop/deli business,Jerre G. Lewis,,,1996.0,6.0,Management | New business enterprises | Small business | Food industry and trade | Delicatessens,eng,https://covers.openlibrary.org/b/id/5186953-M.jpg,https://openlibrary.org/works/OL3012835W,Open Library API,food business,,Food Business,Management | New business enterprises | Small business | Food industry and trade | Delicatessens,how to start & manage a sandwich shop/deli business management | new business enterprises | small business | food industry and trade | delicatessens,1
Baking,Emma Patmore,,,1998.0,6.0,Baking,eng,https://covers.openlibrary.org/b/id/10196071-M.jpg,https://openlibrary.org/works/OL20874537W,Open Library API,baking,,Baking and Pastry,,baking,3
Advanced nutrition,Carolyn D. Berdanier | Janos Zempleni,4.0,2.0,1995.0,22.0,"Diet in disease | Dietary Carbohydrates | Dietary Fats | Dietary Proteins | Energy metabolism | Metabolism | Micronutrients | Minerals in nutrition | Nutrition | Nutrition Physiology | Trace elements | Vitamins | Food Science | Physiology | Medical / Nutrition | Life Sciences - Biochemistry | Medical | Medical / Nursing | Nutritional Physiological Phenomena | Métabolisme énergétique | Métabolisme | Physiologie de la nutrition | Nutrition, research | Low-protein diet | Dietary supplements | Energy Metabolism | American Cooking | Southwestern style | Cooking | Social life and customs",eng,https://covers.openlibrary.org/b/id/1598836-M.jpg,https://openlibrary.org/works/OL2736370W,Open Library API,nutrition,,Nutrition,"Diet in disease | Dietary Carbohydrates | Dietary Fats | Dietary Proteins | Energy metabolism | Metabolism | Micronutrients | Minerals in | | Physiology | Trace elements | Vitamins | Food Science | Physiology | Medical / | Life Sciences - Biochemistry | Medical | Medical / Nursing | al Physiological Phenomena | Métabolisme énergétique | Métabolisme | Physiologie de la | , research | Low-protein diet | Dietary supplements | Energy Metabolism | American Cooking | Southwestern style | Cooking | Social life and customs","advanced nutrition diet in disease | dietary carbohydrates | dietary fats | dietary proteins | energy metabolism | metabolism | micronutrients | minerals in | | physiology | trace elements | vitamins | food science | physiology | medical / | life sciences - biochemistry | medical | medical / nursing | al physiological phenomena | métabolisme énergétique | métabolisme | physiologie de la | , research | low-protein diet | dietary supplements | energy metabolism | american cooking | southwestern style | cooking | social life and customs",4
Haccp,Sara E. Mortimore | Carol A. Wallace,,,2007.0,5.0,Food adulteration and inspection | Food handling | Hazard Analysis and Critical Control Point (Food safety system) | Safety measures | TECHNOLOGY & ENGINEERING / Food Science,eng,https://covers.openlibrary.org/b/id/13842123-M.jpg,https://openlibrary.org/works/OL21553022W,Open Library API,food safety,,Food Safety,Food adulteration and inspection | Food handling | Hazard Analysis and Critical Control Point ( system) | Safety measures | TECHNOLOGY & ENGINEERING / Food Science,haccp food adulteration and inspection | food handling | hazard analysis and critical control point ( system) | safety measures | technology & engineering / food science,5
"Agroforestry, principles and practices","Dwivedi, A. P.",,,1992.0,1.0,Agroforestry | Agriculture,eng,https://covers.openlibrary.org/b/id/13312834-M.jpg,https://openlibrary.org/works/OL3433698W,Open Library API,agriculture,,Agriculture,Agroforestry,"agroforestry, principles and practices agroforestry",2
Economic analysis of fermentation processes,Harold B. Reisman,,,1988.0,7.0,Fermentation,eng,https://covers.openlibrary.org/b/id/4117793-M.jpg,https://openlibrary.org/works/OL4964665W,Open Library API,fermentation,,Fermentation,,economic analysis of fermentation processes,2
Homemade for sale,Lisa Kivirist | John Ivanko,,,2015.0,7.0,Marketing | Home-based businesses | Management | New business enterprises | Food industry and trade,eng,https://covers.openlibrary.org/b/id/12467413-M.jpg,https://openlibrary.org/works/OL20001838W,Open Library API,food business,,Food Business,Marketing | Home-based businesses | Management | New business enterprises | Food industry and trade,homemade for sale marketing | home-based businesses | management | new business enterprises | food industry and trade,1
Bake from scratch,Brian Hart Hoffman,,,2018.0,5.0,Cake | Desserts | Baking | Pastry | Bread | Cooking | American Cooking | Southern style | Baked products | Pies | Cookies,eng,https://covers.openlibrary.org/b/id/12636763-M.jpg,https://openlibrary.org/works/OL19747699W,Open Library API,baking,,Baking and Pastry,Cake | Desserts | | Pastry | Bread | Cooking | American Cooking | Southern style | Baked products | Pies | Cookies,bake from scratch cake | desserts | | pastry | bread | cooking | american cooking | southern style | baked products | pies | cookies,3
Nutrition,Janice Thompson | Janice Thompson | Melinda Manore,,,2008.0,6.0,Nutrition,eng,https://covers.openlibrary.org/b/id/2383983-M.jpg,https://openlibrary.org/works/OL12375910W,Open Library API,nutrition,,Nutrition,,nutrition,4
Aflatoxin and food safety,Hamed K. Abbas,,,2005.0,6.0,Food | Aflatoxins | Safety measures,eng,https://covers.openlibrary.org/b/id/13853331-M.jpg,https://openlibrary.org/works/OL19278883W,Open Library API,food safety,,Food Safety,Food | Aflatoxins | Safety measures,aflatoxin and food safety food | aflatoxins | safety measures,5
A Painted House,John Grisham,4.0666666,15.0,2000.0,59.0,"Boys | Cotton farmers | Migrant labor | Nineteen fifties | Farm life | Fiction | Large type books | Rural families | Arkansas, fiction | Fiction, historical | New York Times reviewed | American fiction | Bildungsromans | Fiction, historical, general | Fiction, thrillers, suspense | Muchachos | Ficción | Vida agrícola | Familias rurales | Granjeros de algodón | Domestic fiction | Cotton growing | Tenant farmers | Mexican American migrant agricultural laborers | Migrant agricultural laborers | Baseball stories | Children's secrets",pol | por | rus | eng | ger | fre | spa | ita,https://covers.openlibrary.org/b/id/9322890-M.jpg,https://openlibrary.org/works/OL76991W,Open Library API,agriculture,,Agriculture,"Boys | Cotton farmers | Migrant labor | Nineteen fifties | Farm life | Fiction | Large type books | Rural families | Arkansas, fiction | Fiction, historical | New York Times reviewed | American fiction | Bildungsromans | Fiction, historical, general | Fiction, thrillers, suspense | Muchachos | Ficción | Vida agrícola | Familias rurales | Granjeros de algodón | Domestic fiction | Cotton growing | Tenant farmers | Mexican American migrant agricultural laborers | Migrant agricultural laborers | Baseball stories | Children's secrets","a painted house boys | cotton farmers | migrant labor | nineteen fifties | farm life | fiction | large type books | rural families | arkansas, fiction | fiction, historical | new york times reviewed | american fiction | bildungsromans | fiction, historical, general | fiction, thrillers, suspense | muchachos | ficción | vida agrícola | familias rurales | granjeros de algodón | domestic fiction | cotton growing | tenant farmers | mexican american migrant agricultural laborers | migrant agricultural laborers | baseball stories | children's secrets",2
Fermented milks,A. Y. Tamime,,,2006.0,2.0,Fermented milk | Yogurt,eng,https://covers.openlibrary.org/b/id/1329259-M.jpg,https://openlibrary.org/works/OL19807942W,Open Library API,fermentation,,Fermentation,Fermented milk | Yogurt,fermented milks fermented milk | yogurt,0
Food Sovereignty in International Context,Amy Trauger,,,2015.0,7.0,Food supply | Food security | SOCIAL SCIENCE / Agriculture & Food | Sécurité alimentaire | BUSINESS & ECONOMICS | Industries | General,eng,,https://openlibrary.org/works/OL21279705W,Open Library API,food business,,Food Business,Food supply | Food security | SOCIAL SCIENCE / Agriculture & Food | Sécurité alimentaire | BUSINESS & ECONOMICS | Industries | General,food sovereignty in international context food supply | food security | social science / agriculture & food | sécurité alimentaire | business & economics | industries | general,1
The Hummingbird Bakery Cookbook,Tarek Malouf,,,2009.0,4.0,Cakes | Cupcakes | Baking | Desserts | Hummingbird Bakery | Baked products | Cooking,eng,https://covers.openlibrary.org/b/id/7070063-M.jpg,https://openlibrary.org/works/OL13654063W,Open Library API,baking,,Baking and Pastry,Cakes | Cupcakes | | Desserts | Hummingbird Bakery | Baked products | Cooking,the hummingbird bakery cookbook cakes | cupcakes | | desserts | hummingbird bakery | baked products | cooking,3
Medicinal secrets of your food,Aman,5.0,1.0,1969.0,2.0,Deficiency diseases | Diet therapy | Food | Nutrition | Nutrition Physiology,eng,,https://openlibrary.org/works/OL6998135W,Open Library API,nutrition,,Nutrition,Deficiency diseases | Diet therapy | Food | | Physiology,medicinal secrets of your food deficiency diseases | diet therapy | food | | physiology,4
International Food Safety Handbook,Kees Van der Heijden,,,2019.0,4.0,"Food adulteration and inspection | Handbooks, manuals | Food industry and trade | Safety measures | TECHNOLOGY | Food Science",eng,,https://openlibrary.org/works/OL28334277W,Open Library API,food safety,,Food Safety,"Food adulteration and inspection | Handbooks, manuals | Food industry and trade | Safety measures | TECHNOLOGY | Food Science","international food safety handbook food adulteration and inspection | handbooks, manuals | food industry and trade | safety measures | technology | food science",5
Handy farm devices and how to make them,Rolfe Cobleigh,,,1910.0,21.0,"Handbooks, manuals | Design and construction | Farm equipment | Farm buildings | Agricultural implements | Agricultural machinery | Do-it-yourself work | Agriculture | Landbouwwerktuigen | Geschiedenis | Agriculture, handbooks, manuals, etc.",eng,https://covers.openlibrary.org/b/id/782418-M.jpg,https://openlibrary.org/works/OL2959120W,Open Library API,agriculture,,Agriculture,"Handbooks, manuals | Design and construction | Farm equipment | Farm buildings | Agricultural implements | Agricultural machinery | Do-it-yourself work | | Landbouwwerktuigen | Geschiedenis | , handbooks, manuals, etc.","handy farm devices and how to make them handbooks, manuals | design and construction | farm equipment | farm buildings | agricultural implements | agricultural machinery | do-it-yourself work | | landbouwwerktuigen | geschiedenis | , handbooks, manuals, etc.",2
Food and gender,Carole Counihan | Steven L. Kaplan,,,1998.0,7.0,Infrastructure | SOCIAL SCIENCE | Food | Food habits | General | Social aspects | Psychological aspects | BUSINESS & ECONOMICS | Nutrition,eng,https://covers.openlibrary.org/b/id/8650164-M.jpg,https://openlibrary.org/works/OL19850720W,Open Library API,food business,,Food Business,Infrastructure | SOCIAL SCIENCE | Food | Food habits | General | Social aspects | Psychological aspects | BUSINESS & ECONOMICS | Nutrition,food and gender infrastructure | social science | food | food habits | general | social aspects | psychological aspects | business & economics | nutrition,1
100 Great Breads,Paul Hollywood,,,2004.0,6.0,Bread | Baking | Cooking (Bread) | Baked products,eng,https://covers.openlibrary.org/b/id/893682-M.jpg,https://openlibrary.org/works/OL8494033W,Open Library API,baking,,Baking and Pastry,Bread | | Cooking (Bread) | Baked products,100 great breads bread | | cooking (bread) | baked products,3
How Not to Die,Michael Greger | Gene Stone,4.5333333,15.0,2015.0,7.0,"Nutrition | Self-care, Health | HEALTH & FITNESS / Nutrition | HEALTH & FITNESS / Healthy Living | HEALTH & FITNESS / Food Content Guides | Food preferences | Chronic diseases | Popular works | Longevity | nyt:advice-how-to-and-miscellaneous=2015-12-27 | New York Times bestseller",eng,https://covers.openlibrary.org/b/id/7398330-M.jpg,https://openlibrary.org/works/OL17319629W,Open Library API,nutrition,,Nutrition,"Self-care, Health | HEALTH & FITNESS / | HEALTH & FITNESS / Healthy Living | HEALTH & FITNESS / Food Content Guides | Food preferences | Chronic diseases | Popular works | Longevity | nyt:advice-how-to-and-miscellaneous=2015-12-27 | New York Times bestseller","how not to die self-care, health | health & fitness / | health & fitness / healthy living | health & fitness / food content guides | food preferences | chronic diseases | popular works | longevity | nyt:advice-how-to-and-miscellaneous=2015-12-27 | new york times bestseller",4
Food Safety Management,Yasmine Motarjemi | Huub Lelieveld,,,2013.0,5.0,"Food handling | Food industry and trade | Food supply | Safety measures | Management | Risk factors | Food adulteration and inspection | Standards | Industry | Food science | Professional, career & trade -> food technology -> food science",eng,https://covers.openlibrary.org/b/id/13816716-M.jpg,https://openlibrary.org/works/OL21063473W,Open Library API,food safety,,Food Safety,"Food handling | Food industry and trade | Food supply | Safety measures | Management | Risk factors | Food adulteration and inspection | Standards | Industry | Food science | Professional, career & trade -> food technology -> food science","food safety management food handling | food industry and trade | food supply | safety measures | management | risk factors | food adulteration and inspection | standards | industry | food science | professional, career & trade -> food technology -> food science",5
Consolidação das leis do trabalho,Brazil,,,1943.0,102.0,Labor laws and legislation | Digests | Agricultural laborers | Labor courts,por | eng | spa,https://covers.openlibrary.org/b/id/12958956-M.jpg,https://openlibrary.org/works/OL15112624W,Open Library API,agriculture,,Agriculture,Labor laws and legislation | Digests | Agricultural laborers | Labor courts,consolidação das leis do trabalho labor laws and legislation | digests | agricultural laborers | labor courts,2
Microbiology and Technology of Fermented Foods,Robert W. Hutkins,,,2007.0,6.0,Fermentation,eng,https://covers.openlibrary.org/b/id/9233292-M.jpg,https://openlibrary.org/works/OL20592282W,Open Library API,fermentation,,Fermentation,,microbiology and technology of fermented foods,0
Economics of agricultural development,George W. Norton,,,2009.0,23.0,"Agriculture | Economic aspects | Agriculture, economic aspects, developing countries | Food supply | Poverty | Sustainable agriculture | Sustainable development | Globalization | Developing countries, economic conditions | Agriculture, economic aspects | BUSINESS & ECONOMICS / General | BUSINESS & ECONOMICS / Development / Economic Development | BUSINESS & ECONOMICS / International / Economics | BUSINESS & ECONOMICS | Industries | Agribusiness | TECHNOLOGY & ENGINEERING | Sustainable Agriculture | General | Development | Economic Development | International | Economics",eng,https://covers.openlibrary.org/b/id/11624203-M.jpg,https://openlibrary.org/works/OL15626797W,Open Library API,food business,,Food Business,"Agriculture | Economic aspects | Agriculture, economic aspects, developing countries | Food supply | Poverty | Sustainable agriculture | Sustainable development | Globalization | Developing countries, economic conditions | Agriculture, economic aspects | BUSINESS & ECONOMICS / General | BUSINESS & ECONOMICS / Development / Economic Development | BUSINESS & ECONOMICS / International / Economics | BUSINESS & ECONOMICS | Industries | Agribusiness | TECHNOLOGY & ENGINEERING | Sustainable Agriculture | General | Development | Economic Development | International | Economics","economics of agricultural development agriculture | economic aspects | agriculture, economic aspects, developing countries | food supply | poverty | sustainable agriculture | sustainable development | globalization | developing countries, economic conditions | agriculture, economic aspects | business & economics / general | business & economics / development / economic development | business & economics / international / economics | business & economics | industries | agribusiness | technology & engineering | sustainable agriculture | general | development | economic development | international | economics",2
The best mouse cookie,Laura Joffe Numeroff,5.0,2.0,1999.0,8.0,"Fiction | Cookies | Mice | Juvenile fiction | Baking | Mice, fiction | Baking, fiction | Children's fiction | Toy and movable books | Picture books",eng,https://covers.openlibrary.org/b/id/444628-M.jpg,https://openlibrary.org/works/OL61447W,Open Library API,baking,,Baking and Pastry,"Fiction | Cookies | Mice | Juvenile fiction | | Mice, fiction | , fiction | Children's fiction | Toy and movable books | Picture books","the best mouse cookie fiction | cookies | mice | juvenile fiction | | mice, fiction | , fiction | children's fiction | toy and movable books | picture books",2
Advances in applied microbiology,Allen I. Laskin | Geoffrey Michael Gadd | Sima Sariaslani,5.0,1.0,2008.0,80.0,Industrial microbiology | Microbiology | Biotechnology | Cell biology | Infectious diseases | Biological sciences & nutrition -> biology -> biotechnology | Allied health & medical -> medical -> infectious diseases | Biological sciences & nutrition -> biology -> molecular & cell biology | Biological sciences & nutrition -> biology -> general,eng,https://covers.openlibrary.org/b/id/8614384-M.jpg,https://openlibrary.org/works/OL19824143W,Open Library API,nutrition,,Nutrition,Industrial microbiology | Microbiology | Biotechnology | Cell biology | Infectious diseases | Biological sciences & -> biology -> biotechnology | Allied health & medical -> medical -> infectious diseases | Biological sciences & -> biology -> molecular & cell biology | Biological sciences & -> biology -> general,advances in applied microbiology industrial microbiology | microbiology | biotechnology | cell biology | infectious diseases | biological sciences & -> biology -> biotechnology | allied health & medical -> medical -> infectious diseases | biological sciences & -> biology -> molecular & cell biology | biological sciences & -> biology -> general,4
Fruits & vegetables,Paula Kurtzweil,,,1998.0,8.0,Safety measures | Food handling | Fruit | Vegetables,eng,,https://openlibrary.org/works/OL10355741W,Open Library API,food safety,,Food Safety,Safety measures | Food handling | Fruit | Vegetables,fruits & vegetables safety measures | food handling | fruit | vegetables,5
Apples,Gail Gibbons | Bonnie Kelley-Young,5.0,2.0,2000.0,12.0,"Deaf | Growth | Apples | Parties | Juvenile literature | Apples, juvenile literature | Agriculture",eng,https://covers.openlibrary.org/b/id/625438-M.jpg,https://openlibrary.org/works/OL51715W,Open Library API,agriculture,,Agriculture,"Deaf | Growth | Apples | Parties | Juvenile literature | Apples, juvenile literature","apples deaf | growth | apples | parties | juvenile literature | apples, juvenile literature",5
Personal reminiscences of the Duke of Wellington,Francis Egerton Earl of Ellesmere,,,1903.0,4.0,Zymase | Fermentation,eng | ger,https://covers.openlibrary.org/b/id/5712918-M.jpg,https://openlibrary.org/works/OL1113119W,Open Library API,fermentation,,Fermentation,Zymase,personal reminiscences of the duke of wellington zymase,1
One hungry cat,Joanne Rocklin,,,1997.0,4.0,"Fiction | Division | Cats | Baking | Juvenile fiction | Children's fiction | Baking, fiction | Cats, fiction",chi | eng,https://covers.openlibrary.org/b/id/385842-M.jpg,https://openlibrary.org/works/OL121002W,Open Library API,baking,,Baking and Pastry,"Fiction | Division | Cats | | Juvenile fiction | Children's fiction | , fiction | Cats, fiction","one hungry cat fiction | division | cats | | juvenile fiction | children's fiction | , fiction | cats, fiction",2
"Nutrition, health, and safety for young children",Joanne Sorte,,,2010.0,14.0,"Health Promotion | Health and hygiene | Children- | Methods | Nutritional Requirements | Textbooks | Child Nutritional Physiology Phenomena | Infant | Nutrtion | Child Care | Child | Child Welfare | Children, health and hygiene | Children, nutrition | Child care | Child welfare | Health promotion | Nutrition | Children | Child nutritional physiology phenomena | Nutritional requirements",eng,https://covers.openlibrary.org/b/id/9021436-M.jpg,https://openlibrary.org/works/OL18667569W,Open Library API,nutrition,,Nutrition,"Health Promotion | Health and hygiene | Children- | Methods | al Requirements | Textbooks | Child al Physiology Phenomena | Infant | Nutrtion | Child Care | Child | Child Welfare | Children, health and hygiene | Children, | Child care | Child welfare | Health promotion | | Children | Child al physiology phenomena | al requirements","nutrition, health, and safety for young children health promotion | health and hygiene | children- | methods | al requirements | textbooks | child al physiology phenomena | infant | nutrtion | child care | child | child welfare | children, health and hygiene | children, | child care | child welfare | health promotion | | children | child al physiology phenomena | al requirements",4
The poison squad,Deborah Blum,5.0,1.0,2018.0,1.0,"United States | Safety measures | Government policy | Food additives | Food | Officials and employees | Safety regulations | Chemists | Food inspectors | United States. Bureau of Chemistry | Biography | History | New York Times reviewed | POLITICAL SCIENCE | Public Affairs & Administration | Public Policy | Agriculture & Food Policy | SOCIAL SCIENCE | Agriculture & Food | BUSINESS & ECONOMICS | Industries | Food Industry | Employees | Additifs alimentaires | Histoire | Approvisionnement en nourriture | Contrôle des aliments | Department of Agriculture (USA) | Lebensmittelüberwachung | Wiley, harvey washington, 1844-1930",eng,https://covers.openlibrary.org/b/id/14509885-M.jpg,https://openlibrary.org/works/OL19753509W,Open Library API,food safety,,Food Safety,"United States | Safety measures | Government policy | Food additives | Food | Officials and employees | Safety regulations | Chemists | Food inspectors | United States. Bureau of Chemistry | Biography | History | New York Times reviewed | POLITICAL SCIENCE | Public Affairs & Administration | Public Policy | Agriculture & Food Policy | SOCIAL SCIENCE | Agriculture & Food | BUSINESS & ECONOMICS | Industries | Food Industry | Employees | Additifs alimentaires | Histoire | Approvisionnement en nourriture | Contrôle des aliments | Department of Agriculture (USA) | Lebensmittelüberwachung | Wiley, harvey washington, 1844-1930","the poison squad united states | safety measures | government policy | food additives | food | officials and employees | safety regulations | chemists | food inspectors | united states. bureau of chemistry | biography | history | new york times reviewed | political science | public affairs & administration | public policy | agriculture & food policy | social science | agriculture & food | business & economics | industries | food industry | employees | additifs alimentaires | histoire | approvisionnement en nourriture | contrôle des aliments | department of agriculture (usa) | lebensmittelüberwachung | wiley, harvey washington, 1844-1930",1
Dinamika kelompok,Sunarru Samsi Hariadi,5.0,1.0,2011.0,1.0,Cooperative Agriculture | Rural development,ind,,https://openlibrary.org/works/OL16264442W,Open Library API,agriculture,,Agriculture,Cooperative | Rural development,dinamika kelompok cooperative | rural development,2
Fermentation biotechnology,Owen P. Ward,,,1988.0,3.0,Industrial microbiology | Fermentation,eng,https://covers.openlibrary.org/b/id/5391839-M.jpg,https://openlibrary.org/works/OL11738898W,Open Library API,fermentation,,Fermentation,Industrial microbiology,fermentation biotechnology industrial microbiology,0
Opportunities in culinary careers,Mary Deirdre Donovan,,,1990.0,4.0,"Vocational guidance | Business | Food service | Nonfiction | Careers | Food service, vocational guidance",eng,https://covers.openlibrary.org/b/id/58591-M.jpg,https://openlibrary.org/works/OL2670356W,Open Library API,food business,,Food Business,"Vocational guidance | Business | Food service | Nonfiction | Careers | Food service, vocational guidance","opportunities in culinary careers vocational guidance | business | food service | nonfiction | careers | food service, vocational guidance",1
Betty Crocker cookie book,Betty Crocker,,,2003.0,2.0,"Cookies | Cakes, baking, icing & sugarcraft | Methods - Baking | Baking - Confectionery | Cooking / Wine | Cooking | Courses & Dishes - Cookies | General | Cooking / Cookies",eng,https://covers.openlibrary.org/b/id/521092-M.jpg,https://openlibrary.org/works/OL15030288W,Open Library API,baking,,Baking and Pastry,"Cookies | Cakes, , icing & sugarcraft | Methods - | - Confectionery | Cooking / Wine | Cooking | Courses & Dishes - Cookies | General | Cooking / Cookies","betty crocker cookie book cookies | cakes, , icing & sugarcraft | methods - | - confectionery | cooking / wine | cooking | courses & dishes - cookies | general | cooking / cookies",3
Prescription for nutritional healing,James F. Balch | Phyllis A. Balch | Stacey J. Bell,5.0,1.0,1990.0,25.0,"Nutrition | Diet therapy | Vitamin therapy | Herbs | Therapeutic use | Popular works | Vitamins | Herbal Medicine | Formulated Food | Nutritional Physiological Phenomena | Dietary supplements | Terapéutica dietética | Uso terapéutico | Obras populares | Nutrición | Vitaminoterapia | Hierbas medicinales y aromáticas | Handbooks, manuals | Handbooks, manuals, etc | Fitness & diet | Popular medicine | Healing | Holism | Health & Fitness | Consumer Health | Health/Fitness | Health & Fitness / Nutrition | Diet - | Vitamins - | Nutrition -",chi | eng,https://covers.openlibrary.org/b/id/4021092-M.jpg,https://openlibrary.org/works/OL551319W,Open Library API,nutrition,,Nutrition,"Diet therapy | Vitamin therapy | Herbs | Therapeutic use | Popular works | Vitamins | Herbal Medicine | Formulated Food | al Physiological Phenomena | Dietary supplements | Terapéutica dietética | Uso terapéutico | Obras populares | Nutrición | Vitaminoterapia | Hierbas medicinales y aromáticas | Handbooks, manuals | Handbooks, manuals, etc | Fitness & diet | Popular medicine | Healing | Holism | Health & Fitness | Consumer Health | Health/Fitness | Health & Fitness / | Diet - | Vitamins - | -","prescription for nutritional healing diet therapy | vitamin therapy | herbs | therapeutic use | popular works | vitamins | herbal medicine | formulated food | al physiological phenomena | dietary supplements | terapéutica dietética | uso terapéutico | obras populares | nutrición | vitaminoterapia | hierbas medicinales y aromáticas | handbooks, manuals | handbooks, manuals, etc | fitness & diet | popular medicine | healing | holism | health & fitness | consumer health | health/fitness | health & fitness / | diet - | vitamins - | -",4
Food safety in shrimp processing,Laxman Kanduri,,,2002.0,4.0,Food | Food adulteration and inspection | Safety measures | Shrimp industry,eng,https://covers.openlibrary.org/b/id/1602460-M.jpg,https://openlibrary.org/works/OL5963380W,Open Library API,food safety,,Food Safety,Food | Food adulteration and inspection | Safety measures | Shrimp industry,food safety in shrimp processing food | food adulteration and inspection | safety measures | shrimp industry,5
Permaculture one,Bill Mollison | David Holmgren,,,1978.0,4.0,Agriculture & related industries | Agricultural science,eng | fre,https://covers.openlibrary.org/b/id/702268-M.jpg,https://openlibrary.org/works/OL8658016W,Open Library API,agriculture,,Agriculture,& related industries | Agricultural science,permaculture one & related industries | agricultural science,2
Handbook of fermented meat and poultry,Fidel Toldrá | Y. H. Hui,,,2008.0,7.0,"Handbooks, manuals | Fermented foods | Fermentation | Preservation | Meat | TECHNOLOGY & ENGINEERING / Food Science",eng,https://covers.openlibrary.org/b/id/8533882-M.jpg,https://openlibrary.org/works/OL19612347W,Open Library API,fermentation,,Fermentation,"Handbooks, manuals | Fermented foods | | Preservation | Meat | TECHNOLOGY & ENGINEERING / Food Science","handbook of fermented meat and poultry handbooks, manuals | fermented foods | | preservation | meat | technology & engineering / food science",0
Managing Risk and Performance,Thomas Stanton | Douglas W. Webster,,,2014.0,5.0,Risk management | Government executives | BUSINESS & ECONOMICS / Government & Business | Food | History | Food habits | Administrative agencies,eng,https://covers.openlibrary.org/b/id/10822688-M.jpg,https://openlibrary.org/works/OL21518311W,Open Library API,food business,,Food Business,Risk management | Government executives | BUSINESS & ECONOMICS / Government & Business | Food | History | Food habits | Administrative agencies,managing risk and performance risk management | government executives | business & economics / government & business | food | history | food habits | administrative agencies,1
Betty Crocker's breads,Betty Crocker,,,1974.0,1.0,Baking | Bread,,https://covers.openlibrary.org/b/id/8256795-M.jpg,https://openlibrary.org/works/OL17928391W,Open Library API,baking,,Baking and Pastry,Bread,betty crocker's breads bread,3
Nutrition,Janice Thompson | Melinda Manore,,,2005.0,22.0,Nutrition | Diet,eng,https://covers.openlibrary.org/b/id/582070-M.jpg,https://openlibrary.org/works/OL21403593W,Open Library API,nutrition,,Nutrition,Diet,nutrition diet,4
Aviation food safety,Erica Sheward,,,2006.0,3.0,Safety measures | Food contamination | Food | Food service | Food handling | Airlines | Prevention,eng,https://covers.openlibrary.org/b/id/9489261-M.jpg,https://openlibrary.org/works/OL16948299W,Open Library API,food safety,,Food Safety,Safety measures | Food contamination | Food | Food service | Food handling | Airlines | Prevention,aviation food safety safety measures | food contamination | food | food service | food handling | airlines | prevention,5
The encyclopedia of country living,Carla Emery,4.5,2.0,1975.0,8.0,"Home economics | homesteading | recipes | Handbooks, manuals | how-to books | Agriculture | Gardening | American Cookery | Cookery | Country life | Agriculture, handbooks, manuals, etc. | Cooking",eng,https://covers.openlibrary.org/b/id/703603-M.jpg,https://openlibrary.org/works/OL2026168W,Open Library API,agriculture,,Agriculture,"Home economics | homesteading | recipes | Handbooks, manuals | how-to books | | Gardening | American Cookery | Cookery | Country life | , handbooks, manuals, etc. | Cooking","the encyclopedia of country living home economics | homesteading | recipes | handbooks, manuals | how-to books | | gardening | american cookery | cookery | country life | , handbooks, manuals, etc. | cooking",3
"Kombucha, Kefir, and Beyond",Alex Lewin | Raquel Guajardo,,,2017.0,2.0,Fermentation | Beverages,eng,https://covers.openlibrary.org/b/id/8850811-M.jpg,https://openlibrary.org/works/OL20200768W,Open Library API,fermentation,,Fermentation,Beverages,"kombucha, kefir, and beyond beverages",0
Environment & Food,Colin Sage,,,2009.0,8.0,"Food habits | Environmental aspects | Food supply | Food preferences | Food | Human beings, effect of environment on | BUSINESS & ECONOMICS | Infrastructure | SOCIAL SCIENCE | General",eng,,https://openlibrary.org/works/OL9351775W,Open Library API,food business,,Food Business,"Food habits | Environmental aspects | Food supply | Food preferences | Food | Human beings, effect of environment on | BUSINESS & ECONOMICS | Infrastructure | SOCIAL SCIENCE | General","environment & food food habits | environmental aspects | food supply | food preferences | food | human beings, effect of environment on | business & economics | infrastructure | social science | general",1
Everybody Bakes Bread,Norah Dooley,,,1996.0,3.0,"Baking | Bread | Fiction | Baking, fiction | Children's fiction",eng,https://covers.openlibrary.org/b/id/1628597-M.jpg,https://openlibrary.org/works/OL3746180W,Open Library API,baking,,Baking and Pastry,"Bread | Fiction | , fiction | Children's fiction","everybody bakes bread bread | fiction | , fiction | children's fiction",3
The care and feeding of children,"Holt, L. Emmett | L. Emmett Holt | Luther Emmett Holt | Luther Emmett Holt",0.0,0.0,1894.0,72.0,Care and hygiene | Child Nutrition Physiology | Child care | Child care. | Children | Health and hygiene | Infant Nutrition Physiology | Infants | Nutrition | Child Nutrition | Niños | Nutrición | Salud e higiene | Feeding Behavior | Child Nutrition Disorders | Child Nutritional Physiological Phenomena | Popular works | Care | Child | Infant Nutritional Physiological Phenomena | Child Nutrition Sciences | Infant Care | Infant | Diet | Infant Food,eng | spa,https://covers.openlibrary.org/b/id/10679907-M.jpg,https://openlibrary.org/works/OL15230140W,Open Library API,nutrition,,Nutrition,Care and hygiene | Child Physiology | Child care | Child care. | Children | Health and hygiene | Infant Physiology | Infants | | Child | Niños | Nutrición | Salud e higiene | Feeding Behavior | Child Disorders | Child al Physiological Phenomena | Popular works | Care | Child | Infant al Physiological Phenomena | Child Sciences | Infant Care | Infant | Diet | Infant Food,the care and feeding of children care and hygiene | child physiology | child care | child care. | children | health and hygiene | infant physiology | infants | | child | niños | nutrición | salud e higiene | feeding behavior | child disorders | child al physiological phenomena | popular works | care | child | infant al physiological phenomena | child sciences | infant care | infant | diet | infant food,4
"100,000,000 guinea pigs",Arthur Kallet,,,1932.0,9.0,Food adulteration and inspection | Drug adulteration | Patent medicines | Cosmetics | Cosmetics industry | Drugs | Analysis | Foodborne Diseases | Food Inspection | Drug Contamination | Poisoning | Testing | Food Contamination | Food Analysis | Pharmaceutical Preparations | Nonprescription Drugs | Nostrums | Adverse effects | Food Additives | Consumer Product Safety | Clock and watch making | Goldwork,fre | eng,https://covers.openlibrary.org/b/id/9693522-M.jpg,https://openlibrary.org/works/OL171759W,Open Library API,food safety,,Food Safety,Food adulteration and inspection | Drug adulteration | Patent medicines | Cosmetics | Cosmetics industry | Drugs | Analysis | Foodborne Diseases | Food Inspection | Drug Contamination | Poisoning | Testing | Food Contamination | Food Analysis | Pharmaceutical Preparations | Nonprescription Drugs | Nostrums | Adverse effects | Food Additives | Consumer Product Safety | Clock and watch making | Goldwork,"100,000,000 guinea pigs food adulteration and inspection | drug adulteration | patent medicines | cosmetics | cosmetics industry | drugs | analysis | foodborne diseases | food inspection | drug contamination | poisoning | testing | food contamination | food analysis | pharmaceutical preparations | nonprescription drugs | nostrums | adverse effects | food additives | consumer product safety | clock and watch making | goldwork",5
A concept of agribusiness,John Herbert Davis,1.0,1.0,1957.0,1.0,Economic aspects | Agriculture | Economic aspects of Agriculture,eng,https://covers.openlibrary.org/b/id/9760695-M.jpg,https://openlibrary.org/works/OL7437935W,Open Library API,agriculture,,Agriculture,Economic aspects | | Economic aspects of,a concept of agribusiness economic aspects | | economic aspects of,2
Fermented,Jill Ciciarelli | Bill Staley | Diane Sanfilippo,,,2013.0,2.0,Fermentation | Food | Dietary supplements | Fermented foods | Canning and preserving | Tp371.44 .c53 2013,eng,https://covers.openlibrary.org/b/id/11368483-M.jpg,https://openlibrary.org/works/OL21245424W,Open Library API,fermentation,,Fermentation,Food | Dietary supplements | Fermented foods | Canning and preserving | Tp371.44 .c53 2013,fermented food | dietary supplements | fermented foods | canning and preserving | tp371.44 .c53 2013,0
"Good food, great business",Susie Wyshak,,,2014.0,2.0,Cottage industries | Food industry and trade | Small business | Food service management,eng,https://covers.openlibrary.org/b/id/12936946-M.jpg,https://openlibrary.org/works/OL19998794W,Open Library API,food business,,Food Business,Cottage industries | Food industry and trade | Small business | Food service management,"good food, great business cottage industries | food industry and trade | small business | food service management",1
Flour Water Salt Yeast,Ken Forkish,4.8,5.0,2012.0,2.0,Bread | COOKING / Courses & Dishes / Bread | COOKING / Methods / Baking | COOKING / Courses & Dishes / Pizza | Pizza | Cooking | nyt:advice-how-to-and-miscellaneous=2020-04-26 | New York Times bestseller | Baking | U.s. cooking,eng,https://covers.openlibrary.org/b/id/8163031-M.jpg,https://openlibrary.org/works/OL16626586W,Open Library API,baking,,Baking and Pastry,Bread | COOKING / Courses & Dishes / Bread | COOKING / Methods / | COOKING / Courses & Dishes / Pizza | Pizza | Cooking | nyt:advice-how-to-and-miscellaneous=2020-04-26 | New York Times bestseller | | U.s. cooking,flour water salt yeast bread | cooking / courses & dishes / bread | cooking / methods / | cooking / courses & dishes / pizza | pizza | cooking | nyt:advice-how-to-and-miscellaneous=2020-04-26 | new york times bestseller | | u.s. cooking,3
Bigger Leaner Stronger,Michael Matthews,4.5,2.0,2012.0,4.0,Bodybuilding | Nutrition | Requirements | Physical fitness | Weight training | Exercise,eng,https://covers.openlibrary.org/b/id/10656236-M.jpg,https://openlibrary.org/works/OL24209011W,Open Library API,nutrition,,Nutrition,Bodybuilding | | Requirements | Physical fitness | Weight training | Exercise,bigger leaner stronger bodybuilding | | requirements | physical fitness | weight training | exercise,4
Pocket Dictionary Of Food Safety,Jeffrey T. Solate,,,2010.0,5.0,Food | Dictionaries | Safety measures,eng,https://covers.openlibrary.org/b/id/7573400-M.jpg,https://openlibrary.org/works/OL17435539W,Open Library API,food safety,,Food Safety,Food | Dictionaries | Safety measures,pocket dictionary of food safety food | dictionaries | safety measures,5
"Booker T. Whatley's handbook on how to make $100,000 farming 25 acres",Booker T. Whatley,5.0,1.0,1987.0,2.0,"Small Farms | Management | Agriculture | Handbooks, manuals",eng,https://covers.openlibrary.org/b/id/15117330-M.jpg,https://openlibrary.org/works/OL4973658W,Open Library API,agriculture,,Agriculture,"Small Farms | Management | | Handbooks, manuals","booker t. whatley's handbook on how to make $100,000 farming 25 acres small farms | management | | handbooks, manuals",1
Topics in Enzyme and Fermentation Biotechnology,Alan Wiseman,,,1977.0,10.0,Enzymes | Biochemical engineering | Fermentation | Biochemistry | Biotechnology,eng,https://covers.openlibrary.org/b/id/5050464-M.jpg,https://openlibrary.org/works/OL145577W,Open Library API,fermentation,,Fermentation,Enzymes | Biochemical engineering | | Biochemistry | Biotechnology,topics in enzyme and fermentation biotechnology enzymes | biochemical engineering | | biochemistry | biotechnology,0
"Principles of Food, Beverage, and Labor Cost Controls",Paul R. Dittmer,,,2002.0,3.0,Business | Cost control | Food service | Nonfiction,eng,https://covers.openlibrary.org/b/id/304313-M.jpg,https://openlibrary.org/works/OL8226725W,Open Library API,food business,,Food Business,Business | Cost control | Food service | Nonfiction,"principles of food, beverage, and labor cost controls business | cost control | food service | nonfiction",1
Bake!,Nick Malgieri,,,2010.0,2.0,Baking | Pastry,eng,https://covers.openlibrary.org/b/id/13059378-M.jpg,https://openlibrary.org/works/OL19942044W,Open Library API,baking,,Baking and Pastry,Pastry,bake! pastry,3
6 weeks to a Hollywood body,Steve Zim,4.6,5.0,2006.0,2.0,Nutrition | Health and hygiene | Celebrities | Physical fitness | Bodybuilding | Exercise,eng,https://covers.openlibrary.org/b/id/306500-M.jpg,https://openlibrary.org/works/OL5827745W,Open Library API,nutrition,,Nutrition,Health and hygiene | Celebrities | Physical fitness | Bodybuilding | Exercise,6 weeks to a hollywood body health and hygiene | celebrities | physical fitness | bodybuilding | exercise,4
Advances in food diagnostics,Leo M. L. Nollet | Fidel Toldrá | Y. H. Hui,,,2007.0,7.0,Food | Safety measures | Quality | Analysis | Food adulteration and inspection,eng,https://covers.openlibrary.org/b/id/8524931-M.jpg,https://openlibrary.org/works/OL19558997W,Open Library API,food safety,,Food Safety,Food | Safety measures | Quality | Analysis | Food adulteration and inspection,advances in food diagnostics food | safety measures | quality | analysis | food adulteration and inspection,5
Commercial Hydroponics,John Mason - undifferentiated,5.0,1.0,1990.0,4.0,Hydroponics | Agriculture,eng,https://covers.openlibrary.org/b/id/654647-M.jpg,https://openlibrary.org/works/OL2849361W,Open Library API,agriculture,,Agriculture,Hydroponics,commercial hydroponics hydroponics,1
Fermentation and Enzyme Technology (Techniques in Pure and Applied Microbiology),Charles L. Cooney | Arnold L. Demain | Peter Dunnill,,,1979.0,1.0,Enzymes | Microbiology | Chemical engineering | Fermentation | Industrial applications | Chemical Engineering,eng,https://covers.openlibrary.org/b/id/4432365-M.jpg,https://openlibrary.org/works/OL19335068W,Open Library API,fermentation,,Fermentation,Enzymes | Microbiology | Chemical engineering | | Industrial applications | Chemical Engineering,fermentation and enzyme technology (techniques in pure and applied microbiology) enzymes | microbiology | chemical engineering | | industrial applications | chemical engineering,0
Food Security Policy Evaluation and Impact Assessment,Sheryl. L. Hendriks,,,2019.0,6.0,"Food supply, government policy | Food security | Food supply | Government policy | BUSINESS & ECONOMICS | Development | Sustainable Development",eng,https://covers.openlibrary.org/b/id/13724656-M.jpg,https://openlibrary.org/works/OL21650701W,Open Library API,food business,,Food Business,"Food supply, government policy | Food security | Food supply | Government policy | BUSINESS & ECONOMICS | Development | Sustainable Development","food security policy evaluation and impact assessment food supply, government policy | food security | food supply | government policy | business & economics | development | sustainable development",1
Baking and Pastry,Culinary Institute of America.,,,2004.0,1.0,Desserts | Baking | Pastry,eng,https://covers.openlibrary.org/b/id/304831-M.jpg,https://openlibrary.org/works/OL8226629W,Open Library API,baking,,Baking and Pastry,Desserts | | Pastry,baking and pastry desserts | | pastry,3
Mental and Elemental Nutrients,Carl C. Pfeiffer,,,1976.0,1.0,Nutrition | Nutritional aspects | Diet | Mental illness,eng,https://covers.openlibrary.org/b/id/4734343-M.jpg,https://openlibrary.org/works/OL8565107W,Open Library API,nutrition,,Nutrition,al aspects | Diet | Mental illness,mental and elemental nutrients al aspects | diet | mental illness,4
Food Safety and Technology Governance,Ching-Fu Lin | Kuei-Jung Ni,,,2022.0,5.0,Home economics | Food | Safety measures | Food industry and trade | Safety regulations,eng,,https://openlibrary.org/works/OL28024957W,Open Library API,food safety,,Food Safety,Home economics | Food | Safety measures | Food industry and trade | Safety regulations,food safety and technology governance home economics | food | safety measures | food industry and trade | safety regulations,5
Mini farming,Brett L. Markham,,,2010.0,9.0,"Small Farms | Agriculture | Self-reliant living | Handbooks, manuals | Agriculture, handbooks, manuals, etc. | Family farms",eng,https://covers.openlibrary.org/b/id/9259707-M.jpg,https://openlibrary.org/works/OL15568312W,Open Library API,agriculture,,Agriculture,"Small Farms | | Self-reliant living | Handbooks, manuals | , handbooks, manuals, etc. | Family farms","mini farming small farms | | self-reliant living | handbooks, manuals | , handbooks, manuals, etc. | family farms",5
Fermented,Charlotte Pike,,,2015.0,1.0,Fermentation,eng,,https://openlibrary.org/works/OL27795955W,Open Library API,fermentation,,Fermentation,,fermented,0
In-N-Out Burger,Stacy Perman,,,2009.0,6.0,Biography & Autobiography | Business | Fast food restaurants | History | In-N-Out Burger (Firm) | Nonfiction,eng,https://covers.openlibrary.org/b/id/11652807-M.jpg,https://openlibrary.org/works/OL7951428W,Open Library API,food business,,Food Business,Biography & Autobiography | Business | Fast food restaurants | History | In-N-Out Burger (Firm) | Nonfiction,in-n-out burger biography & autobiography | business | fast food restaurants | history | in-n-out burger (firm) | nonfiction,1
How to bake,Nick Malgieri,,,1995.0,4.0,Baking,eng,https://covers.openlibrary.org/b/id/22192-M.jpg,https://openlibrary.org/works/OL2756130W,Open Library API,baking,,Baking and Pastry,,how to bake,3
Wardlaw's perspectives in nutrition,Carol Byrd-Bredbenner,,,2008.0,9.0,Nutrition | Nutritional Physiological Phenomena,eng,https://covers.openlibrary.org/b/id/8733423-M.jpg,https://openlibrary.org/works/OL16567384W,Open Library API,nutrition,,Nutrition,al Physiological Phenomena,wardlaw's perspectives in nutrition al physiological phenomena,4
Essentials of Food Safety and Sanitation,David McSwane | Nancy R. Rue | Richard Linton | Anna Graf Willliams | FMI Staff,,,2004.0,1.0,Food service | Food handling | Sanitation | Safety measures,eng,https://covers.openlibrary.org/b/id/12192763-M.jpg,https://openlibrary.org/works/OL21394005W,Open Library API,food safety,,Food Safety,Food service | Food handling | Sanitation | Safety measures,essentials of food safety and sanitation food service | food handling | sanitation | safety measures,5
"Agricultural machines, theory and construction",Henryk Bernacki,5.0,1.0,1972.0,1.0,Agricultural machinery,eng,,https://openlibrary.org/works/OL10782709W,Open Library API,agriculture,,Agriculture,Agricultural machinery,"agricultural machines, theory and construction agricultural machinery",2
Microbial technology,Henry J. Peppler,,,1967.0,2.0,Industrial microbiology | Fermentation | Microorganisms,eng,https://covers.openlibrary.org/b/id/14374327-M.jpg,https://openlibrary.org/works/OL22586061W,Open Library API,fermentation,,Fermentation,Industrial microbiology | | Microorganisms,microbial technology industrial microbiology | | microorganisms,0
The book of yields,Francis Talyn Lynch,,,2004.0,5.0,"Food | Tables | Weights and measures | Analysis | Food, analysis | Food, tables | Business &amp; economics | Industries",eng,https://covers.openlibrary.org/b/id/12695468-M.jpg,https://openlibrary.org/works/OL2150662W,Open Library API,food business,,Food Business,"Food | Tables | Weights and measures | Analysis | Food, analysis | Food, tables | Business &amp; economics | Industries","the book of yields food | tables | weights and measures | analysis | food, analysis | food, tables | business &amp; economics | industries",1
Betty Crocker Baking for Today,Betty Crocker,,,2005.0,2.0,Baking,eng,https://covers.openlibrary.org/b/id/522714-M.jpg,https://openlibrary.org/works/OL268730W,Open Library API,baking,,Baking and Pastry,,betty crocker baking for today,3
"ASPEN Parenteral Nutrition Handbook, Third Edition",Phil Ayers | Elizabeth Bobo | Ryan Hurt | Andrew Mays | Patricia Worthington,,,2020.0,3.0,Medicine | Nutrition,eng,,https://openlibrary.org/works/OL20767901W,Open Library API,nutrition,,Nutrition,Medicine,"aspen parenteral nutrition handbook, third edition medicine",4
Improving Import Food Safety,Darryl Sullivan,,,2012.0,5.0,Safety measures | TECHNOLOGY & ENGINEERING / Food Science | Food | Safety regulations | Food industry and trade | Standards,eng,https://covers.openlibrary.org/b/id/7640421-M.jpg,https://openlibrary.org/works/OL17469111W,Open Library API,food safety,,Food Safety,Safety measures | TECHNOLOGY & ENGINEERING / Food Science | Food | Safety regulations | Food industry and trade | Standards,improving import food safety safety measures | technology & engineering / food science | food | safety regulations | food industry and trade | standards,5
Under the feet of Jesus,Helena María Viramontes,3.3333333,3.0,1995.0,6.0,"Fiction | Mexican American families | Mexican American women | Migrant agricultural laborers | Mexican Americans | Migrant agricultural laborers -- United States -- Fiction | Mexican American families -- Fiction | Mexican American women -- Fiction | Mexican Americans -- Fiction | Jesus christ | Jesus christ, biography",eng,https://covers.openlibrary.org/b/id/3888921-M.jpg,https://openlibrary.org/works/OL3086852W,Open Library API,agriculture,,Agriculture,"Fiction | Mexican American families | Mexican American women | Migrant agricultural laborers | Mexican Americans | Migrant agricultural laborers -- United States -- Fiction | Mexican American families -- Fiction | Mexican American women -- Fiction | Mexican Americans -- Fiction | Jesus christ | Jesus christ, biography","under the feet of jesus fiction | mexican american families | mexican american women | migrant agricultural laborers | mexican americans | migrant agricultural laborers -- united states -- fiction | mexican american families -- fiction | mexican american women -- fiction | mexican americans -- fiction | jesus christ | jesus christ, biography",2
Microbiology and Technology of Fermented Foods,Robert Hutkins,,,2006.0,1.0,Textbooks | Fermented foods | Microbiology | Fermentation,eng,https://covers.openlibrary.org/b/id/1541657-M.jpg,https://openlibrary.org/works/OL8499116W,Open Library API,fermentation,,Fermentation,Textbooks | Fermented foods | Microbiology,microbiology and technology of fermented foods textbooks | fermented foods | microbiology,0
Human Resource Management in the Hotel and Catering Industry,M. J. Boella,,,1987.0,7.0,Hospitality industry | Personnel management | Hotels | Food service | Services alimentaires | Personnel | Direction | BUSINESS & ECONOMICS | Small Business,eng,https://covers.openlibrary.org/b/id/10202119-M.jpg,https://openlibrary.org/works/OL8461675W,Open Library API,food business,,Food Business,Hospitality industry | Personnel management | Hotels | Food service | Services alimentaires | Personnel | Direction | BUSINESS & ECONOMICS | Small Business,human resource management in the hotel and catering industry hospitality industry | personnel management | hotels | food service | services alimentaires | personnel | direction | business & economics | small business,1
The Baking Cookbook,Parragon,,,2011.0,1.0,Baking | Cookbooks,eng,https://covers.openlibrary.org/b/id/12493328-M.jpg,https://openlibrary.org/works/OL26455502W,Open Library API,baking,,Baking and Pastry,Cookbooks,the baking cookbook cookbooks,3
Let's have healthy children,Adelle Davis,,,1951.0,13.0,"Nutrition | Nutritional aspects | Pregnancy | Nutritional aspects of Pregnancy | Infants | Infants, nutrition | Pregnancy, nutritional aspects | Child Nutritional Physiological Phenomena | Infant Nutritional Physiological Phenomena",eng,https://covers.openlibrary.org/b/id/4523930-M.jpg,https://openlibrary.org/works/OL99159W,Open Library API,nutrition,,Nutrition,"al aspects | Pregnancy | al aspects of Pregnancy | Infants | Infants, | Pregnancy, al aspects | Child al Physiological Phenomena | Infant al Physiological Phenomena","let's have healthy children al aspects | pregnancy | al aspects of pregnancy | infants | infants, | pregnancy, al aspects | child al physiological phenomena | infant al physiological phenomena",4
Food preservation techniques,P. Zeuthen,,,2003.0,2.0,"Food | Safety measures | Preservation | Food, preservation",eng,https://covers.openlibrary.org/b/id/2053745-M.jpg,https://openlibrary.org/works/OL16920894W,Open Library API,food safety,,Food Safety,"Food | Safety measures | Preservation | Food, preservation","food preservation techniques food | safety measures | preservation | food, preservation",5
Agricultural Relief,United States. Congress. House. Committee on Agriculture,,,1971.0,43.0,"Agricultural cooperative credit associations | Agricultural price supports | Agricultural prices | Agriculture | Agriculture, Cooperative | American Surplus agricultural commodities | Cooperative Agriculture | Economic aspects | Economic aspects of Agriculture | Farm produce | Law and legislation | Marketing | Surplus agricultural commodities, American",eng,,https://openlibrary.org/works/OL10875763W,Open Library API,agriculture,,Agriculture,"Agricultural cooperative credit associations | Agricultural price supports | Agricultural prices | | , Cooperative | American Surplus agricultural commodities | Cooperative | Economic aspects | Economic aspects of | Farm produce | Law and legislation | Marketing | Surplus agricultural commodities, American","agricultural relief agricultural cooperative credit associations | agricultural price supports | agricultural prices | | , cooperative | american surplus agricultural commodities | cooperative | economic aspects | economic aspects of | farm produce | law and legislation | marketing | surplus agricultural commodities, american",2
Études sur la bière,Louis Pasteur,5.0,1.0,1876.0,1.0,Beer | Fermentation,fre,https://covers.openlibrary.org/b/id/6343656-M.jpg,https://openlibrary.org/works/OL17775940W,Open Library API,fermentation,,Fermentation,Beer,études sur la bière beer,4
Sweetness and power,Sidney Wilfred Mintz | Tom Perkins,4.0,2.0,1985.0,3.0,History | Social aspects | Social aspects of Sugar | Social aspects of Sugar trade | Sugar | Sugar trade | Sucre | Industrie | Histoire | Aspect social | Commerce | ASPECTOS SOCIALES | AZUCAR | Feeding Behavior | Antropologische aspecten | HISTORIA | Voedingsgewoonten | Sociale aspecten | Suiker | Carbohydrates | INDUSTRIA AZUCARERA | BUSINESS & ECONOMICS | Industries | General | Caribbean & West Indies | Geschichte | Kultur | Zucker | Suikerhandel | Food,eng,https://covers.openlibrary.org/b/id/94242-M.jpg,https://openlibrary.org/works/OL1413516W,Open Library API,food business,,Food Business,History | Social aspects | Social aspects of Sugar | Social aspects of Sugar trade | Sugar | Sugar trade | Sucre | Industrie | Histoire | Aspect social | Commerce | ASPECTOS SOCIALES | AZUCAR | Feeding Behavior | Antropologische aspecten | HISTORIA | Voedingsgewoonten | Sociale aspecten | Suiker | Carbohydrates | INDUSTRIA AZUCARERA | BUSINESS & ECONOMICS | Industries | General | Caribbean & West Indies | Geschichte | Kultur | Zucker | Suikerhandel | Food,sweetness and power history | social aspects | social aspects of sugar | social aspects of sugar trade | sugar | sugar trade | sucre | industrie | histoire | aspect social | commerce | aspectos sociales | azucar | feeding behavior | antropologische aspecten | historia | voedingsgewoonten | sociale aspecten | suiker | carbohydrates | industria azucarera | business & economics | industries | general | caribbean & west indies | geschichte | kultur | zucker | suikerhandel | food,2
Homemade cookies cook book,Nancy Morton,,,1975.0,2.0,Cookies | Baking,eng,https://covers.openlibrary.org/b/id/6512376-M.jpg,https://openlibrary.org/works/OL15142218W,Open Library API,baking,,Baking and Pastry,Cookies,homemade cookies cook book cookies,3
How to live 365 days a year,John A. Schindler,4.142857,14.0,1954.0,20.0,"Health | Longevity | Mental health | Popular Medicine | Psychosomatic Medicine | Rejuvenation | Nutrition | Self-help techniques | Psychology, applied | Interpersonal relations | Conduct of life",spa | vie | eng | ger,https://covers.openlibrary.org/b/id/513413-M.jpg,https://openlibrary.org/works/OL7497934W,Open Library API,nutrition,,Nutrition,"Health | Longevity | Mental health | Popular Medicine | Psychosomatic Medicine | Rejuvenation | | Self-help techniques | Psychology, applied | Interpersonal relations | Conduct of life","how to live 365 days a year health | longevity | mental health | popular medicine | psychosomatic medicine | rejuvenation | | self-help techniques | psychology, applied | interpersonal relations | conduct of life",4
What's the beef,Christopher K. Ansell | David Vogel,,,2006.0,2.0,Food service | Safety measures | Food handling,eng,https://covers.openlibrary.org/b/id/1153554-M.jpg,https://openlibrary.org/works/OL19167503W,Open Library API,food safety,,Food Safety,Food service | Safety measures | Food handling,what's the beef food service | safety measures | food handling,5
The agricultural revolution,Eric Kerridge,5.0,1.0,1967.0,10.0,"Agriculture | History | Agriculture, great britain, history",eng,https://covers.openlibrary.org/b/id/13004852-M.jpg,https://openlibrary.org/works/OL4115220W,Open Library API,agriculture,,Agriculture,"History | , great britain, history","the agricultural revolution history | , great britain, history",2
The theory and practice of brewing illustrated ...,William Littell Tizard,,,1846.0,6.0,Beer | Fermentation,eng,https://covers.openlibrary.org/b/id/7954325-M.jpg,https://openlibrary.org/works/OL17680907W,Open Library API,fermentation,,Fermentation,Beer,the theory and practice of brewing illustrated ... beer,5
Label halal,Muhammad,,,2009.0,1.0,Food | Muslims | Dietary laws | Business | Islam,ind,,https://openlibrary.org/works/OL16191972W,Open Library API,food business,,Food Business,Food | Muslims | Dietary laws | Business | Islam,label halal food | muslims | dietary laws | business | islam,1
Practical baking,William J. Sultan,,,1965.0,7.0,Baking,und | eng,https://covers.openlibrary.org/b/id/11697740-M.jpg,https://openlibrary.org/works/OL4646286W,Open Library API,baking,,Baking and Pastry,,practical baking,3
Visualizing nutrition,Mary B. Grosvenor,,,2010.0,19.0,Textbooks | Nutrition,eng,https://covers.openlibrary.org/b/id/10124853-M.jpg,https://openlibrary.org/works/OL15440775W,Open Library API,nutrition,,Nutrition,Textbooks,visualizing nutrition textbooks,4
Food Regulation,Neal D. Fortin,,,2008.0,12.0,Food law and legislation | Food industry and trade | Food adulteration and inspection | Safety regulations | TECHNOLOGY & ENGINEERING | Food Science | SOCIAL SCIENCE | Agriculture & Food | LAW | Agricultural,eng,https://covers.openlibrary.org/b/id/12437178-M.jpg,https://openlibrary.org/works/OL21107226W,Open Library API,food safety,,Food Safety,Food law and legislation | Food industry and trade | Food adulteration and inspection | Safety regulations | TECHNOLOGY & ENGINEERING | Food Science | SOCIAL SCIENCE | Agriculture & Food | LAW | Agricultural,food regulation food law and legislation | food industry and trade | food adulteration and inspection | safety regulations | technology & engineering | food science | social science | agriculture & food | law | agricultural,5
Agribusiness management,Jay T. Akridge,,,2012.0,5.0,"Agricultural industries | Management | Agriculture | Economic aspects | Industrial management | Agriculture, economic aspects",eng,https://covers.openlibrary.org/b/id/12591382-M.jpg,https://openlibrary.org/works/OL16152916W,Open Library API,agriculture,,Agriculture,"Agricultural industries | Management | | Economic aspects | Industrial management | , economic aspects","agribusiness management agricultural industries | management | | economic aspects | industrial management | , economic aspects",2
Bacterial fermentations,Horace Albert Barker,,,1956.0,3.0,Bacteria | Fermentation,eng,https://covers.openlibrary.org/b/id/7028013-M.jpg,https://openlibrary.org/works/OL7518385W,Open Library API,fermentation,,Fermentation,Bacteria,bacterial fermentations bacteria,5
Weekend baking,Sarah Randell,,,2010.0,2.0,Desserts | Baking,eng,https://covers.openlibrary.org/b/id/9462978-M.jpg,https://openlibrary.org/works/OL15975401W,Open Library API,baking,,Baking and Pastry,Desserts,weekend baking desserts,3
Nutrition and diet therapy,"Williams, Sue Rodwell. | Sue Rodwell Williams",1.0,1.0,1969.0,10.0,Diet therapy | Dietetics | Nutrition | Nutrition. 2 | Popular works | Diétothérapie | Nutritional Physiological Phenomena | Physiologie de la nutrition | Régimes | Diet in disease,eng,https://covers.openlibrary.org/b/id/3931358-M.jpg,https://openlibrary.org/works/OL2231038W,Open Library API,nutrition,,Nutrition,Diet therapy | Dietetics | | . 2 | Popular works | Diétothérapie | al Physiological Phenomena | Physiologie de la | Régimes | Diet in disease,nutrition and diet therapy diet therapy | dietetics | | . 2 | popular works | diétothérapie | al physiological phenomena | physiologie de la | régimes | diet in disease,4
Food Policy,Arlene Spark,,,2012.0,4.0,Nutrition policy | Food consumption | Food supply | Government policy | Food security | Food | Safety measures | Food industry and trade,eng,https://covers.openlibrary.org/b/id/14384383-M.jpg,https://openlibrary.org/works/OL21241276W,Open Library API,food safety,,Food Safety,Nutrition policy | Food consumption | Food supply | Government policy | Food security | Food | Safety measures | Food industry and trade,food policy nutrition policy | food consumption | food supply | government policy | food security | food | safety measures | food industry and trade,5
Ilmu usaha-tani,R. Anwas Adiwilaga,,,1972.0,1.0,Agriculture,ind,,https://openlibrary.org/works/OL6657227W,Open Library API,agriculture,,Agriculture,,ilmu usaha-tani,4
The soluble ferments and fermentation,J. Reynolds Green,,,1899.0,3.0,Enzymes | Fermentation,eng,https://covers.openlibrary.org/b/id/7919149-M.jpg,https://openlibrary.org/works/OL1470273W,Open Library API,fermentation,,Fermentation,Enzymes,the soluble ferments and fermentation enzymes,0
Dining room and banquet management,Anthony J. Strianese | Pamela P. Strianese,,,1990.0,6.0,"Food service management | Administracion | Servicio de alimentos | Careers guidance | Hotel And Restaurant Management | Business & Economics | Careers / Job Opportunities | Business/Economics | Careers - General | Industries - Hospitality, Travel & Tourism | Banquet; Banquet Management; Dining Room Management; Strianese; Dining Room; Plate Settings; Business Management | Business & Economics / Careers",eng,https://covers.openlibrary.org/b/id/1574312-M.jpg,https://openlibrary.org/works/OL3276990W,Open Library API,food business,,Food Business,"Food service management | Administracion | Servicio de alimentos | Careers guidance | Hotel And Restaurant Management | Business & Economics | Careers / Job Opportunities | Business/Economics | Careers - General | Industries - Hospitality, Travel & Tourism | Banquet; Banquet Management; Dining Room Management; Strianese; Dining Room; Plate Settings; Business Management | Business & Economics / Careers","dining room and banquet management food service management | administracion | servicio de alimentos | careers guidance | hotel and restaurant management | business & economics | careers / job opportunities | business/economics | careers - general | industries - hospitality, travel & tourism | banquet; banquet management; dining room management; strianese; dining room; plate settings; business management | business & economics / careers",1
President of the whole fifth grade,Sherri Winston,5.0,3.0,2010.0,9.0,"Baking | Elections | Fiction | Leadership | Schools | Juvenile fiction | Children's fiction | Elections, fiction | Baking, fiction | Schools, fiction | African Americans",eng,https://covers.openlibrary.org/b/id/9907594-M.jpg,https://openlibrary.org/works/OL15631919W,Open Library API,baking,,Baking and Pastry,"Elections | Fiction | Leadership | Schools | Juvenile fiction | Children's fiction | Elections, fiction | , fiction | Schools, fiction | African Americans","president of the whole fifth grade elections | fiction | leadership | schools | juvenile fiction | children's fiction | elections, fiction | , fiction | schools, fiction | african americans",2
Understanding Nutrition,Eleanor Noss Whitney | ELLIE WHITNEY / SHARON RADY ROLFES | Whitney | Sharon Rady Rolfes,5.0,2.0,1977.0,52.0,"Nutrition | Metabolism | open_syllabus_project | Alimentation | Nutritional Physiological Phenomena | Metabolisme | Food | Voeding | Diet Therapy | Diet | Textbooks | Flute | Methods | Early works to 1800 | Flute music | Interpretation (Phrasing, dynamics, etc.) | Musical accompaniment | Instruction and study | Physiology",eng | ger,https://covers.openlibrary.org/b/id/10679950-M.jpg,https://openlibrary.org/works/OL1953253W,Open Library API,nutrition,,Nutrition,"Metabolism | open_syllabus_project | Alimentation | al Physiological Phenomena | Metabolisme | Food | Voeding | Diet Therapy | Diet | Textbooks | Flute | Methods | Early works to 1800 | Flute music | Interpretation (Phrasing, dynamics, etc.) | Musical accompaniment | Instruction and study | Physiology","understanding nutrition metabolism | open_syllabus_project | alimentation | al physiological phenomena | metabolisme | food | voeding | diet therapy | diet | textbooks | flute | methods | early works to 1800 | flute music | interpretation (phrasing, dynamics, etc.) | musical accompaniment | instruction and study | physiology",4
Food Safety,Nina E. Redman,,,2000.0,5.0,"Safety measures | Food industry and trade | Handbooks, manuals | Food adulteration and inspection | Food adulteration and inspection -- Handbooks, manuals, etc | Food industry and trade -- Safety measures -- Handbooks, manuals, etc | Food industry and trade -- Safety measures | Lebensmittel | Qualitätssicherung | Sicherheit",eng,https://covers.openlibrary.org/b/id/829741-M.jpg,https://openlibrary.org/works/OL8924904W,Open Library API,food safety,,Food Safety,"Safety measures | Food industry and trade | Handbooks, manuals | Food adulteration and inspection | Food adulteration and inspection -- Handbooks, manuals, etc | Food industry and trade -- Safety measures -- Handbooks, manuals, etc | Food industry and trade -- Safety measures | Lebensmittel | Qualitätssicherung | Sicherheit","food safety safety measures | food industry and trade | handbooks, manuals | food adulteration and inspection | food adulteration and inspection -- handbooks, manuals, etc | food industry and trade -- safety measures -- handbooks, manuals, etc | food industry and trade -- safety measures | lebensmittel | qualitätssicherung | sicherheit",5
The Vertical Farm,Dickson D. Despommier,4.0,1.0,2010.0,1.0,Green Revolution | Urban Land use | Agricultural innovations | Environmental aspects | Agriculture | Alternative agriculture | Urban agriculture,eng,https://covers.openlibrary.org/b/id/6608061-M.jpg,https://openlibrary.org/works/OL15394496W,Open Library API,agriculture,,Agriculture,Green Revolution | Urban Land use | Agricultural innovations | Environmental aspects | | Alternative | Urban,the vertical farm green revolution | urban land use | agricultural innovations | environmental aspects | | alternative | urban,2
Fermentation Microbiology and Biotechnology,C. F. A. Bryce | E. M. T. El-Mansi,,,1999.0,3.0,Fermentation | Enzymes,eng,,https://openlibrary.org/works/OL22053369W,Open Library API,fermentation,,Fermentation,Enzymes,fermentation microbiology and biotechnology enzymes,0
Food City,C. J. Lim,,,2014.0,6.0,"Food industry and trade | Food, transportation | Food service | City planning | Case studies | Food | Transportation | ARCHITECTURE / General | Aliments | Études de cas | Transport | Services alimentaires | BUSINESS & ECONOMICS | Industries | General",eng,https://covers.openlibrary.org/b/id/13311056-M.jpg,https://openlibrary.org/works/OL21246243W,Open Library API,food business,,Food Business,"Food industry and trade | Food, transportation | Food service | City planning | Case studies | Food | Transportation | ARCHITECTURE / General | Aliments | Études de cas | Transport | Services alimentaires | BUSINESS & ECONOMICS | Industries | General","food city food industry and trade | food, transportation | food service | city planning | case studies | food | transportation | architecture / general | aliments | études de cas | transport | services alimentaires | business & economics | industries | general",1
The Pillsbury bake-off cookbook,Pillsbury Company | Diane B. Anderson | Elaine Christiansen,,,1990.0,2.0,Baking,eng,https://covers.openlibrary.org/b/id/8104346-M.jpg,https://openlibrary.org/works/OL17815569W,Open Library API,baking,,Baking and Pastry,,the pillsbury bake-off cookbook,3
Introduction to human nutrition,Michael J. Gibney,,,2009.0,7.0,"Food | Nutrition | Nutritional Physiological Phenomena | Nutrition, psychological aspects",eng,https://covers.openlibrary.org/b/id/8665070-M.jpg,https://openlibrary.org/works/OL16937042W,Open Library API,nutrition,,Nutrition,"Food | | al Physiological Phenomena | , psychological aspects","introduction to human nutrition food | | al physiological phenomena | , psychological aspects",4
Food-related services,United States. General Accounting Office,,,1997.0,7.0,Costs | Food | Safety measures | User charges | Food adulteration and inspection,eng,,https://openlibrary.org/works/OL564892W,Open Library API,food safety,,Food Safety,Costs | Food | Safety measures | User charges | Food adulteration and inspection,food-related services costs | food | safety measures | user charges | food adulteration and inspection,5
Farm management pocketbook,John Nix,5.0,1.0,1966.0,34.0,"Farm management | Handbooks, manuals | Agriculture, great britain",eng,https://covers.openlibrary.org/b/id/8825660-M.jpg,https://openlibrary.org/works/OL4187827W,Open Library API,agriculture,,Agriculture,"Farm management | Handbooks, manuals | , great britain","farm management pocketbook farm management | handbooks, manuals | , great britain",1
Novel Food Fermentation Technologies,K. Shikha Ojha | Brijesh K. Tiwari,,,2016.0,3.0,Food | Fermentation,eng,https://covers.openlibrary.org/b/id/10119640-M.jpg,https://openlibrary.org/works/OL20817814W,Open Library API,fermentation,,Fermentation,Food,novel food fermentation technologies food,5
Sustainable Diets,Pamela Mason | Tim Lang,,,2017.0,6.0,Food supply | Nutrition | Diet | Environmental aspects | Food consumption | Agrobiodiversity | Aliments | Consommation | Aspect de l'environnement | Alimentation | Biodiversité agricole | BUSINESS & ECONOMICS | Industries | General | Food | Economics | Food Preferences | Ecology,eng,https://covers.openlibrary.org/b/id/8873313-M.jpg,https://openlibrary.org/works/OL20220922W,Open Library API,food business,,Food Business,Food supply | Nutrition | Diet | Environmental aspects | Food consumption | Agrobiodiversity | Aliments | Consommation | Aspect de l'environnement | Alimentation | Biodiversité agricole | BUSINESS & ECONOMICS | Industries | General | Food | Economics | Food Preferences | Ecology,sustainable diets food supply | nutrition | diet | environmental aspects | food consumption | agrobiodiversity | aliments | consommation | aspect de l'environnement | alimentation | biodiversité agricole | business & economics | industries | general | food | economics | food preferences | ecology,1
Baking at home with the Culinary Institute of America,Culinary Institute of America.,5.0,1.0,2004.0,1.0,Baking | Cake | Bread,eng,https://covers.openlibrary.org/b/id/304914-M.jpg,https://openlibrary.org/works/OL18151463W,Open Library API,baking,,Baking and Pastry,Cake | Bread,baking at home with the culinary institute of america cake | bread,3
Food safety,Joan Kalbacken,,,1998.0,2.0,Foodborne diseases | Food handling | Juvenile literature | Safety measures | Food adulteration and inspection | Food,eng,https://covers.openlibrary.org/b/id/6783430-M.jpg,https://openlibrary.org/works/OL15800577W,Open Library API,food safety,,Food Safety,Foodborne diseases | Food handling | Juvenile literature | Safety measures | Food adulteration and inspection | Food,food safety foodborne diseases | food handling | juvenile literature | safety measures | food adulteration and inspection | food,5
"Fields, Factories, and Workshops",Peter Kropotkin,,,1899.0,89.0,"Agriculture | Anarchism | Anarchist Thought | Economic aspects | Economic aspects of Agriculture | Economic history | Economics | Industries | Technical education | Histoire e conomique | Économie politique | Aspect économique | Industrie | Factories | Workshops | Economic history, 1750-1918 | Anarchisme | Enseignement technique | BUSINESS & ECONOMICS / Economic History | BUSINESS & ECONOMICS / Economics / General | Philosophy | Agriculture, economic aspects | Agriculture, economic aspects, europe | Industries, europe",fre | ger | ita | spa | dut | jpn | yid | dan | rus | eng,https://covers.openlibrary.org/b/id/10147288-M.jpg,https://openlibrary.org/works/OL1105381W,Open Library API,agriculture,,Agriculture,"Anarchism | Anarchist Thought | Economic aspects | Economic aspects of | Economic history | Economics | Industries | Technical education | Histoire e conomique | Économie politique | Aspect économique | Industrie | Factories | Workshops | Economic history, 1750-1918 | Anarchisme | Enseignement technique | BUSINESS & ECONOMICS / Economic History | BUSINESS & ECONOMICS / Economics / General | Philosophy | , economic aspects | , economic aspects, europe | Industries, europe","fields, factories, and workshops anarchism | anarchist thought | economic aspects | economic aspects of | economic history | economics | industries | technical education | histoire e conomique | économie politique | aspect économique | industrie | factories | workshops | economic history, 1750-1918 | anarchisme | enseignement technique | business & economics / economic history | business & economics / economics / general | philosophy | , economic aspects | , economic aspects, europe | industries, europe",2
Fermented foods for vitality & health,Dunja Gulin,,,2015.0,1.0,Fermented foods | Probiotics | Cooking (Fermented foods) | Health aspects | Cooking,eng,https://covers.openlibrary.org/b/id/13033864-M.jpg,https://openlibrary.org/works/OL20003784W,Open Library API,fermentation,,Fermentation,Fermented foods | Probiotics | Cooking (Fermented foods) | Health aspects | Cooking,fermented foods for vitality & health fermented foods | probiotics | cooking (fermented foods) | health aspects | cooking,0
Setting up a food drying business,Fabrice Thuillier,,,2002.0,2.0,"Dried food industry | New business enterprises | Food, drying | Business planning",eng,https://covers.openlibrary.org/b/id/2048391-M.jpg,https://openlibrary.org/works/OL6060847W,Open Library API,food business,,Food Business,"Dried food industry | New business enterprises | Food, drying | Business planning","setting up a food drying business dried food industry | new business enterprises | food, drying | business planning",1
Bake Good Things,Williams-Sonoma Editors,,,2017.0,1.0,Baking,eng,https://covers.openlibrary.org/b/id/10609706-M.jpg,https://openlibrary.org/works/OL21095625W,Open Library API,baking,,Baking and Pastry,,bake good things,3
Nutrition through the life cycle,Judith E. Brown | Janet Isaacs | Beate Krinke | Maureen Murtaugh | Carolyn Sharbaugh,,,2004.0,10.0,"Nutrition | Children | Older people | Dietetics & nutrition | Health/Fitness | Health & Fitness | Medical / Nursing | Textbooks | Physiology | Medical / Nutrition | Older people, nutrition | Children, nutrition | Nutritional Physiological Phenomena | Human Development | Children -- Nutrition | Older people -- Nutrition | Human Development -- physiology | Study and teaching | Evaluation | Human Life cycle",eng,https://covers.openlibrary.org/b/id/1274621-M.jpg,https://openlibrary.org/works/OL19101888W,Open Library API,nutrition,,Nutrition,"Children | Older people | Dietetics & | Health/Fitness | Health & Fitness | Medical / Nursing | Textbooks | Physiology | Medical / | Older people, | Children, | al Physiological Phenomena | Human Development | Children -- | Older people -- | Human Development -- physiology | Study and teaching | Evaluation | Human Life cycle","nutrition through the life cycle children | older people | dietetics & | health/fitness | health & fitness | medical / nursing | textbooks | physiology | medical / | older people, | children, | al physiological phenomena | human development | children -- | older people -- | human development -- physiology | study and teaching | evaluation | human life cycle",4
Microbial Food Safety and Preservation Techniques,V. Ravishankar Rai | Jamuna A. Bai,,,2014.0,5.0,"Food, microbiology | Food handling | Food presentation | Food Microbiology | Food Safety | Food Handling | Food Preservation | Methods",eng,,https://openlibrary.org/works/OL21264738W,Open Library API,food safety,,Food Safety,"Food, microbiology | Food handling | Food presentation | Food Microbiology | | Food Handling | Food Preservation | Methods","microbial food safety and preservation techniques food, microbiology | food handling | food presentation | food microbiology | | food handling | food preservation | methods",5
The food of the gods and how it came to earth,H. G. Wells,3.7777777,18.0,1900.0,194.0,"Fiction | Giants | Growth factors | Food supply | Science fiction | Agriculture | Experimentation | Fiction, science fiction, general | British and irish fiction (fictional works by one author) | Scientists | Artificial foods | English literature | English fiction | English Science fiction | Giants -- Fiction",por | eng,https://covers.openlibrary.org/b/id/314687-M.jpg,https://openlibrary.org/works/OL52195W,Open Library API,agriculture,,Agriculture,"Fiction | Giants | Growth factors | Food supply | Science fiction | | Experimentation | Fiction, science fiction, general | British and irish fiction (fictional works by one author) | Scientists | Artificial foods | English literature | English fiction | English Science fiction | Giants -- Fiction","the food of the gods and how it came to earth fiction | giants | growth factors | food supply | science fiction | | experimentation | fiction, science fiction, general | british and irish fiction (fictional works by one author) | scientists | artificial foods | english literature | english fiction | english science fiction | giants -- fiction",1
Fermentation processes engineering in the food industry,Carlos Ricardo Soccol | Ashok Pandey | Christian Larroche,,,2013.0,6.0,Food industry and trade | Fermentation | Food | Fermented foods | TECHNOLOGY & ENGINEERING | Food Science,eng,https://covers.openlibrary.org/b/id/8086640-M.jpg,https://openlibrary.org/works/OL17802057W,Open Library API,fermentation,,Fermentation,Food industry and trade | | Food | Fermented foods | TECHNOLOGY & ENGINEERING | Food Science,fermentation processes engineering in the food industry food industry and trade | | food | fermented foods | technology & engineering | food science,0
Endless appetites,Alan Bjerga,,,2011.0,5.0,Food prices | Food security | BUSINESS & ECONOMICS / Finance | Food supply | Hunger,eng,,https://openlibrary.org/works/OL16486235W,Open Library API,food business,,Food Business,Food prices | Food security | BUSINESS & ECONOMICS / Finance | Food supply | Hunger,endless appetites food prices | food security | business & economics / finance | food supply | hunger,1
The unofficial hunger games cookbook,Emily Ansara Baines,,,2011.0,3.0,Cooking | Baking,eng,https://covers.openlibrary.org/b/id/12489932-M.jpg,https://openlibrary.org/works/OL16589208W,Open Library API,baking,,Baking and Pastry,Cooking,the unofficial hunger games cookbook cooking,3
Superhero Nutrition,Steve Zim | Steven Stiefel,4.25,4.0,2018.0,1.0,weight loss | health | Wellness | nutrition | recipes,,https://covers.openlibrary.org/b/id/9209373-M.jpg,https://openlibrary.org/works/OL20567504W,Open Library API,nutrition,,Nutrition,weight loss | health | Wellness | | recipes,superhero nutrition weight loss | health | wellness | | recipes,4
Food safety,Carol Ballard,,,2010.0,1.0,"Food | Safety measures | Juvenile literature | Food, juvenile literature",eng,https://covers.openlibrary.org/b/id/7085210-M.jpg,https://openlibrary.org/works/OL2626795W,Open Library API,food safety,,Food Safety,"Food | Safety measures | Juvenile literature | Food, juvenile literature","food safety food | safety measures | juvenile literature | food, juvenile literature",5
Agricultural process engineering,S. M. Henderson,,,1955.0,3.0,Agricultural engineering | Agricultural machinery | Agricultural processing | Food | Farm produce | Preservation,eng,https://covers.openlibrary.org/b/id/4451935-M.jpg,https://openlibrary.org/works/OL2771413W,Open Library API,agriculture,,Agriculture,Agricultural engineering | Agricultural machinery | Agricultural processing | Food | Farm produce | Preservation,agricultural process engineering agricultural engineering | agricultural machinery | agricultural processing | food | farm produce | preservation,2
Practical fermentation technology,B. McNeil,,,2008.0,2.0,Fermentation,eng,https://covers.openlibrary.org/b/id/2423251-M.jpg,https://openlibrary.org/works/OL13288421W,Open Library API,fermentation,,Fermentation,,practical fermentation technology,0
The Complete Idiots Guide To Starting A Food Truck Business,Scott Baitinger,,,2012.0,1.0,Food service | New business enterprises | Food trucks | Management,,https://covers.openlibrary.org/b/id/7494378-M.jpg,https://openlibrary.org/works/OL17395740W,Open Library API,food business,,Food Business,Food service | New business enterprises | Food trucks | Management,the complete idiots guide to starting a food truck business food service | new business enterprises | food trucks | management,1
Baking bible,Robert P. Winston,,,2008.0,1.0,Baking | Cookery,eng,https://covers.openlibrary.org/b/id/11956070-M.jpg,https://openlibrary.org/works/OL25068703W,Open Library API,baking,,Baking and Pastry,Cookery,baking bible cookery,3
Advanced nutrition and human metabolism,James L. Groff,,,1995.0,4.0,Nutrition | Nutrition Physiology | Metabolism,eng,https://covers.openlibrary.org/b/id/1173892-M.jpg,https://openlibrary.org/works/OL3492595W,Open Library API,nutrition,,Nutrition,Physiology | Metabolism,advanced nutrition and human metabolism physiology | metabolism,4
Culinary Infrastructure,Jeffrey Pilcher,,,2017.0,5.0,Food industry and trade | Food supply | History | Food | Safety measures,eng,,https://openlibrary.org/works/OL21302416W,Open Library API,food safety,,Food Safety,Food industry and trade | Food supply | History | Food | Safety measures,culinary infrastructure food industry and trade | food supply | history | food | safety measures,5
Agricultural microbiology,G. Rangaswami,3.0,1.0,1966.0,2.0,Agricultural microbiology,eng,,https://openlibrary.org/works/OL63664W,Open Library API,agriculture,,Agriculture,Agricultural microbiology,agricultural microbiology agricultural microbiology,2
Advances in Fermented Foods and Beverages,W. Holzapfel,,,2014.0,2.0,Fermentation | Beverages | Fermented foods | Microbiology,eng,,https://openlibrary.org/works/OL25686672W,Open Library API,fermentation,,Fermentation,Beverages | Fermented foods | Microbiology,advances in fermented foods and beverages beverages | fermented foods | microbiology,0
Successful wine marketing,Kirby S Moulton | James Lapsley | Kirby Moulton,,,2001.0,4.0,"Marketing | Wine industry | Wine | Fermented foods | Safety measures | Food industry and trade | Food & beverage technology | Industries - Agribusiness | Business / Economics / Finance | Business & Economics | Business/Economics | Beverages - Wine & Spirits | Marketing - General | Business & Economics / Marketing / General | Business & Economics-Industries - Agribusiness | Cooking-Beverages - Wine & Spirits | Technology / Food Industry & Science | wine, viticulture | Development - Business Development | Fermentation | Wine and wine making",eng,https://covers.openlibrary.org/b/id/8648638-M.jpg,https://openlibrary.org/works/OL18208017W,Open Library API,food business,,Food Business,"Marketing | Wine industry | Wine | Fermented foods | Safety measures | Food industry and trade | Food & beverage technology | Industries - Agribusiness | Business / Economics / Finance | Business & Economics | Business/Economics | Beverages - Wine & Spirits | Marketing - General | Business & Economics / Marketing / General | Business & Economics-Industries - Agribusiness | Cooking-Beverages - Wine & Spirits | Technology / Food Industry & Science | wine, viticulture | Development - Business Development | Fermentation | Wine and wine making","successful wine marketing marketing | wine industry | wine | fermented foods | safety measures | food industry and trade | food & beverage technology | industries - agribusiness | business / economics / finance | business & economics | business/economics | beverages - wine & spirits | marketing - general | business & economics / marketing / general | business & economics-industries - agribusiness | cooking-beverages - wine & spirits | technology / food industry & science | wine, viticulture | development - business development | fermentation | wine and wine making",1
Baking,Chuck Williams,,,2005.0,1.0,Baking,eng,https://covers.openlibrary.org/b/id/644664-M.jpg,https://openlibrary.org/works/OL20139533W,Open Library API,baking,,Baking and Pastry,,baking,3
Food code,Oregon. Food Safety Division.,,,2002.0,2.0,Government policy | Food | Food handling | Safety measures,eng,,https://openlibrary.org/works/OL11665204W,Open Library API,food safety,,Food Safety,Government policy | Food | Food handling | Safety measures,food code government policy | food | food handling | safety measures,5
Publication Cancelled,Cancelled Publication,,,2015.0,53.0,Agriculture,eng | rus,,https://openlibrary.org/works/OL25386363W,Open Library API,agriculture,,Agriculture,,publication cancelled,1
The fermented man,Derek Dellinger,,,2016.0,5.0,Functional foods | Probiotics | Fermented foods | Food | Dietary supplements,eng,https://covers.openlibrary.org/b/id/13093440-M.jpg,https://openlibrary.org/works/OL20032476W,Open Library API,fermentation,,Fermentation,Functional foods | Probiotics | Fermented foods | Food | Dietary supplements,the fermented man functional foods | probiotics | fermented foods | food | dietary supplements,0
Home baking,Jo Wheatley,,,2014.0,1.0,Cookbooks | Baking | Baked products,eng,https://covers.openlibrary.org/b/id/10182756-M.jpg,https://openlibrary.org/works/OL20865378W,Open Library API,baking,,Baking and Pastry,Cookbooks | | Baked products,home baking cookbooks | | baked products,3
Nutritional assessment,"Lee, Robert D. | Robert D Lee | David C. Nieman",,,1993.0,5.0,Diagnosis | Evaluation | Nutrition | Nutrition Assessment | Nutrition disorders | Nutrition surveys | Nutritional Status | Dietetics & nutrition | Diets - General | Nutrition | Medical / Nutrition | Medical | Medical / Nursing | Textbooks | Diagnosis | Evaluation | Nutrition disorders | Nutrition surveys | Nutrition Disorders | Ernährungserhebung | Nutritional Physiological Phenomena | Health &amp; fitness,eng,https://covers.openlibrary.org/b/id/4010754-M.jpg,https://openlibrary.org/works/OL2936993W,Open Library API,nutrition,,Nutrition,Diagnosis | Evaluation | | Assessment | disorders | surveys | al Status | Dietetics & | Diets - General | | Medical / | Medical | Medical / Nursing | Textbooks | Diagnosis | Evaluation | disorders | surveys | Disorders | Ernährungserhebung | al Physiological Phenomena | Health &amp; fitness,nutritional assessment diagnosis | evaluation | | assessment | disorders | surveys | al status | dietetics & | diets - general | | medical / | medical | medical / nursing | textbooks | diagnosis | evaluation | disorders | surveys | disorders | ernährungserhebung | al physiological phenomena | health &amp; fitness,4
Supervisor's Guide to Food Safety and Sanitation,David McSwane | Nancy R. Rue | Richard Linton | Anna Graf Willliams,,,2003.0,2.0,Food handling | Food service | Sanitation | Safety measures,eng,https://covers.openlibrary.org/b/id/1103292-M.jpg,https://openlibrary.org/works/OL17836866W,Open Library API,food safety,,Food Safety,Food handling | Food service | Sanitation | Safety measures,supervisor's guide to food safety and sanitation food handling | food service | sanitation | safety measures,5
Permaculture,Bill Mollison,4.0,2.0,1998.0,1.0,"Permaculture | Organic farming | Agricultural ecology | Handbooks, manuals | Organic gardening",eng,https://covers.openlibrary.org/b/id/14811982-M.jpg,https://openlibrary.org/works/OL16975983W,Open Library API,agriculture,,Agriculture,"Permaculture | Organic farming | Agricultural ecology | Handbooks, manuals | Organic gardening","permaculture permaculture | organic farming | agricultural ecology | handbooks, manuals | organic gardening",2
Fermented beverage production,John R. Piggott,,,2003.0,6.0,Fermentation | Alcoholic beverage industry | Beverages,eng,https://covers.openlibrary.org/b/id/1164614-M.jpg,https://openlibrary.org/works/OL18265368W,Open Library API,fermentation,,Fermentation,Alcoholic beverage industry | Beverages,fermented beverage production alcoholic beverage industry | beverages,0
Halal Logistics and Supply Chain Management in Southeast Asia,Nor Aida Abdul Rahman | Azizul Hassan | Mohammad Fakhrulnizam Mohammad,,,2020.0,6.0,Economics | Halal food industry | Business | Islam | Business logistics | Aliments halal | Industrie | Logistique (Organisation) | BUSINESS & ECONOMICS / General,eng,,https://openlibrary.org/works/OL20753288W,Open Library API,food business,,Food Business,Economics | Halal food industry | Business | Islam | Business logistics | Aliments halal | Industrie | Logistique (Organisation) | BUSINESS & ECONOMICS / General,halal logistics and supply chain management in southeast asia economics | halal food industry | business | islam | business logistics | aliments halal | industrie | logistique (organisation) | business & economics / general,1
BakeWise,Shirley O. Corriher,,,2008.0,2.0,Cake | Desserts | Cookies | Baking,eng,https://covers.openlibrary.org/b/id/12180281-M.jpg,https://openlibrary.org/works/OL12006820W,Open Library API,baking,,Baking and Pastry,Cake | Desserts | Cookies,bakewise cake | desserts | cookies,3
Sport Nutrition,Asker Jeukendrup | Michael Gleeson,,,2018.0,6.0,Sports | Nutrition | Biological sciences & nutrition -> health -> nutrition & weight management,eng,https://covers.openlibrary.org/b/id/9226392-M.jpg,https://openlibrary.org/works/OL20584966W,Open Library API,nutrition,,Nutrition,Sports | | Biological sciences & -> health -> & weight management,sport nutrition sports | | biological sciences & -> health -> & weight management,4
The Unhealthy Truth: One Mother's Shocking Investigation into the Dangers of America's Food Supply-- and What Every Family Can Do to Protect Itself,Robyn O'Brien | Rachel Kranz,,,2010.0,1.0,Genetically modified foods | Safety measures | Food additives | Food adulteration and inspection | Toxicology | Food supply | Food allergy in children | Toxins,,https://covers.openlibrary.org/b/id/8453195-M.jpg,https://openlibrary.org/works/OL19340263W,Open Library API,food safety,,Food Safety,Genetically modified foods | Safety measures | Food additives | Food adulteration and inspection | Toxicology | Food supply | Food allergy in children | Toxins,the unhealthy truth: one mother's shocking investigation into the dangers of america's food supply-- and what every family can do to protect itself genetically modified foods | safety measures | food additives | food adulteration and inspection | toxicology | food supply | food allergy in children | toxins,5
Plant biotechnology,Adrian Slater | Nigel W. Scott | Mark R. Fowler,4.0,3.0,2003.0,4.0,"Plant genetic engineering | Genetics | Genetically Modified Plants | Plant biotechnology | Agricultural Crops | Plants | Biotechnology | Plant genetics | Plants, genetically modified | Crops, agricultural | Tp248.27.p55 s59 2003 | 631.5/23",eng,https://covers.openlibrary.org/b/id/133235-M.jpg,https://openlibrary.org/works/OL6046440W,Open Library API,agriculture,,Agriculture,"Plant genetic engineering | Genetics | Genetically Modified Plants | Plant biotechnology | Agricultural Crops | Plants | Biotechnology | Plant genetics | Plants, genetically modified | Crops, agricultural | Tp248.27.p55 s59 2003 | 631.5/23","plant biotechnology plant genetic engineering | genetics | genetically modified plants | plant biotechnology | agricultural crops | plants | biotechnology | plant genetics | plants, genetically modified | crops, agricultural | tp248.27.p55 s59 2003 | 631.5/23",2
Fermentation essentials,Sandi Lane,,,2015.0,1.0,"Fermented foods | Handbooks, manuals | Fermentation | Health aspects | Aliments fermentés | Guides, manuels",eng,https://covers.openlibrary.org/b/id/12959879-M.jpg,https://openlibrary.org/works/OL29230479W,Open Library API,fermentation,,Fermentation,"Fermented foods | Handbooks, manuals | | Health aspects | Aliments fermentés | Guides, manuels","fermentation essentials fermented foods | handbooks, manuals | | health aspects | aliments fermentés | guides, manuels",0
Introduction to foodservice,June Payne-Palacio | June PaynePalacio | Monica Theis,,,2005.0,4.0,"Food service management | Food manufacturing & related industries | Food And Beverage Industries (Economic Aspects) | Quantity Food Production And Service | Business & Economics | Business / Economics / Finance | Business/Economics | Business & Economics / Hospitality, Travel & Tourism | Food Science | Industries - Hospitality, Travel & Tourism | Services alimentaires | Gestion | Storkök",eng,https://covers.openlibrary.org/b/id/1103764-M.jpg,https://openlibrary.org/works/OL2938415W,Open Library API,food business,,Food Business,"Food service management | Food manufacturing & related industries | Food And Beverage Industries (Economic Aspects) | Quantity Food Production And Service | Business & Economics | Business / Economics / Finance | Business/Economics | Business & Economics / Hospitality, Travel & Tourism | Food Science | Industries - Hospitality, Travel & Tourism | Services alimentaires | Gestion | Storkök","introduction to foodservice food service management | food manufacturing & related industries | food and beverage industries (economic aspects) | quantity food production and service | business & economics | business / economics / finance | business/economics | business & economics / hospitality, travel & tourism | food science | industries - hospitality, travel & tourism | services alimentaires | gestion | storkök",1
Italian Home Baking,Gino D'Acampo,,,2011.0,2.0,Baked products | Baking | Italian Cooking,eng | dut,https://covers.openlibrary.org/b/id/7578460-M.jpg,https://openlibrary.org/works/OL17438077W,Open Library API,baking,,Baking and Pastry,Baked products | | Italian Cooking,italian home baking baked products | | italian cooking,3
Food rules,Michael Pollan | Laura Manero Jiménez;,3.6,15.0,2009.0,18.0,Nutrition | Food habits | food | eating | consumption | health | Diet | Health & Fitness | Nonfiction | New York Times bestseller | nyt:hardcover_advice=2011-11-05 | Alimentation | Régimes alimentaires | Habitudes alimentaires | Coutumes alimentaires | Diets - better health | Nutrition - popular works | Public health,eng | spa,https://covers.openlibrary.org/b/id/6305235-M.jpg,https://openlibrary.org/works/OL14873323W,Open Library API,nutrition,,Nutrition,Food habits | food | eating | consumption | health | Diet | Health & Fitness | Nonfiction | New York Times bestseller | nyt:hardcover_advice=2011-11-05 | Alimentation | Régimes alimentaires | Habitudes alimentaires | Coutumes alimentaires | Diets - better health | - popular works | Public health,food rules food habits | food | eating | consumption | health | diet | health & fitness | nonfiction | new york times bestseller | nyt:hardcover_advice=2011-11-05 | alimentation | régimes alimentaires | habitudes alimentaires | coutumes alimentaires | diets - better health | - popular works | public health,4
Eat well,Linda Bacon,,,2006.0,2.0,Nutrition | Safety measures | Food additives | Health aspects of Food additives | Food | Diet | Health aspects | Food habits,eng,https://covers.openlibrary.org/b/id/2764837-M.jpg,https://openlibrary.org/works/OL9710325W,Open Library API,food safety,,Food Safety,Nutrition | Safety measures | Food additives | Health aspects of Food additives | Food | Diet | Health aspects | Food habits,eat well nutrition | safety measures | food additives | health aspects of food additives | food | diet | health aspects | food habits,5
The Permaculture Plot,Simon Pratt,,,1996.0,3.0,Directories | Sustainable agriculture | Alternative agriculture | Permaculture,eng,https://covers.openlibrary.org/b/id/3006828-M.jpg,https://openlibrary.org/works/OL6541219W,Open Library API,agriculture,,Agriculture,Directories | Sustainable | Alternative | Permaculture,the permaculture plot directories | sustainable | alternative | permaculture,1
Fermentation,B. McNeil,,,1990.0,4.0,Fermentation,eng,https://covers.openlibrary.org/b/id/12786710-M.jpg,https://openlibrary.org/works/OL19128967W,Open Library API,fermentation,,Fermentation,,fermentation,0
Food lovers' guide to Wisconsin,Martin Hintz,,,2014.0,1.0,"Restaurants | Guidebooks | Food | TRAVEL | BUSINESS & ECONOMICS | Small Business | Wisconsin, guidebooks",eng,https://covers.openlibrary.org/b/id/10756079-M.jpg,https://openlibrary.org/works/OL24265557W,Open Library API,food business,,Food Business,"Restaurants | Guidebooks | Food | TRAVEL | BUSINESS & ECONOMICS | Small Business | Wisconsin, guidebooks","food lovers' guide to wisconsin restaurants | guidebooks | food | travel | business & economics | small business | wisconsin, guidebooks",1
Baking Bible,Rose Levy Beranbaum,5.0,1.0,2014.0,2.0,Baking,eng,,https://openlibrary.org/works/OL21796000W,Open Library API,baking,,Baking and Pastry,,baking bible,3
Life extension,Durk Pearson | Sandy Shaw,4.5,2.0,1982.0,6.0,Longevity | Health | Popular works | Nutrition | Aging | Nutritional Physiological Phenomena,eng | und,https://covers.openlibrary.org/b/id/6526128-M.jpg,https://openlibrary.org/works/OL5111660W,Open Library API,nutrition,,Nutrition,Longevity | Health | Popular works | | Aging | al Physiological Phenomena,life extension longevity | health | popular works | | aging | al physiological phenomena,4
"Regulation of cancer-causing food additives, time for a change?",United States. General Accounting Office,,,1981.0,6.0,Safety regulations | Carcinogens | Food additives | Standards,eng,,https://openlibrary.org/works/OL564836W,Open Library API,food safety,,Food Safety,Safety regulations | Carcinogens | Food additives | Standards,"regulation of cancer-causing food additives, time for a change? safety regulations | carcinogens | food additives | standards",5
We Are the Weather,Jonathan Safran Foer,,,2019.0,7.0,Sustainable agriculture | Livestock | Vegetarianism,eng,https://covers.openlibrary.org/b/id/9924242-M.jpg,https://openlibrary.org/works/OL20780432W,Open Library API,agriculture,,Agriculture,Sustainable | Livestock | Vegetarianism,we are the weather sustainable | livestock | vegetarianism,1
Fermented Meat Products,Nevijo Zdolec,,,2016.0,6.0,Fermentation | Meat industry and trade | Fermented foods | Meat | Preservation | TECHNOLOGY & ENGINEERING | Food Science,eng,,https://openlibrary.org/works/OL21298696W,Open Library API,fermentation,,Fermentation,Meat industry and trade | Fermented foods | Meat | Preservation | TECHNOLOGY & ENGINEERING | Food Science,fermented meat products meat industry and trade | fermented foods | meat | preservation | technology & engineering | food science,0
Dabbawala of Mumbai,Pawan G. Agrawal,,,2009.0,1.0,Precooked foods | Transportation | Business logistics,eng,,https://openlibrary.org/works/OL16627785W,Open Library API,food business,,Food Business,Precooked foods | Transportation | Business logistics,dabbawala of mumbai precooked foods | transportation | business logistics,1
Baking,Parragon - Love Food Editors,,,2014.0,1.0,Baking | Cookbooks,eng,https://covers.openlibrary.org/b/id/11593153-M.jpg,https://openlibrary.org/works/OL24814824W,Open Library API,baking,,Baking and Pastry,Cookbooks,baking cookbooks,3
Advanced nutrition and human metabolism,Sareen Annora Stepnick Gropper,5.0,1.0,2009.0,2.0,Nutrition | Metabolism,eng,https://covers.openlibrary.org/b/id/10048704-M.jpg,https://openlibrary.org/works/OL11993462W,Open Library API,nutrition,,Nutrition,Metabolism,advanced nutrition and human metabolism metabolism,4
Food safety,Lawrence J. Dyckman,,,1998.0,10.0,Administrative agencies | Appropriations and expenditures | Economic aspects of Food adulteration and inspection | Egg processing | Eggs | Food | Food adulteration and inspection | Food contamination | Food service | Government policy | Prevention | Reorganization | Safety measures | Safety regulations | Salmonella enteritidis | States | Storage | United States | United States. Food Safety and Inspection Service | United States. Food and Drug Administration,eng,,https://openlibrary.org/works/OL8480812W,Open Library API,food safety,,Food Safety,Administrative agencies | Appropriations and expenditures | Economic aspects of Food adulteration and inspection | Egg processing | Eggs | Food | Food adulteration and inspection | Food contamination | Food service | Government policy | Prevention | Reorganization | Safety measures | Safety regulations | Salmonella enteritidis | States | Storage | United States | United States. and Inspection Service | United States. Food and Drug Administration,food safety administrative agencies | appropriations and expenditures | economic aspects of food adulteration and inspection | egg processing | eggs | food | food adulteration and inspection | food contamination | food service | government policy | prevention | reorganization | safety measures | safety regulations | salmonella enteritidis | states | storage | united states | united states. and inspection service | united states. food and drug administration,5
Agricultural economics,Feliciano R. Fajardo,,,1982.0,2.0,Agriculture | Economic aspects of Agriculture,eng,,https://openlibrary.org/works/OL5177010W,Open Library API,agriculture,,Agriculture,Economic aspects of,agricultural economics economic aspects of,2
Basic Fermentation,Sandor Ellix Katz,,,2017.0,1.0,Fermentation | Food,,https://covers.openlibrary.org/b/id/8850640-M.jpg,https://openlibrary.org/works/OL20200624W,Open Library API,fermentation,,Fermentation,Food,basic fermentation food,0
Raising the bar,Gary Erickson | Lois Lorentzen,,,2004.0,3.0,Clif Bar Inc | Snack food industry | Food manufacturing & related industries | Infrastructure | Business/Economics | Business & Economics | Business / Economics / Finance | USA | Leadership | Entrepreneurship | General | Business & Economics / Leadership | Snack foods,eng,https://covers.openlibrary.org/b/id/549597-M.jpg,https://openlibrary.org/works/OL8575038W,Open Library API,food business,,Food Business,Clif Bar Inc | Snack food industry | Food manufacturing & related industries | Infrastructure | Business/Economics | Business & Economics | Business / Economics / Finance | USA | Leadership | Entrepreneurship | General | Business & Economics / Leadership | Snack foods,raising the bar clif bar inc | snack food industry | food manufacturing & related industries | infrastructure | business/economics | business & economics | business / economics / finance | usa | leadership | entrepreneurship | general | business & economics / leadership | snack foods,1
Nancy Silverton's breads from the La Brea Bakery,Nancy Silverton,,,1996.0,1.0,Bread | Baking | Cooking,eng,https://covers.openlibrary.org/b/id/417414-M.jpg,https://openlibrary.org/works/OL2908185W,Open Library API,baking,,Baking and Pastry,Bread | | Cooking,nancy silverton's breads from the la brea bakery bread | | cooking,3
Nutricide,Llaila O. Afrika | Llaila Olela Afrika,4.5,2.0,1994.0,4.0,Nutrition | Blacks | Nutritionally induced diseases,eng,https://covers.openlibrary.org/b/id/2088053-M.jpg,https://openlibrary.org/works/OL1808041W,Open Library API,nutrition,,Nutrition,Blacks | ally induced diseases,nutricide blacks | ally induced diseases,4
"Functional Polymers in Food Science : From Technology to Biology, Volume 2",Giuseppe Cirillo | Umile Gianfranco Spizzirri | Francesca Iemma,,,2015.0,4.0,"Polymers | Food, packaging | Food Packaging | Food Safety | Food Technology | Food, biotechnology",eng,https://covers.openlibrary.org/b/id/10497600-M.jpg,https://openlibrary.org/works/OL21577301W,Open Library API,food safety,,Food Safety,"Polymers | Food, packaging | Food Packaging | | Food Technology | Food, biotechnology","functional polymers in food science : from technology to biology, volume 2 polymers | food, packaging | food packaging | | food technology | food, biotechnology",1
Pembangunan pertanian,Soekartawi.,5.0,2.0,1995.0,1.0,Agriculture | Agriculture and state | Economic aspects | Economic aspects of Agriculture | Social aspects,ind,,https://openlibrary.org/works/OL3223699W,Open Library API,agriculture,,Agriculture,and state | Economic aspects | Economic aspects of | Social aspects,pembangunan pertanian and state | economic aspects | economic aspects of | social aspects,2
Micro-organisms and fermentation,Alfred Jörgensen,,,1893.0,7.0,Bacteria | Bibliography | Fermentation | Yeast | Pleasure principle (Psychology) | Psychoanalysis,eng,https://covers.openlibrary.org/b/id/5737790-M.jpg,https://openlibrary.org/works/OL6973425W,Open Library API,fermentation,,Fermentation,Bacteria | Bibliography | | Yeast | Pleasure principle (Psychology) | Psychoanalysis,micro-organisms and fermentation bacteria | bibliography | | yeast | pleasure principle (psychology) | psychoanalysis,0
Innovation and Future Trends in Food Manufacturing and Supply Chain Technologies,Craig Leadley,,,2015.0,2.0,Food industry and trade | Business logistics | Food supply,eng,,https://openlibrary.org/works/OL25691243W,Open Library API,food business,,Food Business,Food industry and trade | Business logistics | Food supply,innovation and future trends in food manufacturing and supply chain technologies food industry and trade | business logistics | food supply,1
"Flicka, Ricka, Dicka bake a cake",Maj Lindman,,,1955.0,3.0,"Sisters | Triplets | Baking | Fiction | Children: Grades 2-3 | Children's fiction | Baking, fiction | Sisters, fiction | Sweden, fiction",eng,https://covers.openlibrary.org/b/id/1316519-M.jpg,https://openlibrary.org/works/OL3235621W,Open Library API,baking,,Baking and Pastry,"Sisters | Triplets | | Fiction | Children: Grades 2-3 | Children's fiction | , fiction | Sisters, fiction | Sweden, fiction","flicka, ricka, dicka bake a cake sisters | triplets | | fiction | children: grades 2-3 | children's fiction | , fiction | sisters, fiction | sweden, fiction",3
Food and Nutrition,Anita Tull,5.0,1.0,1983.0,7.0,Food | Juvenile literature | Nutrition,eng | wel,https://covers.openlibrary.org/b/id/5037467-M.jpg,https://openlibrary.org/works/OL8012003W,Open Library API,nutrition,,Nutrition,Food | Juvenile literature,food and nutrition food | juvenile literature,5
Food Safety in China,Linhai Wu | Dian Zhu,,,2014.0,6.0,"Food adulteration and inspection | Food supply, government policy | Food contamination | China, politics and government | Food | Safety measures | Government policy | TECHNOLOGY & ENGINEERING / Food Science | Food Industry | Nutrition Policy | Food Safety",eng,https://covers.openlibrary.org/b/id/13724671-M.jpg,https://openlibrary.org/works/OL21271167W,Open Library API,food safety,,Food Safety,"Food adulteration and inspection | Food supply, government policy | Food contamination | China, politics and government | Food | Safety measures | Government policy | TECHNOLOGY & ENGINEERING / Food Science | Food Industry | Nutrition Policy","food safety in china food adulteration and inspection | food supply, government policy | food contamination | china, politics and government | food | safety measures | government policy | technology & engineering / food science | food industry | nutrition policy",5
Características mesológicas de Angola,A. Castanheira Diniz,1.0,1.0,1973.0,1.0,Agricultural ecology | Agricultural geography | Physical geography | Plant ecology | Soils,por,,https://openlibrary.org/works/OL3842573W,Open Library API,agriculture,,Agriculture,Agricultural ecology | Agricultural geography | Physical geography | Plant ecology | Soils,características mesológicas de angola agricultural ecology | agricultural geography | physical geography | plant ecology | soils,2
Entwicklung Von Laborfermentoren,Manfred Ringpfeil | Lothar Dimter,,,1980.0,5.0,Fermentation | Congresses,ger,,https://openlibrary.org/works/OL28357169W,Open Library API,fermentation,,Fermentation,Congresses,entwicklung von laborfermentoren congresses,5
Bartending Inside-Out,Lori Marcus,,,1997.0,5.0,"Hospitality industry | Bartending | Management | Handbooks, manuals | Business | Cooking & Food | Nonfiction | Miscellanea",eng,https://covers.openlibrary.org/b/id/1694501-M.jpg,https://openlibrary.org/works/OL3375665W,Open Library API,food business,,Food Business,"Hospitality industry | Bartending | Management | Handbooks, manuals | Business | Cooking & Food | Nonfiction | Miscellanea","bartending inside-out hospitality industry | bartending | management | handbooks, manuals | business | cooking & food | nonfiction | miscellanea",1
The Magic School Bus Gets Baked in a Cake,Linda Ward Beech,4.0,1.0,1995.0,13.0,"Cake | Juvenile literature | Baking | Chemistry | Chemistry, juvenile literature | Cooking, juvenile literature | Cooking",fre | spa | kor | eng,https://covers.openlibrary.org/b/id/383209-M.jpg,https://openlibrary.org/works/OL83047W,Open Library API,baking,,Baking and Pastry,"Cake | Juvenile literature | | Chemistry | Chemistry, juvenile literature | Cooking, juvenile literature | Cooking","the magic school bus gets baked in a cake cake | juvenile literature | | chemistry | chemistry, juvenile literature | cooking, juvenile literature | cooking",3
The China Study,"T. Colin Campbell, PhD | T. Colin Campbell | Thomas M. Campbell",4.5,8.0,2004.0,4.0,"Health & Fitness | Nonfiction | Nutrition | Nutritionally induced diseases | diet in disease | Methods | Maladies d'origine nutritionnelle | Food Habits | Disease | Diet | Etiology | Preventive Medicine | Adverse effects | Régimes alimentaires | Diet Therapy | Popular Works | Vegetarian Diet | Dietetics & nutrition | Health/Fitness | Nutrition And Diet | Nutrition And Public Health | Consumer Health | Healthy Living | Health & Fitness / Nutrition | Diets - General | Diseases - General | Diet / Health / Fitness | mirror | pdf.yt | Diet, Vegetarian",eng,https://covers.openlibrary.org/b/id/7254516-M.jpg,https://openlibrary.org/works/OL15176142W,Open Library API,nutrition,,Nutrition,"Health & Fitness | Nonfiction | | ally induced diseases | diet in disease | Methods | Maladies d'origine nelle | Food Habits | Disease | Diet | Etiology | Preventive Medicine | Adverse effects | Régimes alimentaires | Diet Therapy | Popular Works | Vegetarian Diet | Dietetics & | Health/Fitness | And Diet | And Public Health | Consumer Health | Healthy Living | Health & Fitness / | Diets - General | Diseases - General | Diet / Health / Fitness | mirror | pdf.yt | Diet, Vegetarian","the china study health & fitness | nonfiction | | ally induced diseases | diet in disease | methods | maladies d'origine nelle | food habits | disease | diet | etiology | preventive medicine | adverse effects | régimes alimentaires | diet therapy | popular works | vegetarian diet | dietetics & | health/fitness | and diet | and public health | consumer health | healthy living | health & fitness / | diets - general | diseases - general | diet / health / fitness | mirror | pdf.yt | diet, vegetarian",4
"Communication Practices in Engineering, Manufacturing, and Research for Food and Water Safety",David Wright | Traci Nathans-Kelly,,,2015.0,4.0,Communication in organizations | food safety | water safety,eng,https://covers.openlibrary.org/b/id/8975315-M.jpg,https://openlibrary.org/works/OL20314336W,Open Library API,food safety,,Food Safety,Communication in organizations | | water safety,"communication practices in engineering, manufacturing, and research for food and water safety communication in organizations | | water safety",5
Farming,Gail Gibbons,,,1988.0,5.0,"Juvenile literature | Farms | Farm life | Agriculture | Agriculture, juvenile literature",eng,https://covers.openlibrary.org/b/id/3364453-M.jpg,https://openlibrary.org/works/OL51662W,Open Library API,agriculture,,Agriculture,"Juvenile literature | Farms | Farm life | | , juvenile literature","farming juvenile literature | farms | farm life | | , juvenile literature",5
"Food, Fermentation, and Micro-Organisms",Charles W. Bamforth | David J. Cook,,,2007.0,7.0,"Fermentation | Food, microbiology | Yeast | Alcoholic beverages",eng,,https://openlibrary.org/works/OL21039877W,Open Library API,fermentation,,Fermentation,"Food, microbiology | Yeast | Alcoholic beverages","food, fermentation, and micro-organisms food, microbiology | yeast | alcoholic beverages",0
Food Price Policy in an Era of Market Instability,Per Pinstrup-Andersen,,,2016.0,3.0,"Economics, finance, business & management | Development economics & emerging economies | Environmental economics | Food prices | Food supply, government policy | Food, history | Government policy | Food industry and trade | Food supply | History",eng,https://covers.openlibrary.org/b/id/12596228-M.jpg,https://openlibrary.org/works/OL20931950W,Open Library API,food business,,Food Business,"Economics, finance, business & management | Development economics & emerging economies | Environmental economics | Food prices | Food supply, government policy | Food, history | Government policy | Food industry and trade | Food supply | History","food price policy in an era of market instability economics, finance, business & management | development economics & emerging economies | environmental economics | food prices | food supply, government policy | food, history | government policy | food industry and trade | food supply | history",1
Baking Illustrated,Editors of Cook's Illustrated Magazine,5.0,1.0,2004.0,2.0,Baking | Pastry | Bread | Cake | Cookies | Desserts | Pies,eng,https://covers.openlibrary.org/b/id/714594-M.jpg,https://openlibrary.org/works/OL8723577W,Open Library API,baking,,Baking and Pastry,Pastry | Bread | Cake | Cookies | Desserts | Pies,baking illustrated pastry | bread | cake | cookies | desserts | pies,3
Feed me! I'm yours,Vicki Lansky,4.0,1.0,1974.0,23.0,"Infants | Nutrition | Children | Cookery | Cookery (Baby foods) | Nutrición | Niños | Niños lactantes | Cocina | Alimentos para bebés | Baby foods | Cooking | Children, nutrition | Infants, nutrition | Alimentación | Recetas",eng | spa,https://covers.openlibrary.org/b/id/6498487-M.jpg,https://openlibrary.org/works/OL16480411W,Open Library API,nutrition,,Nutrition,"Infants | | Children | Cookery | Cookery (Baby foods) | Nutrición | Niños | Niños lactantes | Cocina | Alimentos para bebés | Baby foods | Cooking | Children, | Infants, | Alimentación | Recetas","feed me! i'm yours infants | | children | cookery | cookery (baby foods) | nutrición | niños | niños lactantes | cocina | alimentos para bebés | baby foods | cooking | children, | infants, | alimentación | recetas",0
Chickenizing farms & food,Ellen K. Silbergeld,,,2016.0,2.0,Food | Safety measures | Food Safety | Food supply | Animal culture | Factory farms | Health aspects | Environmental aspects,eng,,https://openlibrary.org/works/OL19664371W,Open Library API,food safety,,Food Safety,Food | Safety measures | | Food supply | Animal culture | Factory farms | Health aspects | Environmental aspects,chickenizing farms & food food | safety measures | | food supply | animal culture | factory farms | health aspects | environmental aspects,5
Your Successful Farm Business,Joel Salatin,,,2017.0,1.0,Agriculture,,https://covers.openlibrary.org/b/id/8870788-M.jpg,https://openlibrary.org/works/OL20218800W,Open Library API,agriculture,,Agriculture,,your successful farm business,1
Technologies for Converting Biomass to Useful Energy,Erik Dahlquist,,,2013.0,7.0,Biomass energy | Combustion | Fermentation | Chemical reactions,eng,,https://openlibrary.org/works/OL21329643W,Open Library API,fermentation,,Fermentation,Biomass energy | Combustion | | Chemical reactions,technologies for converting biomass to useful energy biomass energy | combustion | | chemical reactions,4
Food wars,Tim Lang | Michael Heasman,,,2003.0,11.0,Food supply | Nutrition policy | Agriculture & related industries | Dietetics & nutrition | Food manufacturing & related industries | Globalization | Nutrition And Public Health | Agricultural Economics | Technology & Industrial Arts | Health & Fitness | Nutrition | Health/Fitness | International - Marketing | Agriculture - General | Food Science | Technology / Food Industry & Science | Diet | Environmental Health | Public health | Food industry and trade | Food Industry | Nutrition Disorders | BUSINESS & ECONOMICS | Infrastructure | SOCIAL SCIENCE | General,eng,https://covers.openlibrary.org/b/id/903711-M.jpg,https://openlibrary.org/works/OL3936552W,Open Library API,food business,,Food Business,Food supply | Nutrition policy | Agriculture & related industries | Dietetics & nutrition | Food manufacturing & related industries | Globalization | Nutrition And Public Health | Agricultural Economics | Technology & Industrial Arts | Health & Fitness | Nutrition | Health/Fitness | International - Marketing | Agriculture - General | Food Science | Technology / Food Industry & Science | Diet | Environmental Health | Public health | Food industry and trade | Food Industry | Nutrition Disorders | BUSINESS & ECONOMICS | Infrastructure | SOCIAL SCIENCE | General,food wars food supply | nutrition policy | agriculture & related industries | dietetics & nutrition | food manufacturing & related industries | globalization | nutrition and public health | agricultural economics | technology & industrial arts | health & fitness | nutrition | health/fitness | international - marketing | agriculture - general | food science | technology / food industry & science | diet | environmental health | public health | food industry and trade | food industry | nutrition disorders | business & economics | infrastructure | social science | general,1
The Big Bake Sale Cookbook,Cookbook Resources,,,2007.0,1.0,Cake | Cookies | Cooking | Baked products,eng,https://covers.openlibrary.org/b/id/10342885-M.jpg,https://openlibrary.org/works/OL8952997W,Open Library API,baking,,Baking and Pastry,Cake | Cookies | Cooking | Baked products,the big bake sale cookbook cake | cookies | cooking | baked products,3
Nutrition in clinical dentistry,Abraham E. Nizel,5.0,1.0,1960.0,2.0,Nutrition | Zahnmedizin | Nutrition and dental health | Ernährung | Dentistry | Nutritional Physiological Phenomena | Alimentation et santé dentaire | Dental Care,eng,https://covers.openlibrary.org/b/id/4065270-M.jpg,https://openlibrary.org/works/OL4643179W,Open Library API,nutrition,,Nutrition,Zahnmedizin | and dental health | Ernährung | Dentistry | al Physiological Phenomena | Alimentation et santé dentaire | Dental Care,nutrition in clinical dentistry zahnmedizin | and dental health | ernährung | dentistry | al physiological phenomena | alimentation et santé dentaire | dental care,4
Genetically modified and non-genetically modified food supply chains,Yves Bertheau,,,2012.0,5.0,Genetically modified foods | Food supply | TECHNOLOGY & ENGINEERING / Food Science | Food Safety | Genetically Modified Food,eng,,https://openlibrary.org/works/OL16592003W,Open Library API,food safety,,Food Safety,Genetically modified foods | Food supply | TECHNOLOGY & ENGINEERING / Food Science | | Genetically Modified Food,genetically modified and non-genetically modified food supply chains genetically modified foods | food supply | technology & engineering / food science | | genetically modified food,1
Agronomy,Detroy E. Green,,,1981.0,2.0,Field crops | Agriculture,eng,https://covers.openlibrary.org/b/id/9816083-M.jpg,https://openlibrary.org/works/OL9598061W,Open Library API,agriculture,,Agriculture,Field crops,agronomy field crops,2
Microbiology of Fermented Food,Brian J. B. Wood,,,1985.0,2.0,"Fermented foods | Microbiology | Fermentation | Food, microbiology",eng,,https://openlibrary.org/works/OL8650266W,Open Library API,fermentation,,Fermentation,"Fermented foods | Microbiology | | Food, microbiology","microbiology of fermented food fermented foods | microbiology | | food, microbiology",0
"55 surefire food-related businesses you can start for under $5,000",Cheryl Kimball,,,2009.0,1.0,Management | Food industry and trade | New business enterprises | Small business | Food service management | Success in business | Entrepreneurship,eng,https://covers.openlibrary.org/b/id/6458499-M.jpg,https://openlibrary.org/works/OL5824620W,Open Library API,food business,,Food Business,Management | Food industry and trade | New business enterprises | Small business | Food service management | Success in business | Entrepreneurship,"55 surefire food-related businesses you can start for under $5,000 management | food industry and trade | new business enterprises | small business | food service management | success in business | entrepreneurship",1
Amelia Bedelia bakes off,Herman Parish,5.0,2.0,2009.0,6.0,"Children's fiction | Baking, fiction | Contests, fiction | Humorous stories | Fiction | Contests | Baking | Amelia-bedelia (fictitious character), fiction | Picture books | Amelia-Bedelia (Fictitious character) | Juvenile fiction",eng,https://covers.openlibrary.org/b/id/6675749-M.jpg,https://openlibrary.org/works/OL1984641W,Open Library API,baking,,Baking and Pastry,"Children's fiction | , fiction | Contests, fiction | Humorous stories | Fiction | Contests | | Amelia-bedelia (fictitious character), fiction | Picture books | Amelia-Bedelia (Fictitious character) | Juvenile fiction","amelia bedelia bakes off children's fiction | , fiction | contests, fiction | humorous stories | fiction | contests | | amelia-bedelia (fictitious character), fiction | picture books | amelia-bedelia (fictitious character) | juvenile fiction",2
The cancer prevention diet,Michio Kushi | Alex Jack,4.5,2.0,1983.0,8.0,"Cancer | Diet therapy | Macrobiotic diet | Nutritional aspects | Nutritional aspects of Cancer | Prevention | Recipes | Coping with illness | Diets & dieting | Cancer, diet therapy | Cancer, prevention | Dieettherapie | Kanker | Preventie | Neoplasms | Prevention & control | Cancer, nutritional aspects | Diet in disease | Macrobiotic diet, recipes",eng,https://covers.openlibrary.org/b/id/1167163-M.jpg,https://openlibrary.org/works/OL877286W,Open Library API,nutrition,,Nutrition,"Cancer | Diet therapy | Macrobiotic diet | al aspects | al aspects of Cancer | Prevention | Recipes | Coping with illness | Diets & dieting | Cancer, diet therapy | Cancer, prevention | Dieettherapie | Kanker | Preventie | Neoplasms | Prevention & control | Cancer, al aspects | Diet in disease | Macrobiotic diet, recipes","the cancer prevention diet cancer | diet therapy | macrobiotic diet | al aspects | al aspects of cancer | prevention | recipes | coping with illness | diets & dieting | cancer, diet therapy | cancer, prevention | dieettherapie | kanker | preventie | neoplasms | prevention & control | cancer, al aspects | diet in disease | macrobiotic diet, recipes",4
Foundations of EU Food Law and Policy,Alberto Alemanno | Simone Gabbi,,,2014.0,6.0,"Food law and legislation | Law, european union countries | European Food Safety Authority | International Agencies | Legislation as Topic | Food Safety",eng,,https://openlibrary.org/works/OL21246962W,Open Library API,food safety,,Food Safety,"Food law and legislation | Law, european union countries | European Authority | International Agencies | Legislation as Topic","foundations of eu food law and policy food law and legislation | law, european union countries | european authority | international agencies | legislation as topic",5
Captain Swing,Eric Hobsbawm | George Rudé | Marísa González de Oleaga | Jesús Izquierdo Martín | Ofelia Castillo | Saúl Martínez | Julián Casanova | Marísa González de Oleaga,4.0,1.0,1968.0,22.0,"Agricultural laborers | Agriculture | Economic aspects of Agriculture | England | History | Riots | Rural conditions | Social conditions | Conditions rurales | Economic aspects | Aspect économique | Travailleurs agricoles | Émeutes | Boerenbewegingen | Opstanden | Industriële revolutie | HISTORIA | Agricultural laborers, great britain | Riots, great britain | Agriculture, economic aspects, great britain | Great britain, rural conditions",spa | eng,https://covers.openlibrary.org/b/id/889093-M.jpg,https://openlibrary.org/works/OL495657W,Open Library API,agriculture,,Agriculture,"Agricultural laborers | | Economic aspects of | England | History | Riots | Rural conditions | Social conditions | Conditions rurales | Economic aspects | Aspect économique | Travailleurs agricoles | Émeutes | Boerenbewegingen | Opstanden | Industriële revolutie | HISTORIA | Agricultural laborers, great britain | Riots, great britain | , economic aspects, great britain | Great britain, rural conditions","captain swing agricultural laborers | | economic aspects of | england | history | riots | rural conditions | social conditions | conditions rurales | economic aspects | aspect économique | travailleurs agricoles | émeutes | boerenbewegingen | opstanden | industriële revolutie | historia | agricultural laborers, great britain | riots, great britain | , economic aspects, great britain | great britain, rural conditions",2
Principles and Applications of Fermentation Technology,Arindam Kuila | Vinay Sharma,,,2018.0,4.0,Fermentation | Biotechnology | Industrial microbiology,eng,,https://openlibrary.org/works/OL21622197W,Open Library API,fermentation,,Fermentation,Biotechnology | Industrial microbiology,principles and applications of fermentation technology biotechnology | industrial microbiology,0
Urban Food Planning,Rositsa T. Ilieva,,,2016.0,6.0,"Food supply | City planning, developing countries | Food security | City planning | Sécurité alimentaire | BUSINESS & ECONOMICS | Industries | General",eng,,https://openlibrary.org/works/OL21311292W,Open Library API,food business,,Food Business,"Food supply | City planning, developing countries | Food security | City planning | Sécurité alimentaire | BUSINESS & ECONOMICS | Industries | General","urban food planning food supply | city planning, developing countries | food security | city planning | sécurité alimentaire | business & economics | industries | general",1
English Bread and Yeast Cookery (Cookery Library),Elizabeth David,,,1977.0,9.0,"Bread | Cooking, english | Baking | English Cooking | History | Cooking (Bread) | Cooking",eng,https://covers.openlibrary.org/b/id/101219-M.jpg,https://openlibrary.org/works/OL727624W,Open Library API,baking,,Baking and Pastry,"Bread | Cooking, english | | English Cooking | History | Cooking (Bread) | Cooking","english bread and yeast cookery (cookery library) bread | cooking, english | | english cooking | history | cooking (bread) | cooking",3
Deep nutrition,Catherine Shanahan,,,2017.0,3.0,Nutrition | Popular works | Diet | Nutrition -- Popular works | Diet -- Popular works,eng,https://covers.openlibrary.org/b/id/13174891-M.jpg,https://openlibrary.org/works/OL20047522W,Open Library API,nutrition,,Nutrition,Popular works | Diet | -- Popular works | Diet -- Popular works,deep nutrition popular works | diet | -- popular works | diet -- popular works,4
Dietary Reference Intakes,Committee on Use of Dietary Reference Intakes in Nutrition Labeling,,,2004.0,3.0,"Nutrition | Fortified Food | HEALTH & FITNESS | Food | Labeling | Standards | Recommended Dietary Allowances | Etiquetage | Safety | Aliments | Food Labeling | Food, labeling | Étiquetage | MEDICAL",eng,https://covers.openlibrary.org/b/id/5404900-M.jpg,https://openlibrary.org/works/OL9390779W,Open Library API,food safety,,Food Safety,"Nutrition | Fortified Food | HEALTH & FITNESS | Food | Labeling | Standards | Recommended Dietary Allowances | Etiquetage | Safety | Aliments | Food Labeling | Food, labeling | Étiquetage | MEDICAL","dietary reference intakes nutrition | fortified food | health & fitness | food | labeling | standards | recommended dietary allowances | etiquetage | safety | aliments | food labeling | food, labeling | étiquetage | medical",4
Five acres and independence,Maurice Grenville Kains,4.0,3.0,1948.0,1.0,Farms | Agriculture | Self-sustainability | self-reliance,eng,https://covers.openlibrary.org/b/id/6499754-M.jpg,https://openlibrary.org/works/OL15139751W,Open Library API,agriculture,,Agriculture,Farms | | Self-sustainability | self-reliance,five acres and independence farms | | self-sustainability | self-reliance,2
Fermented Foods in Health and Disease Prevention,Juana ías | Cristina Martínez-Villaluenga | Elena Peñas,,,2016.0,3.0,Fermentation | Natural foods,eng,,https://openlibrary.org/works/OL25050095W,Open Library API,fermentation,,Fermentation,Natural foods,fermented foods in health and disease prevention natural foods,0
At your service,Culinary Institute of America. | John W. Fischer,,,2005.0,2.0,"Food service | Food & Drink / Cookery | Restaurant & pub guides | Business / Economics / Finance | Cooking | Customer Service | Industries - Hospitality, Travel & Tourism | Methods - Professional | Cooking / Professional | Dining rooms",eng,https://covers.openlibrary.org/b/id/522007-M.jpg,https://openlibrary.org/works/OL18861080W,Open Library API,food business,,Food Business,"Food service | Food & Drink / Cookery | Restaurant & pub guides | Business / Economics / Finance | Cooking | Customer Service | Industries - Hospitality, Travel & Tourism | Methods - Professional | Cooking / Professional | Dining rooms","at your service food service | food & drink / cookery | restaurant & pub guides | business / economics / finance | cooking | customer service | industries - hospitality, travel & tourism | methods - professional | cooking / professional | dining rooms",1
Vintage Cakes,Jane Brocket,,,2012.0,4.0,Cake | Baking,eng,https://covers.openlibrary.org/b/id/9069192-M.jpg,https://openlibrary.org/works/OL20401692W,Open Library API,baking,,Baking and Pastry,Cake,vintage cakes cake,3
Advisory Committee on the Microbiological Safety of Food,Dept.of Health,,,1993.0,8.0,"Food Contamination | Poultry | Microbiology | Poultry industry | Safety regulations | Escherichia coli infections | Pathophysiology | Verocytotoxins | Foodborne diseases | Environmental health and safety | Food technology, food microbiology and industry | Food, microbiology",eng,https://covers.openlibrary.org/b/id/11832030-M.jpg,https://openlibrary.org/works/OL7925418W,Open Library API,food safety,,Food Safety,"Food Contamination | Poultry | Microbiology | Poultry industry | Safety regulations | Escherichia coli infections | Pathophysiology | Verocytotoxins | Foodborne diseases | Environmental health and safety | Food technology, food microbiology and industry | Food, microbiology","advisory committee on the microbiological safety of food food contamination | poultry | microbiology | poultry industry | safety regulations | escherichia coli infections | pathophysiology | verocytotoxins | foodborne diseases | environmental health and safety | food technology, food microbiology and industry | food, microbiology",5
Outlines of Dairy Technology,Sukumar De,3.5,14.0,2002.0,2.0,dairy technology | food science | agriculture | food processing | milk processing | milk products | dairy industry | dairy chemistry | dairy microbiology | dairy engineering | dairy economics,eng,https://covers.openlibrary.org/b/id/14428234-M.jpg,https://openlibrary.org/works/OL9330438W,Open Library API,agriculture,,Agriculture,dairy technology | food science | | food processing | milk processing | milk products | dairy industry | dairy chemistry | dairy microbiology | dairy engineering | dairy economics,outlines of dairy technology dairy technology | food science | | food processing | milk processing | milk products | dairy industry | dairy chemistry | dairy microbiology | dairy engineering | dairy economics,1
Fed-Batch Fermentation,Garner G. Moulton,,,2014.0,3.0,Fermentation | Escherichia coli,eng,https://covers.openlibrary.org/b/id/13197028-M.jpg,https://openlibrary.org/works/OL21036977W,Open Library API,fermentation,,Fermentation,Escherichia coli,fed-batch fermentation escherichia coli,0
Internet of Things with Raspberry Pi and Arduino,Rajesh Singh | Anita Gehlot | Lovi Raj Gupta | Bhupendra Singh | Mahendra Swain,,,2019.0,6.0,Food waste | Food industry and trade | Food supply | Food security | BUSINESS & ECONOMICS / Development / Sustainable Development | NATURE / Ecology | Internet of things | Raspberry Pi (Computer) | Arduino (Programmable controller) | Internet des objets | Raspberry Pi (Ordinateur) | Arduino (Automate programmable) | Livres numériques | E-books | TECHNOLOGY | Electricity | Electronic books,eng,https://covers.openlibrary.org/b/id/12439952-M.jpg,https://openlibrary.org/works/OL25219498W,Open Library API,food business,,Food Business,Food waste | Food industry and trade | Food supply | Food security | BUSINESS & ECONOMICS / Development / Sustainable Development | NATURE / Ecology | Internet of things | Raspberry Pi (Computer) | Arduino (Programmable controller) | Internet des objets | Raspberry Pi (Ordinateur) | Arduino (Automate programmable) | Livres numériques | E-books | TECHNOLOGY | Electricity | Electronic books,internet of things with raspberry pi and arduino food waste | food industry and trade | food supply | food security | business & economics / development / sustainable development | nature / ecology | internet of things | raspberry pi (computer) | arduino (programmable controller) | internet des objets | raspberry pi (ordinateur) | arduino (automate programmable) | livres numériques | e-books | technology | electricity | electronic books,1
Cookie,Jacqueline Wilson,5.0,1.0,2009.0,4.0,"Fiction | Baking | Family problems | Teasing | Schools | Self-esteem | Juvenile Fiction | Children's fiction | Runaways, fiction | Fathers and daughters, fiction | Self-esteem, fiction | Family life, fiction | Schools, fiction | Baking, fiction",eng,https://covers.openlibrary.org/b/id/7144438-M.jpg,https://openlibrary.org/works/OL14911474W,Open Library API,baking,,Baking and Pastry,"Fiction | | Family problems | Teasing | Schools | Self-esteem | Juvenile Fiction | Children's fiction | Runaways, fiction | Fathers and daughters, fiction | Self-esteem, fiction | Family life, fiction | Schools, fiction | , fiction","cookie fiction | | family problems | teasing | schools | self-esteem | juvenile fiction | children's fiction | runaways, fiction | fathers and daughters, fiction | self-esteem, fiction | family life, fiction | schools, fiction | , fiction",2
Are you confused?,Paavo O. Airola,,,1971.0,6.0,Nutrition | Health | Diet | Santé | Naturopathy | Nutrition Physiology,eng,https://covers.openlibrary.org/b/id/4201018-M.jpg,https://openlibrary.org/works/OL127405W,Open Library API,nutrition,,Nutrition,Health | Diet | Santé | Naturopathy | Physiology,are you confused? health | diet | santé | naturopathy | physiology,4
The food safety handbook (level 2),Richard A. Sprenger,,,2007.0,1.0,Food handling | Food | Safety measures,eng,https://covers.openlibrary.org/b/id/10756092-M.jpg,https://openlibrary.org/works/OL24265565W,Open Library API,food safety,,Food Safety,Food handling | Food | Safety measures,the food safety handbook (level 2) food handling | food | safety measures,5
Scientific Farm Animal Production,Thomas Field | Robert Taylor - undifferentiated,,,2013.0,2.0,Livestock | Agriculture,eng,https://covers.openlibrary.org/b/id/10889066-M.jpg,https://openlibrary.org/works/OL24361640W,Open Library API,agriculture,,Agriculture,Livestock,scientific farm animal production livestock,2
Handbook of dough fermentations,Karel Kulp,,,2003.0,7.0,Cookery (Sourdough) | Fermentation | Bread | Sourdough bread | Cooking (Sourdough) | Food industry and trade,eng,https://covers.openlibrary.org/b/id/6463604-M.jpg,https://openlibrary.org/works/OL18541737W,Open Library API,fermentation,,Fermentation,Cookery (Sourdough) | | Bread | Sourdough bread | Cooking (Sourdough) | Food industry and trade,handbook of dough fermentations cookery (sourdough) | | bread | sourdough bread | cooking (sourdough) | food industry and trade,1
Changing the Food Game,Lucas Simons,,,2014.0,12.0,Sustainable agriculture | Food industry and trade | Voedingsgewoonten | Voedselproductie | Duurzame landbouw | Marketing | Levensmiddelenindustrie | Agriculture durable | BUSINESS & ECONOMICS | Business Ethics | Motivational | Industries | General,eng,https://covers.openlibrary.org/b/id/12399603-M.jpg,https://openlibrary.org/works/OL21092210W,Open Library API,food business,,Food Business,Sustainable agriculture | Food industry and trade | Voedingsgewoonten | Voedselproductie | Duurzame landbouw | Marketing | Levensmiddelenindustrie | Agriculture durable | BUSINESS & ECONOMICS | Business Ethics | Motivational | Industries | General,changing the food game sustainable agriculture | food industry and trade | voedingsgewoonten | voedselproductie | duurzame landbouw | marketing | levensmiddelenindustrie | agriculture durable | business & economics | business ethics | motivational | industries | general,1
Betty Crocker baking basics,Betty Crocker,,,2008.0,2.0,Baking,eng,https://covers.openlibrary.org/b/id/12889898-M.jpg,https://openlibrary.org/works/OL15030432W,Open Library API,baking,,Baking and Pastry,,betty crocker baking basics,3
Hot point fitness,Steve Zim,5.0,2.0,2001.0,1.0,Nutrition | Physical fitness | Exercise,eng,https://covers.openlibrary.org/b/id/6628493-M.jpg,https://openlibrary.org/works/OL5827746W,Open Library API,nutrition,,Nutrition,Physical fitness | Exercise,hot point fitness physical fitness | exercise,4
Food safety issues in the 106th Congress,Donna U. Vogt,,,1999.0,4.0,Food | Food law and legislation | Safety measures,eng,,https://openlibrary.org/works/OL6223941W,Open Library API,food safety,,Food Safety,Food | Food law and legislation | Safety measures,food safety issues in the 106th congress food | food law and legislation | safety measures,5
Agroecology,Stephen R. Gliessman,,,1990.0,17.0,Sustainable agriculture | Agricultural ecology | Research | Agricultural systems | TECHNOLOGY & ENGINEERING | Agriculture | Agronomy | Crop Science | General,eng,https://covers.openlibrary.org/b/id/13031705-M.jpg,https://openlibrary.org/works/OL18246534W,Open Library API,agriculture,,Agriculture,Sustainable | Agricultural ecology | Research | Agricultural systems | TECHNOLOGY & ENGINEERING | | Agronomy | Crop Science | General,agroecology sustainable | agricultural ecology | research | agricultural systems | technology & engineering | | agronomy | crop science | general,2
Bacterial Starter Cultures for Food,Stanley E. Gilliland,,,2017.0,5.0,Food additives | Fermentation | Bacterial starter cultures | Fermented foods | Ferments bactériens | Aliments fermentés | Aliments | Additifs | TECHNOLOGY & ENGINEERING | Food Science,eng,,https://openlibrary.org/works/OL21353342W,Open Library API,fermentation,,Fermentation,Food additives | | Bacterial starter cultures | Fermented foods | Ferments bactériens | Aliments fermentés | Aliments | Additifs | TECHNOLOGY & ENGINEERING | Food Science,bacterial starter cultures for food food additives | | bacterial starter cultures | fermented foods | ferments bactériens | aliments fermentés | aliments | additifs | technology & engineering | food science,0
The fight for food,Harold E. Croxall,,,1984.0,7.0,Agricultural productivity | Food crops | Food supply | Agriculture | Productivité | Cultures vivrières | BUSINESS & ECONOMICS | General,eng,https://covers.openlibrary.org/b/id/8366681-M.jpg,https://openlibrary.org/works/OL5356828W,Open Library API,food business,,Food Business,Agricultural productivity | Food crops | Food supply | Agriculture | Productivité | Cultures vivrières | BUSINESS & ECONOMICS | General,the fight for food agricultural productivity | food crops | food supply | agriculture | productivité | cultures vivrières | business & economics | general,1
"Great Coffee Cakes, Sticky Buns, Muffins & More",Carole Walter,5.0,1.0,2007.0,3.0,Coffee cakes | Baking,eng,https://covers.openlibrary.org/b/id/1165145-M.jpg,https://openlibrary.org/works/OL2699233W,Open Library API,baking,,Baking and Pastry,Coffee cakes,"great coffee cakes, sticky buns, muffins & more coffee cakes",3
Caribbean Food and Nutrition for CSEC 2nd Edition,Anita Tull | Antonia Coward,,,2016.0,1.0,"Nutrition, study and teaching",eng,,https://openlibrary.org/works/OL21303236W,Open Library API,nutrition,,Nutrition,", study and teaching","caribbean food and nutrition for csec 2nd edition , study and teaching",4
Food safety issues in the 107th Congress,Donna U. Vogt,,,2001.0,4.0,Food | Food law and legislation | Safety measures,eng,,https://openlibrary.org/works/OL6223942W,Open Library API,food safety,,Food Safety,Food | Food law and legislation | Safety measures,food safety issues in the 107th congress food | food law and legislation | safety measures,5
The Living Soil Handbook,Jesse Frost,,,2021.0,2.0,Agriculture,eng,https://covers.openlibrary.org/b/id/11521960-M.jpg,https://openlibrary.org/works/OL24769298W,Open Library API,agriculture,,Agriculture,,the living soil handbook,4
Weck small-batch preserving,Stephanie Thurow,,,2018.0,2.0,Canning and preserving | Fruit | Pickled foods | Fermentation | Vegetables | Fermented foods | Preservation,eng,,https://openlibrary.org/works/OL19763707W,Open Library API,fermentation,,Fermentation,Canning and preserving | Fruit | Pickled foods | | Vegetables | Fermented foods | Preservation,weck small-batch preserving canning and preserving | fruit | pickled foods | | vegetables | fermented foods | preservation,0
From scratch,Allen Salkin,,,2013.0,1.0,"PERFORMING ARTS | SOCIAL SCIENCE | Television cooking shows | Food | Food habits | Food Network (Firm) | Television | American Cooking | General | Social aspects | Biography | Popular Culture | BUSINESS & ECONOMICS | History | SOCIAL SCIENCE / Popular Culture | PERFORMING ARTS / Television / General | BUSINESS & ECONOMICS / General | Food, history | Television broadcasting, united states",eng,https://covers.openlibrary.org/b/id/8203723-M.jpg,https://openlibrary.org/works/OL17890955W,Open Library API,food business,,Food Business,"PERFORMING ARTS | SOCIAL SCIENCE | Television cooking shows | Food | Food habits | Food Network (Firm) | Television | American Cooking | General | Social aspects | Biography | Popular Culture | BUSINESS & ECONOMICS | History | SOCIAL SCIENCE / Popular Culture | PERFORMING ARTS / Television / General | BUSINESS & ECONOMICS / General | Food, history | Television broadcasting, united states","from scratch performing arts | social science | television cooking shows | food | food habits | food network (firm) | television | american cooking | general | social aspects | biography | popular culture | business & economics | history | social science / popular culture | performing arts / television / general | business & economics / general | food, history | television broadcasting, united states",1
Baking chez moi,Dorie Greenspan,,,2014.0,2.0,"Desserts | French Cooking | Baking | Cooking, french | COOKING / Regional & Ethnic / French | COOKING / Methods / Baking",eng,https://covers.openlibrary.org/b/id/10649109-M.jpg,https://openlibrary.org/works/OL19986623W,Open Library API,baking,,Baking and Pastry,"Desserts | French Cooking | | Cooking, french | COOKING / Regional & Ethnic / French | COOKING / Methods /","baking chez moi desserts | french cooking | | cooking, french | cooking / regional & ethnic / french | cooking / methods /",3
Vitamin bible,Earl Mindell | Time Warner Electronic Publishing,4.5,2.0,1979.0,22.0,Health | Physiological effect | Vitamins | Vitamins in human nutrition | Vitamin therapy | Preventive nutrition | Nutrient requirements | Disease prevention | Nutrient-drug interactions | Therapeutic nutrition | Supplements (Nutrient) | Popular works,eng,https://covers.openlibrary.org/b/id/9712339-M.jpg,https://openlibrary.org/works/OL1867260W,Open Library API,nutrition,,Nutrition,Health | Physiological effect | Vitamins | Vitamins in human | Vitamin therapy | Preventive | Nutrient requirements | Disease prevention | Nutrient-drug interactions | Therapeutic | Supplements (Nutrient) | Popular works,vitamin bible health | physiological effect | vitamins | vitamins in human | vitamin therapy | preventive | nutrient requirements | disease prevention | nutrient-drug interactions | therapeutic | supplements (nutrient) | popular works,4
Food Hygiene for Scottish Qualifications,Alistair MacGregor,,,2006.0,1.0,Food | Safety measures,,https://covers.openlibrary.org/b/id/12153623-M.jpg,https://openlibrary.org/works/OL9465798W,Open Library API,food safety,,Food Safety,Food | Safety measures,food hygiene for scottish qualifications food | safety measures,5
Agribusiness Management,Freddie L. Barnard | Elizabeth A. Yeager | John Foltz,,,2012.0,11.0,"Agricultural industries | Agriculture, economic aspects",eng,https://covers.openlibrary.org/b/id/13884682-M.jpg,https://openlibrary.org/works/OL21574766W,Open Library API,agriculture,,Agriculture,"Agricultural industries | , economic aspects","agribusiness management agricultural industries | , economic aspects",2
Principles of fermentation technology,Peter F. Stanbury,,,1984.0,8.0,"Fermentation | Food science | Chemical & biochemical | Professional, career & trade -> food technology -> food science | Professional, career & trade -> engineering -> chemical engineering | 034 | 308 | L0140401670 | 030 | 660.28449",eng,https://covers.openlibrary.org/b/id/3884039-M.jpg,https://openlibrary.org/works/OL3507385W,Open Library API,fermentation,,Fermentation,"Food science | Chemical & biochemical | Professional, career & trade -> food technology -> food science | Professional, career & trade -> engineering -> chemical engineering | 034 | 308 | L0140401670 | 030 | 660.28449","principles of fermentation technology food science | chemical & biochemical | professional, career & trade -> food technology -> food science | professional, career & trade -> engineering -> chemical engineering | 034 | 308 | l0140401670 | 030 | 660.28449",1
Small batch,Suzanne Cope,4.0,1.0,2014.0,3.0,"Cottage industries | Food industry and trade | Small business | Small business, united states",eng,https://covers.openlibrary.org/b/id/12988958-M.jpg,https://openlibrary.org/works/OL19992680W,Open Library API,food business,,Food Business,"Cottage industries | Food industry and trade | Small business | Small business, united states","small batch cottage industries | food industry and trade | small business | small business, united states",1
Baking,Jacqueline Bellafontaine,,,2011.0,1.0,Cookbooks | Baking,eng,https://covers.openlibrary.org/b/id/10314822-M.jpg,https://openlibrary.org/works/OL20976838W,Open Library API,baking,,Baking and Pastry,Cookbooks,baking cookbooks,3
Nutrition for healthy living,Wendy Schiff,,,2009.0,6.0,Textbooks | Human nutrition | Nutrition,eng,https://covers.openlibrary.org/b/id/8701272-M.jpg,https://openlibrary.org/works/OL18347892W,Open Library API,nutrition,,Nutrition,Textbooks | Human,nutrition for healthy living textbooks | human,4
Disaster and Emergency Preparedness in Foodservice Operations,Ruby P. Puckett,,,2003.0,1.0,Food service | Safety measures | Disaster Planning | Food | Decontamination | Safety,eng,https://covers.openlibrary.org/b/id/13644669-M.jpg,https://openlibrary.org/works/OL3690650W,Open Library API,food safety,,Food Safety,Food service | Safety measures | Disaster Planning | Food | Decontamination | Safety,disaster and emergency preparedness in foodservice operations food service | safety measures | disaster planning | food | decontamination | safety,5
Aeroponics,Thomas W. Gurley,,,2020.0,6.0,Agriculture,eng,,https://openlibrary.org/works/OL20751871W,Open Library API,agriculture,,Agriculture,,aeroponics,1
Himalayan fermented foods,Jyoti Prakash Tamang,,,2009.0,5.0,"Fermented foods | Food Microbiology | Fermentation | Food, microbiology | Nutrition",eng,https://covers.openlibrary.org/b/id/9549373-M.jpg,https://openlibrary.org/works/OL16984070W,Open Library API,fermentation,,Fermentation,"Fermented foods | Food Microbiology | | Food, microbiology | Nutrition","himalayan fermented foods fermented foods | food microbiology | | food, microbiology | nutrition",0
Hershey,Michael D'Antonio,2.0,1.0,2006.0,3.0,"Biography | Businesspeople | Chocolate industry | Hershey Chocolate Corporation | History | Businessmen | BIOGRAPHY & AUTOBIOGRAPHY / Business | BIOGRAPHY & AUTOBIOGRAPHY / Historical | BIOGRAPHY & AUTOBIOGRAPHY / Rich & Famous | Schokoladenindustrie | Hershey's Foods Corporation | Businesspeople, biography | Hershey foods corporation | Hershey, milton snavely, 1857-1945 | Businesspersons & entrepreneurs - biography | Business biography - specific individuals",eng,https://covers.openlibrary.org/b/id/474396-M.jpg,https://openlibrary.org/works/OL3913267W,Open Library API,food business,,Food Business,"Biography | Businesspeople | Chocolate industry | Hershey Chocolate Corporation | History | Businessmen | BIOGRAPHY & AUTOBIOGRAPHY / Business | BIOGRAPHY & AUTOBIOGRAPHY / Historical | BIOGRAPHY & AUTOBIOGRAPHY / Rich & Famous | Schokoladenindustrie | Hershey's Foods Corporation | Businesspeople, biography | Hershey foods corporation | Hershey, milton snavely, 1857-1945 | Businesspersons & entrepreneurs - biography | Business biography - specific individuals","hershey biography | businesspeople | chocolate industry | hershey chocolate corporation | history | businessmen | biography & autobiography / business | biography & autobiography / historical | biography & autobiography / rich & famous | schokoladenindustrie | hershey's foods corporation | businesspeople, biography | hershey foods corporation | hershey, milton snavely, 1857-1945 | businesspersons & entrepreneurs - biography | business biography - specific individuals",1
The Great British Bake Off How To Bake The Perfect Victoria Sponge And Other Baking Secrets,Paul Hollywood,,,2011.0,1.0,Great British bake off | Baking,,https://covers.openlibrary.org/b/id/7689609-M.jpg,https://openlibrary.org/works/OL17493904W,Open Library API,baking,,Baking and Pastry,Great British bake off,the great british bake off how to bake the perfect victoria sponge and other baking secrets great british bake off,3
Gut and psychology syndrome,Natasha Campbell-McBride,4.0,1.0,2004.0,1.0,Mental health | Nutritional aspects of Mental illness | Nutritional aspects | Mental illness | Diet therapy | Nutritional aspects of Mental health,eng,https://covers.openlibrary.org/b/id/9962105-M.jpg,https://openlibrary.org/works/OL11745248W,Open Library API,nutrition,,Nutrition,Mental health | al aspects of Mental illness | al aspects | Mental illness | Diet therapy | al aspects of Mental health,gut and psychology syndrome mental health | al aspects of mental illness | al aspects | mental illness | diet therapy | al aspects of mental health,4
The produce contamination problem,Karl R. Matthews,,,2009.0,6.0,"Safety measures | Fruit | Food contamination | Microbial contamination | Vegetables | Produce trade | Microbiology | Pollution | Pollutants | Foodborne diseases | Food, microbiology | Prevention | Food | Food Microbiology | Food Industry | Standards | Food Safety | Methods | Farm produce | Food adulteration and inspection | Food Contamination | Aliments | Contamination | Produits agricoles | HEALTH & FITNESS | Safety",eng,https://covers.openlibrary.org/b/id/9547498-M.jpg,https://openlibrary.org/works/OL16959192W,Open Library API,food safety,,Food Safety,"Safety measures | Fruit | Food contamination | Microbial contamination | Vegetables | Produce trade | Microbiology | Pollution | Pollutants | Foodborne diseases | Food, microbiology | Prevention | Food | Food Microbiology | Food Industry | Standards | | Methods | Farm produce | Food adulteration and inspection | Food Contamination | Aliments | Contamination | Produits agricoles | HEALTH & FITNESS | Safety","the produce contamination problem safety measures | fruit | food contamination | microbial contamination | vegetables | produce trade | microbiology | pollution | pollutants | foodborne diseases | food, microbiology | prevention | food | food microbiology | food industry | standards | | methods | farm produce | food adulteration and inspection | food contamination | aliments | contamination | produits agricoles | health & fitness | safety",5
Agribisnis,Bungaran Saragih,,,2010.0,1.0,Agricultural industries | Agriculture,ind,,https://openlibrary.org/works/OL15477791W,Open Library API,agriculture,,Agriculture,Agricultural industries,agribisnis agricultural industries,2
The everyday fermentation handbook,Branden Byers,,,2014.0,2.0,Fermented foods | Cooking (Fermented foods) | Cooking | Food,eng,,https://openlibrary.org/works/OL19983174W,Open Library API,fermentation,,Fermentation,Fermented foods | Cooking (Fermented foods) | Cooking | Food,the everyday fermentation handbook fermented foods | cooking (fermented foods) | cooking | food,0
The sports event management and marketing playbook,Frank Supovitz | Joe Goldblatt,,,2004.0,9.0,"Economic aspects of Sports | Handbooks, manuals | Marketing | Sports | Sports administration | Food & Drink / Cookery | Business & Economics | Business / Economics / Finance | Business/Economics | Industries - Hospitality, Travel & Tourism | Management - General | Reference | Business & Economics / Hospitality, Travel & Tourism | Economic aspects | Handbooks, manuals, etc | Management | Sport | Evenementen | Sports, marketing | Sports, economic aspects | Professional sports | Guides, manuels | Gestion | Aspect économique | Aspect economique",eng,https://covers.openlibrary.org/b/id/1247292-M.jpg,https://openlibrary.org/works/OL9261475W,Open Library API,food business,,Food Business,"Economic aspects of Sports | Handbooks, manuals | Marketing | Sports | Sports administration | Food & Drink / Cookery | Business & Economics | Business / Economics / Finance | Business/Economics | Industries - Hospitality, Travel & Tourism | Management - General | Reference | Business & Economics / Hospitality, Travel & Tourism | Economic aspects | Handbooks, manuals, etc | Management | Sport | Evenementen | Sports, marketing | Sports, economic aspects | Professional sports | Guides, manuels | Gestion | Aspect économique | Aspect economique","the sports event management and marketing playbook economic aspects of sports | handbooks, manuals | marketing | sports | sports administration | food & drink / cookery | business & economics | business / economics / finance | business/economics | industries - hospitality, travel & tourism | management - general | reference | business & economics / hospitality, travel & tourism | economic aspects | handbooks, manuals, etc | management | sport | evenementen | sports, marketing | sports, economic aspects | professional sports | guides, manuels | gestion | aspect économique | aspect economique",1
Bake,Alison Thompson,5.0,1.0,2011.0,1.0,Desserts | Baking,eng,https://covers.openlibrary.org/b/id/8375255-M.jpg,https://openlibrary.org/works/OL17926875W,Open Library API,baking,,Baking and Pastry,Desserts,bake desserts,3
Real Food for Pregnancy,Lily Nichols,,,2018.0,1.0,Nutrition | Health | Pregnancy | Nutritional aspects | Pregnant women | Health and hygiene | Food | Prenatal care | Prenatal Nutritional Physiological Phenomena | Nutrition Therapy,eng,https://covers.openlibrary.org/b/id/8831013-M.jpg,https://openlibrary.org/works/OL20183059W,Open Library API,nutrition,,Nutrition,Health | Pregnancy | al aspects | Pregnant women | Health and hygiene | Food | Prenatal care | Prenatal al Physiological Phenomena | Therapy,real food for pregnancy health | pregnancy | al aspects | pregnant women | health and hygiene | food | prenatal care | prenatal al physiological phenomena | therapy,4
Supervising food safety (level 3),Richard A. Sprenger,,,2008.0,2.0,Food handling | Food | Safety measures | Study and teaching,eng,https://covers.openlibrary.org/b/id/12700117-M.jpg,https://openlibrary.org/works/OL27705492W,Open Library API,food safety,,Food Safety,Food handling | Food | Safety measures | Study and teaching,supervising food safety (level 3) food handling | food | safety measures | study and teaching,5
Pertanian,Soleh Solahuddin,,,2009.0,1.0,Agriculture and state | Agriculture,ind,,https://openlibrary.org/works/OL15599194W,Open Library API,agriculture,,Agriculture,and state,pertanian and state,2
Letters on natural magic,Sir David Brewster,,,1883.0,1.0,Scientific recreations | Fermentation,eng,https://covers.openlibrary.org/b/id/7949231-M.jpg,https://openlibrary.org/works/OL15608067W,Open Library API,fermentation,,Fermentation,Scientific recreations,letters on natural magic scientific recreations,0
Theory of Hospitality and Catering,David Foskett | Patricia Paskins | Andrew Pennington | Neil Rippington,,,2011.0,3.0,Hospitality industry | Caterers and catering | Food service management | BUSINESS & ECONOMICS | Small Business | Travel and Tourism,eng,https://covers.openlibrary.org/b/id/12694851-M.jpg,https://openlibrary.org/works/OL21126267W,Open Library API,food business,,Food Business,Hospitality industry | Caterers and catering | Food service management | BUSINESS & ECONOMICS | Small Business | Travel and Tourism,theory of hospitality and catering hospitality industry | caterers and catering | food service management | business & economics | small business | travel and tourism,1
Cookie and cracker technology,Samuel A. Matz,5.0,1.0,1968.0,5.0,Biscuits | Cookies | Baking | Baked products | Food industry and trade | Cookie industry,eng,https://covers.openlibrary.org/b/id/1231106-M.jpg,https://openlibrary.org/works/OL2470691W,Open Library API,baking,,Baking and Pastry,Biscuits | Cookies | | Baked products | Food industry and trade | Cookie industry,cookie and cracker technology biscuits | cookies | | baked products | food industry and trade | cookie industry,1
Introduction to Nutrition and Metabolism,David A. Bender,,,1997.0,13.0,Nutrition | Nutrition Physiology | Metabolism | Physiology,eng,https://covers.openlibrary.org/b/id/1806223-M.jpg,https://openlibrary.org/works/OL3259749W,Open Library API,nutrition,,Nutrition,Physiology | Metabolism | Physiology,introduction to nutrition and metabolism physiology | metabolism | physiology,4
Food safety,Dana Meachen Rau,,,2009.0,2.0,"Food | Safety measures | Juvenile literature | Food, juvenile literature",eng,https://covers.openlibrary.org/b/id/10229492-M.jpg,https://openlibrary.org/works/OL14859835W,Open Library API,food safety,,Food Safety,"Food | Safety measures | Juvenile literature | Food, juvenile literature","food safety food | safety measures | juvenile literature | food, juvenile literature",5
Ferment for Good,Sharon Flynn,,,2017.0,1.0,Fermentation | Natural foods,eng,,https://openlibrary.org/works/OL21139741W,Open Library API,fermentation,,Fermentation,Natural foods,ferment for good natural foods,0
Shopped,Joanna Blythman,,,2004.0,7.0,"Food | Product management | Supermarkten | Quality | Food industry and trade | Supermarkets | Business enterprises, great britain",eng,https://covers.openlibrary.org/b/id/11335-M.jpg,https://openlibrary.org/works/OL263861W,Open Library API,food business,,Food Business,"Food | Product management | Supermarkten | Quality | Food industry and trade | Supermarkets | Business enterprises, great britain","shopped food | product management | supermarkten | quality | food industry and trade | supermarkets | business enterprises, great britain",1
Nestle Toll House Recipe Collection,Nestle,,,1988.0,3.0,Cake | Desserts | Cookies | Cooking (Chocolate) | Baking,eng,https://covers.openlibrary.org/b/id/6946450-M.jpg,https://openlibrary.org/works/OL8301951W,Open Library API,baking,,Baking and Pastry,Cake | Desserts | Cookies | Cooking (Chocolate),nestle toll house recipe collection cake | desserts | cookies | cooking (chocolate),3
Nutrition and You,Joan Salge Blake,,,2007.0,15.0,Nutrition,eng,https://covers.openlibrary.org/b/id/13241440-M.jpg,https://openlibrary.org/works/OL25615214W,Open Library API,nutrition,,Nutrition,,nutrition and you,4
Genetically Engineered Crops,"Committee on Genetically Engineered Crops: Past Experience and Future Prospects | Board on Agriculture and Natural Resources | Division on Earth and Life Studies | National Academies of Sciences, Engineering, and Medicine",,,2016.0,4.0,Transgenic plants | Crops | Genetic engineering | History | Environmental aspects | Health aspects | Safety measures | Genetically modified foods | Crop zones | Genetically Modified Food | Genetically Modified Plants | Agricultural Crops | Food Safety | Plantes transgéniques | Histoire | Aspect de l'environnement | Sécurité | Mesures | Cultures | Génie génétique | Aliments transgéniques | Zones de cultures | TECHNOLOGY & ENGINEERING | Agriculture | General,eng,https://covers.openlibrary.org/b/id/12946467-M.jpg,https://openlibrary.org/works/OL21594961W,Open Library API,food safety,,Food Safety,Transgenic plants | Crops | Genetic engineering | History | Environmental aspects | Health aspects | Safety measures | Genetically modified foods | Crop zones | Genetically Modified Food | Genetically Modified Plants | Agricultural Crops | | Plantes transgéniques | Histoire | Aspect de l'environnement | Sécurité | Mesures | Cultures | Génie génétique | Aliments transgéniques | Zones de cultures | TECHNOLOGY & ENGINEERING | Agriculture | General,genetically engineered crops transgenic plants | crops | genetic engineering | history | environmental aspects | health aspects | safety measures | genetically modified foods | crop zones | genetically modified food | genetically modified plants | agricultural crops | | plantes transgéniques | histoire | aspect de l'environnement | sécurité | mesures | cultures | génie génétique | aliments transgéniques | zones de cultures | technology & engineering | agriculture | general,2
Agricultural economics and agribusiness,Gail L. Cramer,,,1979.0,11.0,"Agricultural industries | Agriculture | Economic aspects | Economic aspects of Agriculture | Agriculture, economic aspects, united states | Agriculture, economic aspects",eng,https://covers.openlibrary.org/b/id/1242773-M.jpg,https://openlibrary.org/works/OL3286828W,Open Library API,agriculture,,Agriculture,"Agricultural industries | | Economic aspects | Economic aspects of | , economic aspects, united states | , economic aspects","agricultural economics and agribusiness agricultural industries | | economic aspects | economic aspects of | , economic aspects, united states | , economic aspects",2
Studies on fermentation,Louis Pasteur,,,1879.0,4.0,Beer | Fermentation,eng,https://covers.openlibrary.org/b/id/5965276-M.jpg,https://openlibrary.org/works/OL3037536W,Open Library API,fermentation,,Fermentation,Beer,studies on fermentation beer,0
Refashioning nature,"Goodman, David | David Goodman | Michael Redclift | M. R. Redclift",,,1991.0,11.0,"Agricultural innovations | Agriculture | Environmental aspects | Environmental aspects of Agriculture | Food additives | Food habits | Food industry and trade | Food supply | Health aspects | Health aspects of Food additives | Technological innovations | Agriculture, environmental aspects | Feeding Behavior | Innovations | Habitudes alimentaires | Aspect de l'environnement | SOCIAL SCIENCE | General | BUSINESS & ECONOMICS | Infrastructure",eng,https://covers.openlibrary.org/b/id/1203394-M.jpg,https://openlibrary.org/works/OL4459703W,Open Library API,food business,,Food Business,"Agricultural innovations | Agriculture | Environmental aspects | Environmental aspects of Agriculture | Food additives | Food habits | Food industry and trade | Food supply | Health aspects | Health aspects of Food additives | Technological innovations | Agriculture, environmental aspects | Feeding Behavior | Innovations | Habitudes alimentaires | Aspect de l'environnement | SOCIAL SCIENCE | General | BUSINESS & ECONOMICS | Infrastructure","refashioning nature agricultural innovations | agriculture | environmental aspects | environmental aspects of agriculture | food additives | food habits | food industry and trade | food supply | health aspects | health aspects of food additives | technological innovations | agriculture, environmental aspects | feeding behavior | innovations | habitudes alimentaires | aspect de l'environnement | social science | general | business & economics | infrastructure",1
One more slice,Leila Lindholm,,,2011.0,4.0,Baking,eng,https://covers.openlibrary.org/b/id/12627110-M.jpg,https://openlibrary.org/works/OL20040113W,Open Library API,baking,,Baking and Pastry,,one more slice,1
Textbook of community nutrition,Indian Council of Agricultural Research. Directorate of Information and Publications on Agriculture,5.0,1.0,2007.0,1.0,Textbooks | Nutrition | Nutrition policy | Nutritional Status | Malnutrition | Nutritional Physiological Phenomena,eng,,https://openlibrary.org/works/OL18658262W,Open Library API,nutrition,,Nutrition,Textbooks | | policy | al Status | Mal | al Physiological Phenomena,textbook of community nutrition textbooks | | policy | al status | mal | al physiological phenomena,4
HACCP and ISO 22000,Ioannis S. Arvanitoyannis,,,2009.0,4.0,Hazard Analysis and Critical Control Point (Food safety system) | Food of animal origin | Contamination | Animal products,eng,https://covers.openlibrary.org/b/id/8656486-M.jpg,https://openlibrary.org/works/OL18345140W,Open Library API,food safety,,Food Safety,Hazard Analysis and Critical Control Point ( system) | Food of animal origin | Contamination | Animal products,haccp and iso 22000 hazard analysis and critical control point ( system) | food of animal origin | contamination | animal products,5
Engineering principles of agricultural machines,Ajit K. Srivastava,2.0,1.0,1993.0,2.0,Agricultural engineering | Agricultural machinery | Design and construction | Agricultural & food processing machinery,eng,https://covers.openlibrary.org/b/id/7154792-M.jpg,https://openlibrary.org/works/OL4327342W,Open Library API,agriculture,,Agriculture,Agricultural engineering | Agricultural machinery | Design and construction | Agricultural & food processing machinery,engineering principles of agricultural machines agricultural engineering | agricultural machinery | design and construction | agricultural & food processing machinery,2
Practical management of pure yeast,Alfred Jörgensen,,,1903.0,4.0,Fermentation | Yeast,eng,https://covers.openlibrary.org/b/id/5740801-M.jpg,https://openlibrary.org/works/OL6973424W,Open Library API,fermentation,,Fermentation,Yeast,practical management of pure yeast yeast,1
Causes of Supply Chain Disruptions,Verena Brenner,,,2015.0,2.0,"Business logistics | Food, marketing | Drugs, marketing",eng,https://covers.openlibrary.org/b/id/9349148-M.jpg,https://openlibrary.org/works/OL20678367W,Open Library API,food business,,Food Business,"Business logistics | Food, marketing | Drugs, marketing","causes of supply chain disruptions business logistics | food, marketing | drugs, marketing",1
The King Arthur Flour baker's companion,King Arthur Flour (Firm),,,2003.0,1.0,Baking,eng,https://covers.openlibrary.org/b/id/12627836-M.jpg,https://openlibrary.org/works/OL18438549W,Open Library API,baking,,Baking and Pastry,,the king arthur flour baker's companion,3
Principles of nutritional assessment,Rosalind S. Gibson,5.0,1.0,1990.0,2.0,Evaluation | Nutrition | Nutrition and dietetics | Nutrition Assessment | Nutritional Status | Nutritional Physiological Phenomena | Food | Eating | Appetite Regulation | Starvation | Nutrition--evaluation | Rc621 .g52 2005 | 2005 g-827 | Qu 145 g449p 2005 | 613.2,eng,https://covers.openlibrary.org/b/id/1124375-M.jpg,https://openlibrary.org/works/OL3900613W,Open Library API,nutrition,,Nutrition,Evaluation | | and dietetics | Assessment | al Status | al Physiological Phenomena | Food | Eating | Appetite Regulation | Starvation | --evaluation | Rc621 .g52 2005 | 2005 g-827 | Qu 145 g449p 2005 | 613.2,principles of nutritional assessment evaluation | | and dietetics | assessment | al status | al physiological phenomena | food | eating | appetite regulation | starvation | --evaluation | rc621 .g52 2005 | 2005 g-827 | qu 145 g449p 2005 | 613.2,4
Food labeling,Institute of Medicine (U.S.). Committee on State Food Labeling. | Committee on State Food Labeling | Institute of Medicine,,,1992.0,3.0,"Food | Labeling | Law and legislation | Biotechnology | Food & Drink / Cookery | Food & beverage technology | Food Biotechnology | Diet / Health / Fitness | Politics/International Relations | Administrative Law & Regulatory Practice | Nutrition | Safety | Dietetics & nutrition | Technology / Food Industry & Science | States | United States | HEALTH & FITNESS | Legislation & jurisprudence | Food Labeling | Food law and legislation | Food, labeling | Food Legislation",eng,https://covers.openlibrary.org/b/id/2361364-M.jpg,https://openlibrary.org/works/OL4322939W,Open Library API,food safety,,Food Safety,"Food | Labeling | Law and legislation | Biotechnology | Food & Drink / Cookery | Food & beverage technology | Food Biotechnology | Diet / Health / Fitness | Politics/International Relations | Administrative Law & Regulatory Practice | Nutrition | Safety | Dietetics & nutrition | Technology / Food Industry & Science | States | United States | HEALTH & FITNESS | Legislation & jurisprudence | Food Labeling | Food law and legislation | Food, labeling | Food Legislation","food labeling food | labeling | law and legislation | biotechnology | food & drink / cookery | food & beverage technology | food biotechnology | diet / health / fitness | politics/international relations | administrative law & regulatory practice | nutrition | safety | dietetics & nutrition | technology / food industry & science | states | united states | health & fitness | legislation & jurisprudence | food labeling | food law and legislation | food, labeling | food legislation",4
Getting agriculture moving,Arthur Theodore Mosher,,,1966.0,1.0,Agriculture and state | Agricultural development,eng,https://covers.openlibrary.org/b/id/8081547-M.jpg,https://openlibrary.org/works/OL6141964W,Open Library API,agriculture,,Agriculture,and state | Agricultural development,getting agriculture moving and state | agricultural development,2
Trends in Food Safety and Protection,Rai V. Ravishankar | Jamuna Bai Aswathanarayan | Jamuna A. Bai,,,2017.0,5.0,"Food, preservation | Food | Safety measures | Food industry and trade | Food contamination | Prevention | BUSINESS & ECONOMICS | Infrastructure | SOCIAL SCIENCE | General | TECHNOLOGY | Food Science",eng,,https://openlibrary.org/works/OL21325510W,Open Library API,food business,,Food Business,"Food, preservation | Food | Safety measures | Food industry and trade | Food contamination | Prevention | BUSINESS & ECONOMICS | Infrastructure | SOCIAL SCIENCE | General | TECHNOLOGY | Food Science","trends in food safety and protection food, preservation | food | safety measures | food industry and trade | food contamination | prevention | business & economics | infrastructure | social science | general | technology | food science",5
The King Arthur Flour 200th anniversary cookbook,Brinna B. Sands,,,1992.0,1.0,Baking,eng,https://covers.openlibrary.org/b/id/678409-M.jpg,https://openlibrary.org/works/OL4289743W,Open Library API,baking,,Baking and Pastry,,the king arthur flour 200th anniversary cookbook,3
Nutrition,Lori A. Smolin | Mary B. Grosvenor,,,2004.0,33.0,Nutrition,eng,https://covers.openlibrary.org/b/id/13262791-M.jpg,https://openlibrary.org/works/OL29066249W,Open Library API,nutrition,,Nutrition,,nutrition,4
Food safety,United States. General Accounting Office,0.0,0.0,1990.0,34.0,Administrative agencies | Adverse effects | Antibiotics | Antibiotics in agriculture | Appropriations and expenditures | Bacteria | Bacterial diseases | Bovine spongiform encephalopathy | Centers for Disease Control (U.S.) | Consumer protection | Contamination | Costs | Databases | Decision making | Dietary supplements | Dioxins | Drug Residues | Drug resistance in microorganisms | Economic aspects of Food adulteration and inspection | Evaluation | Feeds | Food | Food adulteration and inspection | Food contamination | Foodborne diseases | Functional foods | Government policy | Health aspects of Antibiotics in agriculture | Imports | Inspection,eng,https://covers.openlibrary.org/b/id/12800342-M.jpg,https://openlibrary.org/works/OL565200W,Open Library API,food safety,,Food Safety,Administrative agencies | Adverse effects | Antibiotics | Antibiotics in agriculture | Appropriations and expenditures | Bacteria | Bacterial diseases | Bovine spongiform encephalopathy | Centers for Disease Control (U.S.) | Consumer protection | Contamination | Costs | Databases | Decision making | Dietary supplements | Dioxins | Drug Residues | Drug resistance in microorganisms | Economic aspects of Food adulteration and inspection | Evaluation | Feeds | Food | Food adulteration and inspection | Food contamination | Foodborne diseases | Functional foods | Government policy | Health aspects of Antibiotics in agriculture | Imports | Inspection,food safety administrative agencies | adverse effects | antibiotics | antibiotics in agriculture | appropriations and expenditures | bacteria | bacterial diseases | bovine spongiform encephalopathy | centers for disease control (u.s.) | consumer protection | contamination | costs | databases | decision making | dietary supplements | dioxins | drug residues | drug resistance in microorganisms | economic aspects of food adulteration and inspection | evaluation | feeds | food | food adulteration and inspection | food contamination | foodborne diseases | functional foods | government policy | health aspects of antibiotics in agriculture | imports | inspection,5
Who took the farmer's hat?,Joan L. Nodset,4.0,2.0,1963.0,5.0,"Hats | Animals | Fiction | Children's fiction | Agriculture, fiction",eng,https://covers.openlibrary.org/b/id/1578649-M.jpg,https://openlibrary.org/works/OL3282715W,Open Library API,agriculture,,Agriculture,"Hats | Animals | Fiction | Children's fiction | , fiction","who took the farmer's hat? hats | animals | fiction | children's fiction | , fiction",2
Vergleichende Untersuchungen an drei obergärigen Arten von Bierhefe,Paul Regensburger,,,1906.0,4.0,Fermentation | Yeast,ger,https://covers.openlibrary.org/b/id/6199890-M.jpg,https://openlibrary.org/works/OL18099149W,Open Library API,fermentation,,Fermentation,Yeast,vergleichende untersuchungen an drei obergärigen arten von bierhefe yeast,0
Stolen Harvest,Vandana Shiva,,,1999.0,9.0,"Alimentos | Empresas | Industria y comercio | Big business | Abastecimiento | Food industry and trade | Food supply | Agrarwelthandel | Ernährungssicherung | Qualität | Agro-industrie | Welternährung | Ecology | Voedselvoorziening | Genetic Engineering | Agrarproduktion | Lebensmittelindustrie | Genetische manipulatie | Agricultural ecology | Landbouw | Agriculture & related industries | International economic relations | Food supply, government policy",eng | spa,https://covers.openlibrary.org/b/id/4910497-M.jpg,https://openlibrary.org/works/OL1054924W,Open Library API,food business,,Food Business,"Alimentos | Empresas | Industria y comercio | Big business | Abastecimiento | Food industry and trade | Food supply | Agrarwelthandel | Ernährungssicherung | Qualität | Agro-industrie | Welternährung | Ecology | Voedselvoorziening | Genetic Engineering | Agrarproduktion | Lebensmittelindustrie | Genetische manipulatie | Agricultural ecology | Landbouw | Agriculture & related industries | International economic relations | Food supply, government policy","stolen harvest alimentos | empresas | industria y comercio | big business | abastecimiento | food industry and trade | food supply | agrarwelthandel | ernährungssicherung | qualität | agro-industrie | welternährung | ecology | voedselvoorziening | genetic engineering | agrarproduktion | lebensmittelindustrie | genetische manipulatie | agricultural ecology | landbouw | agriculture & related industries | international economic relations | food supply, government policy",1
Bake,Parragon | Love Food Editors,,,2013.0,1.0,Baking,eng,https://covers.openlibrary.org/b/id/8288546-M.jpg,https://openlibrary.org/works/OL18019408W,Open Library API,baking,,Baking and Pastry,,bake,3
Nutrition,Janice Thompson,,,2011.0,1.0,Nutrition,eng,https://covers.openlibrary.org/b/id/9681687-M.jpg,https://openlibrary.org/works/OL15538004W,Open Library API,nutrition,,Nutrition,,nutrition,4
"HACCP, a systematic approach to food safety",Kenneth E. Stevenson,,,2006.0,1.0,Safety measures | Sanitation | Food adulteration and inspection | Food | Food handling | Food industry and trade | Microbiology | Hazard Analysis and Critical Control Point (Food safety system),eng,https://covers.openlibrary.org/b/id/6617262-M.jpg,https://openlibrary.org/works/OL18603069W,Open Library API,food safety,,Food Safety,Safety measures | Sanitation | Food adulteration and inspection | Food | Food handling | Food industry and trade | Microbiology | Hazard Analysis and Critical Control Point ( system),"haccp, a systematic approach to food safety safety measures | sanitation | food adulteration and inspection | food | food handling | food industry and trade | microbiology | hazard analysis and critical control point ( system)",5
Sugar Snow,Laura Ingalls Wilder | Doris Ettlinger,4.25,4.0,1998.0,7.0,"Juvenile fiction | Fiction | Maple sugar | Frontier and pioneer life | Children's fiction | Snow, fiction | Agriculture, fiction",eng,https://covers.openlibrary.org/b/id/6765957-M.jpg,https://openlibrary.org/works/OL15851999W,Open Library API,agriculture,,Agriculture,"Juvenile fiction | Fiction | Maple sugar | Frontier and pioneer life | Children's fiction | Snow, fiction | , fiction","sugar snow juvenile fiction | fiction | maple sugar | frontier and pioneer life | children's fiction | snow, fiction | , fiction",2
"Handbook on High Value Fermentation Products, Volume 2",Saurabh Saran | Vikash Babu | Asha Chaubey,,,2019.0,3.0,Fermentation,eng,https://covers.openlibrary.org/b/id/14739737-M.jpg,https://openlibrary.org/works/OL21640046W,Open Library API,fermentation,,Fermentation,,"handbook on high value fermentation products, volume 2",0
McIlhenny's Gold,Jeffrey Rothfeder,,,2007.0,12.0,"History | McIlhenny Co | Hot pepper sauce industry | Tabasco sauce | Biography & Autobiography | Business | Cooking & Food | Nonfiction | McIlhenny Company | Sauces | Louisiana, biography | Industries, louisiana | Condiments | Family-owned business enterprises",eng,https://covers.openlibrary.org/b/id/4940331-M.jpg,https://openlibrary.org/works/OL4273024W,Open Library API,food business,,Food Business,"History | McIlhenny Co | Hot pepper sauce industry | Tabasco sauce | Biography & Autobiography | Business | Cooking & Food | Nonfiction | McIlhenny Company | Sauces | Louisiana, biography | Industries, louisiana | Condiments | Family-owned business enterprises","mcilhenny's gold history | mcilhenny co | hot pepper sauce industry | tabasco sauce | biography & autobiography | business | cooking & food | nonfiction | mcilhenny company | sauces | louisiana, biography | industries, louisiana | condiments | family-owned business enterprises",1
John Whaite Bakes,John Whaite,,,2013.0,2.0,Baking | Baked products,eng,https://covers.openlibrary.org/b/id/12585222-M.jpg,https://openlibrary.org/works/OL25157421W,Open Library API,baking,,Baking and Pastry,Baked products,john whaite bakes baked products,3
Nutrition,Mary B. Grosvenor,,,2001.0,24.0,Nutrition | Health | Nutritionally induced diseases | Literary collections,eng,https://covers.openlibrary.org/b/id/11505794-M.jpg,https://openlibrary.org/works/OL270576W,Open Library API,nutrition,,Nutrition,Health | ally induced diseases | Literary collections,nutrition health | ally induced diseases | literary collections,4
"Principles of food, beverage, and labor cost controls",Paul Dittmer,,,2003.0,4.0,"Food service | Cost control | Services alimentaires | Coût | Contrôle | BUSINESS & ECONOMICS | Industries | Hospitality, Travel & Tourism | TRAVEL | Restaurants | Industrial health & safety | Trades & technology -> industrial health & safety -> industrial health & safety",eng,https://covers.openlibrary.org/b/id/8709499-M.jpg,https://openlibrary.org/works/OL1931610W,Open Library API,food safety,,Food Safety,"Food service | Cost control | Services alimentaires | Coût | Contrôle | BUSINESS & ECONOMICS | Industries | Hospitality, Travel & Tourism | TRAVEL | Restaurants | Industrial health & safety | Trades & technology -> industrial health & safety -> industrial health & safety","principles of food, beverage, and labor cost controls food service | cost control | services alimentaires | coût | contrôle | business & economics | industries | hospitality, travel & tourism | travel | restaurants | industrial health & safety | trades & technology -> industrial health & safety -> industrial health & safety",1
Chemical equilibria in soils,Willard Lyman Lindsay,,,1979.0,2.0,Chemical equilibrium | Soil chemistry | Agricultural chemistry,eng,https://covers.openlibrary.org/b/id/8445510-M.jpg,https://openlibrary.org/works/OL6560011W,Open Library API,agriculture,,Agriculture,Chemical equilibrium | Soil chemistry | Agricultural chemistry,chemical equilibria in soils chemical equilibrium | soil chemistry | agricultural chemistry,2
Practical Fermentation Technology,Brian McNeil | Linda Harvey,,,2008.0,3.0,Fermentation,eng,,https://openlibrary.org/works/OL21448107W,Open Library API,fermentation,,Fermentation,,practical fermentation technology,0
Inside the FDA,Fran Hawthorne,,,2005.0,6.0,"Drug Industry | Business | Food adulteration and inspection | Food | United States | Nonfiction | Pharmaceutical policy | Drug Approval | United States. Food and Drug Administration | United states, food and drug administration | Politics | Safety | United States Food and Drug Administration",eng,https://covers.openlibrary.org/b/id/305961-M.jpg,https://openlibrary.org/works/OL8226915W,Open Library API,food business,,Food Business,"Drug Industry | Business | Food adulteration and inspection | Food | United States | Nonfiction | Pharmaceutical policy | Drug Approval | United States. Food and Drug Administration | United states, food and drug administration | Politics | Safety | United States Food and Drug Administration","inside the fda drug industry | business | food adulteration and inspection | food | united states | nonfiction | pharmaceutical policy | drug approval | united states. food and drug administration | united states, food and drug administration | politics | safety | united states food and drug administration",5
How to bake everything,Mark Bittman,,,2016.0,2.0,Baking | Quick and easy cooking,eng,https://covers.openlibrary.org/b/id/13099911-M.jpg,https://openlibrary.org/works/OL20036138W,Open Library API,baking,,Baking and Pastry,Quick and easy cooking,how to bake everything quick and easy cooking,3
Food combining made easy,Herbert M. Shelton,4.0,1.0,1940.0,4.0,Diet | Digestion | Food combining | Nutrition | Nutrition Physiology | Popular works,eng,https://covers.openlibrary.org/b/id/7230177-M.jpg,https://openlibrary.org/works/OL3009660W,Open Library API,nutrition,,Nutrition,Diet | Digestion | Food combining | | Physiology | Popular works,food combining made easy diet | digestion | food combining | | physiology | popular works,4
Preharvest and postharvest food safety,Ross C. Beier | Suresh D. Pillai | Timothy D. Phillips | Richard L. Ziprin,,,2004.0,4.0,"Food | Safety measures | Agricultural microbiology | Microbiology | Food, microbiology",eng,https://covers.openlibrary.org/b/id/11698253-M.jpg,https://openlibrary.org/works/OL19124313W,Open Library API,food safety,,Food Safety,"Food | Safety measures | Agricultural microbiology | Microbiology | Food, microbiology","preharvest and postharvest food safety food | safety measures | agricultural microbiology | microbiology | food, microbiology",5
Agricultural development principles,Robert D. Stevens,,,1988.0,1.0,"Agriculture | Economic aspects of Agriculture | Agriculture, economic aspects | Economic aspects",eng,https://covers.openlibrary.org/b/id/4125746-M.jpg,https://openlibrary.org/works/OL4981719W,Open Library API,agriculture,,Agriculture,"Economic aspects of | , economic aspects | Economic aspects","agricultural development principles economic aspects of | , economic aspects | economic aspects",2
"High Value Fermentation Products, Volume 1",Asha Chaubey | Vikash Babu | Saurabh Saran,,,2019.0,3.0,Fermentation,eng,https://covers.openlibrary.org/b/id/8800895-M.jpg,https://openlibrary.org/works/OL20155839W,Open Library API,fermentation,,Fermentation,,"high value fermentation products, volume 1",0
Food Security in a Food Abundant World,Kwan Choi | Hamid Beladi | Andrew Schmitz | P. Lynn Kennedy | Troy G. Schmitz,,,2016.0,2.0,Food supply | Business | Food security | Economic aspects | Nutrition policy | Development economics | BUSINESS & ECONOMICS | Industries | General,eng,https://covers.openlibrary.org/b/id/12514235-M.jpg,https://openlibrary.org/works/OL21114665W,Open Library API,food business,,Food Business,Food supply | Business | Food security | Economic aspects | Nutrition policy | Development economics | BUSINESS & ECONOMICS | Industries | General,food security in a food abundant world food supply | business | food security | economic aspects | nutrition policy | development economics | business & economics | industries | general,1
Nestlé toll house all-time favorite cookie and baking recipes,"Nestlé USA, Inc",,,2003.0,2.0,Cookies | Baking,eng,https://covers.openlibrary.org/b/id/11702331-M.jpg,https://openlibrary.org/works/OL19395582W,Open Library API,baking,,Baking and Pastry,Cookies,nestlé toll house all-time favorite cookie and baking recipes cookies,3
Food values of portions commonly used,Anna De Planter Bowes | Anna de Planter Bowes,,,1939.0,25.0,"Composition | Food | Food Analysis | Nutrition | Nutrition Physiology | Tables | Alimentation | Levensmiddelen | Aliments | Nutritional Physiological Phenomena | Voedingswaarde | Food, composition | Physiology | Reference Values | Food, tables | Diet therapy | Cooperative Agriculture",eng | spa,https://covers.openlibrary.org/b/id/6965680-M.jpg,https://openlibrary.org/works/OL4304829W,Open Library API,nutrition,,Nutrition,"Composition | Food | Food Analysis | | Physiology | Tables | Alimentation | Levensmiddelen | Aliments | al Physiological Phenomena | Voedingswaarde | Food, composition | Physiology | Reference Values | Food, tables | Diet therapy | Cooperative Agriculture","food values of portions commonly used composition | food | food analysis | | physiology | tables | alimentation | levensmiddelen | aliments | al physiological phenomena | voedingswaarde | food, composition | physiology | reference values | food, tables | diet therapy | cooperative agriculture",4
The philosophy of food,David M. Kaplan,,,2011.0,3.0,Food | Food Safety | Food Supply | Animal Welfare | Ethics,eng,https://covers.openlibrary.org/b/id/10346318-M.jpg,https://openlibrary.org/works/OL16142243W,Open Library API,food safety,,Food Safety,Food | | Food Supply | Animal Welfare | Ethics,the philosophy of food food | | food supply | animal welfare | ethics,5
Sumberdaya lahan Indonesia dan pengelolaannya,Pusat Penelitian Tanah dan Agroklimat (Indonesia),5.0,1.0,2000.0,1.0,Agricultural resources | Rural Land use | Management | Agriculture | Agricultural ecology,ind,,https://openlibrary.org/works/OL19161134W,Open Library API,agriculture,,Agriculture,Agricultural resources | Rural Land use | Management | | Agricultural ecology,sumberdaya lahan indonesia dan pengelolaannya agricultural resources | rural land use | management | | agricultural ecology,2
Modern Solid State Fermentation,Hongzhang Chen,,,2013.0,3.0,Fermentation,eng,https://covers.openlibrary.org/b/id/9366724-M.jpg,https://openlibrary.org/works/OL20692276W,Open Library API,fermentation,,Fermentation,,modern solid state fermentation,0
Food Bank Nations,Graham Riches,,,2018.0,6.0,Food | Poverty | Social responsibility of business | Food banks | Food security | Banques alimentaires | Sécurité alimentaire | Pauvreté | Entreprises | Responsabilité sociale | BUSINESS & ECONOMICS | Infrastructure | SOCIAL SCIENCE | General,eng,,https://openlibrary.org/works/OL21335243W,Open Library API,food business,,Food Business,Food | Poverty | Social responsibility of business | Food banks | Food security | Banques alimentaires | Sécurité alimentaire | Pauvreté | Entreprises | Responsabilité sociale | BUSINESS & ECONOMICS | Infrastructure | SOCIAL SCIENCE | General,food bank nations food | poverty | social responsibility of business | food banks | food security | banques alimentaires | sécurité alimentaire | pauvreté | entreprises | responsabilité sociale | business & economics | infrastructure | social science | general,1
The Great British bake off,Linda Collister,,,2015.0,1.0,Baking | Baked products,eng,https://covers.openlibrary.org/b/id/10323879-M.jpg,https://openlibrary.org/works/OL20037832W,Open Library API,baking,,Baking and Pastry,Baked products,the great british bake off baked products,3
A sociology of food & nutrition,John Germov | Lauren Williams,,,2004.0,2.0,Social aspects | Food | Food habits | Nutrition | Health | Nutrition and dietetics | Sociology,eng,https://covers.openlibrary.org/b/id/1129269-M.jpg,https://openlibrary.org/works/OL15893817W,Open Library API,nutrition,,Nutrition,Social aspects | Food | Food habits | | Health | and dietetics | Sociology,a sociology of food & nutrition social aspects | food | food habits | | health | and dietetics | sociology,4
Guide to Food Safety,David McSwane | Nancy R. Rue | Richard Linton | Anna Graf Willliams | FMI | David Zachary McSwane,,,2007.0,2.0,"Food service -- Safety measures -- Handbooks, manuals, etc. | Food service -- Sanitation -- Handbooks, manuals, etc. | Food handling -- Safety measures -- Handbooks, manuals, etc. | Food handling | Food service | Handbooks, manuals | Safety measures | Sanitation",eng,https://covers.openlibrary.org/b/id/1112407-M.jpg,https://openlibrary.org/works/OL17836865W,Open Library API,food safety,,Food Safety,"Food service -- Safety measures -- Handbooks, manuals, etc. | Food service -- Sanitation -- Handbooks, manuals, etc. | Food handling -- Safety measures -- Handbooks, manuals, etc. | Food handling | Food service | Handbooks, manuals | Safety measures | Sanitation","guide to food safety food service -- safety measures -- handbooks, manuals, etc. | food service -- sanitation -- handbooks, manuals, etc. | food handling -- safety measures -- handbooks, manuals, etc. | food handling | food service | handbooks, manuals | safety measures | sanitation",5
Dirt to Soil,Gabe Brown,5.0,1.0,2018.0,2.0,"Organic farming | Agriculture, united states",eng,https://covers.openlibrary.org/b/id/8817749-M.jpg,https://openlibrary.org/works/OL20171211W,Open Library API,agriculture,,Agriculture,"Organic farming | , united states","dirt to soil organic farming | , united states",2
The chemistry of corn into alcohol,Dale Holm,5.0,1.0,1980.0,1.0,Alcohol as fuel | Fermentation,eng,https://covers.openlibrary.org/b/id/13961378-M.jpg,https://openlibrary.org/works/OL6104499W,Open Library API,fermentation,,Fermentation,Alcohol as fuel,the chemistry of corn into alcohol alcohol as fuel,2
Superbusiness,Fraser Doherty,,,2011.0,4.0,"SuperJam (Firm) | New business enterprises | Entrepreneurship | Food industry and trade | Industries, scotland",eng,https://covers.openlibrary.org/b/id/11080713-M.jpg,https://openlibrary.org/works/OL16590336W,Open Library API,food business,,Food Business,"SuperJam (Firm) | New business enterprises | Entrepreneurship | Food industry and trade | Industries, scotland","superbusiness superjam (firm) | new business enterprises | entrepreneurship | food industry and trade | industries, scotland",1
Home baking,Jeffrey Alford | Naomi Duguid,,,2003.0,5.0,"Cookery, International | International Cookery | Baking | International cooking | Cakes, baking, icing & sugarcraft | Methods - Baking | Cooking | Cooking / Wine | Cooking / Baking",eng,https://covers.openlibrary.org/b/id/837600-M.jpg,https://openlibrary.org/works/OL1808306W,Open Library API,baking,,Baking and Pastry,"Cookery, International | International Cookery | | International cooking | Cakes, , icing & sugarcraft | Methods - | Cooking | Cooking / Wine | Cooking /","home baking cookery, international | international cookery | | international cooking | cakes, , icing & sugarcraft | methods - | cooking | cooking / wine | cooking /",3
Biology,Neil Allison Campbell,3.8888888,27.0,1987.0,57.0,"Biology | Textbooks | Biology textbooks | Biologie | Science textbooks | Biology, Life Sciences | Biology (General) | Science | Science/Mathematics | Life Sciences - Biology - General | Problems, exercises | Biological Science Disciplines | Manuel | Biologi | Biological sciences & nutrition -> biology -> general | Qh308.2 .c34 2008 | 570 | Children's non-fiction | Science & technology",fre | spa | eng,https://covers.openlibrary.org/b/id/581911-M.jpg,https://openlibrary.org/works/OL1983087W,Open Library API,nutrition,,Nutrition,"Biology | Textbooks | Biology textbooks | Biologie | Science textbooks | Biology, Life Sciences | Biology (General) | Science | Science/Mathematics | Life Sciences - Biology - General | Problems, exercises | Biological Science Disciplines | Manuel | Biologi | Biological sciences & -> biology -> general | Qh308.2 .c34 2008 | 570 | Children's non-fiction | Science & technology","biology biology | textbooks | biology textbooks | biologie | science textbooks | biology, life sciences | biology (general) | science | science/mathematics | life sciences - biology - general | problems, exercises | biological science disciplines | manuel | biologi | biological sciences & -> biology -> general | qh308.2 .c34 2008 | 570 | children's non-fiction | science & technology",4
Thermal food processing,Da-Wen Sun,,,2005.0,7.0,"Food | Storage | Preservation | Food industry and trade | Food, preservation | Heating | Food Handling | Methods | Food Technology | Safety | Food Preservation | Aliments | Entreposage | Conservation | Chauffage | TECHNOLOGY & ENGINEERING | Food Science",eng,https://covers.openlibrary.org/b/id/1925823-M.jpg,https://openlibrary.org/works/OL18233210W,Open Library API,food safety,,Food Safety,"Food | Storage | Preservation | Food industry and trade | Food, preservation | Heating | Food Handling | Methods | Food Technology | Safety | Food Preservation | Aliments | Entreposage | Conservation | Chauffage | TECHNOLOGY & ENGINEERING | Food Science","thermal food processing food | storage | preservation | food industry and trade | food, preservation | heating | food handling | methods | food technology | safety | food preservation | aliments | entreposage | conservation | chauffage | technology & engineering | food science",5
The conditions of agricultural growth,Ester Boserup,,,1965.0,27.0,"Agriculture | Economic aspects | Economic aspects of Agriculture | Population | Agriculture, economic aspects | Economic development | Aspect économique | Jordbruk | Ekonomiska aspekter | Lantbruk | BUSINESS & ECONOMICS | Industries | General",eng,https://covers.openlibrary.org/b/id/1143078-M.jpg,https://openlibrary.org/works/OL4798174W,Open Library API,agriculture,,Agriculture,"Economic aspects | Economic aspects of | Population | , economic aspects | Economic development | Aspect économique | Jordbruk | Ekonomiska aspekter | Lantbruk | BUSINESS & ECONOMICS | Industries | General","the conditions of agricultural growth economic aspects | economic aspects of | population | , economic aspects | economic development | aspect économique | jordbruk | ekonomiska aspekter | lantbruk | business & economics | industries | general",2
Mémoire sur la fermentation alcoolique,Louis Pasteur,,,1860.0,1.0,Fermentation,fre,https://covers.openlibrary.org/b/id/7206326-M.jpg,https://openlibrary.org/works/OL15522627W,Open Library API,fermentation,,Fermentation,,mémoire sur la fermentation alcoolique,0
Hooked,Michael Moss,2.0,1.0,2021.0,2.0,nyt:combined-print-and-e-book-nonfiction=2021-04-18 | New York Times bestseller | New York Times reviewed | Compulsive eating | Obesity | Food additives | Food industry and trade | Nutrition | Health aspects | Convenience foods | Marketing | Food Addiction | Diet | Adverse effects | Food-Processing Industry | Economics | Fast Foods | BUSINESS & ECONOMICS / Corporate & Business History | HEALTH & FITNESS / Diet & Nutrition / Nutrition | PSYCHOLOGY / Psychopathology / Addiction,eng,https://covers.openlibrary.org/b/id/10827495-M.jpg,https://openlibrary.org/works/OL21947343W,Open Library API,food business,,Food Business,nyt:combined-print-and-e-book-nonfiction=2021-04-18 | New York Times bestseller | New York Times reviewed | Compulsive eating | Obesity | Food additives | Food industry and trade | Nutrition | Health aspects | Convenience foods | Marketing | Food Addiction | Diet | Adverse effects | Food-Processing Industry | Economics | Fast Foods | BUSINESS & ECONOMICS / Corporate & Business History | HEALTH & FITNESS / Diet & Nutrition / Nutrition | PSYCHOLOGY / Psychopathology / Addiction,hooked nyt:combined-print-and-e-book-nonfiction=2021-04-18 | new york times bestseller | new york times reviewed | compulsive eating | obesity | food additives | food industry and trade | nutrition | health aspects | convenience foods | marketing | food addiction | diet | adverse effects | food-processing industry | economics | fast foods | business & economics / corporate & business history | health & fitness / diet & nutrition / nutrition | psychology / psychopathology / addiction,1
Nutritional sciences,Michelle McGuire | Kathy A. Beerman,,,2006.0,10.0,"Nutrition | Textbooks | Dietetics & nutrition | Medical / Nutrition | Medical | Medical / Nursing | Food | Food, carbohydrate content | Food, vitamin content",eng,https://covers.openlibrary.org/b/id/2473726-M.jpg,https://openlibrary.org/works/OL9389399W,Open Library API,nutrition,,Nutrition,"Textbooks | Dietetics & | Medical / | Medical | Medical / Nursing | Food | Food, carbohydrate content | Food, vitamin content","nutritional sciences textbooks | dietetics & | medical / | medical | medical / nursing | food | food, carbohydrate content | food, vitamin content",4
Bacteria and foodborne illness,National Digestive Diseases Information Clearinghouse (U.S.),,,2007.0,2.0,Food poisoning | Prevention | Food handling | Safety measures | Foodborne diseases,eng,,https://openlibrary.org/works/OL32188355W,Open Library API,food safety,,Food Safety,Food poisoning | Prevention | Food handling | Safety measures | Foodborne diseases,bacteria and foodborne illness food poisoning | prevention | food handling | safety measures | foodborne diseases,5
A Corporate Tragedy,Barbara Marsh,5.0,1.0,1985.0,1.0,Agricultural machinery industry | International Harvester Company,eng,https://covers.openlibrary.org/b/id/4210350-M.jpg,https://openlibrary.org/works/OL5473527W,Open Library API,agriculture,,Agriculture,Agricultural machinery industry | International Harvester Company,a corporate tragedy agricultural machinery industry | international harvester company,2
World Population and World Food Supplies,E. John Russell,,,2019.0,5.0,Food supply | Population | BUSINESS & ECONOMICS | International | Economics,eng,,https://openlibrary.org/works/OL25218308W,Open Library API,food business,,Food Business,Food supply | Population | BUSINESS & ECONOMICS | International | Economics,world population and world food supplies food supply | population | business & economics | international | economics,1
Healing with whole foods,Paul Pitchford,,,1993.0,7.0,"Chinese Medicine | Diet therapy | Medicine, Chinese | Nutrition | Chinese Traditional Medicine | Methods | Nutritional Physiological Phenomena | HEALTH & FITNESS / Naturopathy",eng | spa,https://covers.openlibrary.org/b/id/715985-M.jpg,https://openlibrary.org/works/OL3232291W,Open Library API,nutrition,,Nutrition,"Chinese Medicine | Diet therapy | Medicine, Chinese | | Chinese Traditional Medicine | Methods | al Physiological Phenomena | HEALTH & FITNESS / Naturopathy","healing with whole foods chinese medicine | diet therapy | medicine, chinese | | chinese traditional medicine | methods | al physiological phenomena | health & fitness / naturopathy",4
Genetic roulette,"Smith, Jeffrey M.",,,2007.0,1.0,Food | Biotechnology | Safety measures | Government policy | Genetically modified foods | Genetically Modified Food | Standards,eng,https://covers.openlibrary.org/b/id/11384605-M.jpg,https://openlibrary.org/works/OL6040777W,Open Library API,food safety,,Food Safety,Food | Biotechnology | Safety measures | Government policy | Genetically modified foods | Genetically Modified Food | Standards,genetic roulette food | biotechnology | safety measures | government policy | genetically modified foods | genetically modified food | standards,5
Soil and Water Conservation Engineering,Glenn O. Schwab | Delmar D. Fangmeier | William J. Elliot | Richard K. Frevert,5.0,2.0,1955.0,2.0,Agricultural engineering | Soil conservation | Water conservation,eng,https://covers.openlibrary.org/b/id/1248780-M.jpg,https://openlibrary.org/works/OL19334438W,Open Library API,agriculture,,Agriculture,Agricultural engineering | Soil conservation | Water conservation,soil and water conservation engineering agricultural engineering | soil conservation | water conservation,2
Die Bierbrauerei,Ludwig Narziss,,,1976.0,6.0,Beer | Brewing | Malt | Fermentation,ger,,https://openlibrary.org/works/OL19139710W,Open Library API,fermentation,,Fermentation,Beer | Brewing | Malt,die bierbrauerei beer | brewing | malt,3
Multiresidue Methods for the Analysis of Pesticide Residues in Food,Horacio Heinzen | Leo M. L. Nollet | Amadeo R. Fernandez-Alba,,,2017.0,5.0,Pesticides | Pesticide residues in food | Food contamination | Food | Analysis | TECHNOLOGY & ENGINEERING | Food Science | BUSINESS & ECONOMICS | Infrastructure | SOCIAL SCIENCE | General,eng,https://covers.openlibrary.org/b/id/14268367-M.jpg,https://openlibrary.org/works/OL21297562W,Open Library API,food business,,Food Business,Pesticides | Pesticide residues in food | Food contamination | Food | Analysis | TECHNOLOGY & ENGINEERING | Food Science | BUSINESS & ECONOMICS | Infrastructure | SOCIAL SCIENCE | General,multiresidue methods for the analysis of pesticide residues in food pesticides | pesticide residues in food | food contamination | food | analysis | technology & engineering | food science | business & economics | infrastructure | social science | general,1
Tate's Bake Shop Cookbook,Kathleen King,5.0,1.0,2005.0,2.0,Baking | Desserts,eng,https://covers.openlibrary.org/b/id/180357-M.jpg,https://openlibrary.org/works/OL9239192W,Open Library API,baking,,Baking and Pastry,Desserts,tate's bake shop cookbook desserts,3
Ayurveda,Maya Tiwari,,,1994.0,4.0,"Ayurvedic Medicine | Health | Medicine, Ayurvedic | Nutrition | Medicine, ayurvedic | Nutritional Physiological Phenomena",eng,https://covers.openlibrary.org/b/id/691252-M.jpg,https://openlibrary.org/works/OL3001669W,Open Library API,nutrition,,Nutrition,"Ayurvedic Medicine | Health | Medicine, Ayurvedic | | Medicine, ayurvedic | al Physiological Phenomena","ayurveda ayurvedic medicine | health | medicine, ayurvedic | | medicine, ayurvedic | al physiological phenomena",4
International standards for food safety,Naomi Rees | David Watson,0.0,0.0,2000.0,1.0,Safety measures | Food adulteration and inspection | Food industry and trade | Standards | Food contamination,eng,https://covers.openlibrary.org/b/id/1579357-M.jpg,https://openlibrary.org/works/OL18648770W,Open Library API,food safety,,Food Safety,Safety measures | Food adulteration and inspection | Food industry and trade | Standards | Food contamination,international standards for food safety safety measures | food adulteration and inspection | food industry and trade | standards | food contamination,5
Hukum agraria,Rheena Effendy,5.0,1.0,1971.0,2.0,"Agricultural laws and legislation | Examinations, questions",ind,,https://openlibrary.org/works/OL7196391W,Open Library API,agriculture,,Agriculture,"Agricultural laws and legislation | Examinations, questions","hukum agraria agricultural laws and legislation | examinations, questions",2
Ferment your vegetables,Amanda Feifer,,,2015.0,2.0,Fermented foods | Pickled foods | Food,eng,,https://openlibrary.org/works/OL22318401W,Open Library API,fermentation,,Fermentation,Fermented foods | Pickled foods | Food,ferment your vegetables fermented foods | pickled foods | food,0
Opportunities in restaurant careers,Carol Ann Caprione Chmelynski | Carol Caprione Chemelynski,,,1990.0,6.0,"Vocational guidance | Business | Food service | Nonfiction | Careers | Industries | TRAVEL | Hospitality, Travel & Tourism | BUSINESS & ECONOMICS | Restaurants | Food service, vocational guidance",eng,https://covers.openlibrary.org/b/id/3725285-M.jpg,https://openlibrary.org/works/OL1811425W,Open Library API,food business,,Food Business,"Vocational guidance | Business | Food service | Nonfiction | Careers | Industries | TRAVEL | Hospitality, Travel & Tourism | BUSINESS & ECONOMICS | Restaurants | Food service, vocational guidance","opportunities in restaurant careers vocational guidance | business | food service | nonfiction | careers | industries | travel | hospitality, travel & tourism | business & economics | restaurants | food service, vocational guidance",1
Crumb,Ruby Tandoh,,,2001.0,3.0,Baking | Cake,eng,https://covers.openlibrary.org/b/id/11021898-M.jpg,https://openlibrary.org/works/OL20037288W,Open Library API,baking,,Baking and Pastry,Cake,crumb cake,3
Grain Brain,David Perlmutter | Kristin Loberg,5.0,1.0,2013.0,18.0,"Dietary supplements | Brain, diseases | Mental health, nutritional aspects | Brain | Energy metabolism | Diseases | Carbohydrates | Nutritional aspects | Metabolism | Popular works | Prevention | nyt:combined-print-and-e-book-nonfiction=2013-10-06 | New York Times bestseller | Brain Diseases | Carbohydrate Metabolism | Nutritional Physiological Phenomena | Metabolismo | Aspectos nutritivos | Cerebro | Enfermedades | Prevencion | Metabolismo de la energia | Hidratos de carbono",chi | spa | eng,https://covers.openlibrary.org/b/id/7598066-M.jpg,https://openlibrary.org/works/OL17447903W,Open Library API,nutrition,,Nutrition,"Dietary supplements | Brain, diseases | Mental health, al aspects | Brain | Energy metabolism | Diseases | Carbohydrates | al aspects | Metabolism | Popular works | Prevention | nyt:combined-print-and-e-book-nonfiction=2013-10-06 | New York Times bestseller | Brain Diseases | Carbohydrate Metabolism | al Physiological Phenomena | Metabolismo | Aspectos nutritivos | Cerebro | Enfermedades | Prevencion | Metabolismo de la energia | Hidratos de carbono","grain brain dietary supplements | brain, diseases | mental health, al aspects | brain | energy metabolism | diseases | carbohydrates | al aspects | metabolism | popular works | prevention | nyt:combined-print-and-e-book-nonfiction=2013-10-06 | new york times bestseller | brain diseases | carbohydrate metabolism | al physiological phenomena | metabolismo | aspectos nutritivos | cerebro | enfermedades | prevencion | metabolismo de la energia | hidratos de carbono",4
Handbook of food safety engineering,Da-Wen Sun,,,2011.0,5.0,"Safety measures | Sanitation | TECHNOLOGY & ENGINEERING / Food Science | Food | Food industry and trade | Microbiology | Food, microbiology",eng,https://covers.openlibrary.org/b/id/13753791-M.jpg,https://openlibrary.org/works/OL15980332W,Open Library API,food safety,,Food Safety,"Safety measures | Sanitation | TECHNOLOGY & ENGINEERING / Food Science | Food | Food industry and trade | Microbiology | Food, microbiology","handbook of food safety engineering safety measures | sanitation | technology & engineering / food science | food | food industry and trade | microbiology | food, microbiology",5
The Fatal Harvest Reader,Andrew Kimbrell,,,2002.0,6.0,"Organic farming | Environmental aspects | Agriculture | Agricultural ecology | Agriculture, environmental aspects | Agriculture, united states | Environment | Organic Food",eng,https://covers.openlibrary.org/b/id/787481-M.jpg,https://openlibrary.org/works/OL2718585W,Open Library API,agriculture,,Agriculture,"Organic farming | Environmental aspects | | Agricultural ecology | , environmental aspects | , united states | Environment | Organic Food","the fatal harvest reader organic farming | environmental aspects | | agricultural ecology | , environmental aspects | , united states | environment | organic food",2
"Fermented Foods, Part II",Ramesh C. Ray | Didier Montet,,,2017.0,6.0,"Food, biotechnology | Fermentation | Food | Fermented foods | Composition | Biochemistry | Biotechnology | Aliments fermentés | Biochimie | Aliments | Biotechnologie | TECHNOLOGY & ENGINEERING | Food Science",eng,,https://openlibrary.org/works/OL21300282W,Open Library API,fermentation,,Fermentation,"Food, biotechnology | | Food | Fermented foods | Composition | Biochemistry | Biotechnology | Aliments fermentés | Biochimie | Aliments | Biotechnologie | TECHNOLOGY & ENGINEERING | Food Science","fermented foods, part ii food, biotechnology | | food | fermented foods | composition | biochemistry | biotechnology | aliments fermentés | biochimie | aliments | biotechnologie | technology & engineering | food science",0
ManageFirst,National Restaurant Association,,,2012.0,5.0,"Hospitality industry | Restaurant management | Nutrition | Food service management | Customer services | Management | Business ethics | Personnel management | Entrepreneurship | Problems, exercises",,https://covers.openlibrary.org/b/id/10142246-M.jpg,https://openlibrary.org/works/OL20835444W,Open Library API,food business,,Food Business,"Hospitality industry | Restaurant management | Nutrition | Food service management | Customer services | Management | Business ethics | Personnel management | Entrepreneurship | Problems, exercises","managefirst hospitality industry | restaurant management | nutrition | food service management | customer services | management | business ethics | personnel management | entrepreneurship | problems, exercises",1
Human nutrition,Catherine Geissler | Hilary Powers,,,2010.0,1.0,Nutrition | Nutrition Disorders | Diet therapy | Nutrition disorders | Nutritional Physiological Phenomena | Diet Therapy | Dietetics | Diets | Allied health & medical -> nursing -> nutrition,eng,https://covers.openlibrary.org/b/id/12592356-M.jpg,https://openlibrary.org/works/OL16767034W,Open Library API,nutrition,,Nutrition,Disorders | Diet therapy | disorders | al Physiological Phenomena | Diet Therapy | Dietetics | Diets | Allied health & medical -> nursing ->,human nutrition disorders | diet therapy | disorders | al physiological phenomena | diet therapy | dietetics | diets | allied health & medical -> nursing ->,4
Safety and sanitation,Michael Pepper | Gilbert Pratt | Alice Winnick,,,1984.0,3.0,Food service | Safety measures,eng,,https://openlibrary.org/works/OL19127260W,Open Library API,food safety,,Food Safety,Food service | Safety measures,safety and sanitation food service | safety measures,5
Poison Path Herbal,Coby Michael,,,2021.0,2.0,Agriculture,eng,,https://openlibrary.org/works/OL25795783W,Open Library API,agriculture,,Agriculture,,poison path herbal,4
Current Developments in Biotechnology and Bioengineering,Ashok Pandey | Sudhir P. Singh | Sudesh Kumar Yadav | Guocheng Du,,,2016.0,19.0,"Bioengineering | Biotechnology | Cell culture | Fermentation | Biomass energy | Waste products | Chemistry, technical | Long Now Manual for Civilization",eng,https://covers.openlibrary.org/b/id/9238815-M.jpg,https://openlibrary.org/works/OL20598139W,Open Library API,fermentation,,Fermentation,"Bioengineering | Biotechnology | Cell culture | | Biomass energy | Waste products | Chemistry, technical | Long Now Manual for Civilization","current developments in biotechnology and bioengineering bioengineering | biotechnology | cell culture | | biomass energy | waste products | chemistry, technical | long now manual for civilization",0
Irrational Persistence,Dave Zilko,,,2016.0,4.0,Snack foods | Entrepreneurship | Success in business,eng,,https://openlibrary.org/works/OL21582697W,Open Library API,food business,,Food Business,Snack foods | Entrepreneurship | Success in business,irrational persistence snack foods | entrepreneurship | success in business,1
Sarabeth's bakery,Sarabeth Levine,,,2010.0,1.0,Desserts | Baking | Baked products,eng,https://covers.openlibrary.org/b/id/12629132-M.jpg,https://openlibrary.org/works/OL16282631W,Open Library API,baking,,Baking and Pastry,Desserts | | Baked products,sarabeth's bakery desserts | | baked products,3
Chemistry of Man,Bernard Jensen,,,1983.0,2.0,Nutrition | Homeopathy,eng,https://covers.openlibrary.org/b/id/7276720-M.jpg,https://openlibrary.org/works/OL1895390W,Open Library API,nutrition,,Nutrition,Homeopathy,chemistry of man homeopathy,0
Cannabis Grower's Handbook,Ed Rosenthal | Robert Flannery | Angela Bacca,,,2021.0,2.0,Agriculture,eng,,https://openlibrary.org/works/OL25773842W,Open Library API,agriculture,,Agriculture,,cannabis grower's handbook,0
Chemicals from fermentation,Peter A. Hahn,,,1968.0,2.0,Chemical engineering | Fermentation,eng,https://covers.openlibrary.org/b/id/10738849-M.jpg,https://openlibrary.org/works/OL7204964W,Open Library API,fermentation,,Fermentation,Chemical engineering,chemicals from fermentation chemical engineering,0
Supply Chain Management for Sustainable Food Networks,Dionysis Bochtis | Eleftherios Iakovou | Dimitrios Vlachos | Dimitrios Aidonis,,,2016.0,4.0,Business logistics | Food industry and trade,eng,,https://openlibrary.org/works/OL21579566W,Open Library API,food business,,Food Business,Business logistics | Food industry and trade,supply chain management for sustainable food networks business logistics | food industry and trade,1
Baking,Not stated,,,2000.0,1.0,Cooking | Baking,eng,https://covers.openlibrary.org/b/id/8283517-M.jpg,https://openlibrary.org/works/OL18011788W,Open Library API,baking,,Baking and Pastry,Cooking,baking cooking,3
The Diet Myth,Professor Tim Spector,5.0,1.0,2016.0,1.0,"Nutrition | Diet therapy | Intestines, microbiology | Health behavior",eng,https://covers.openlibrary.org/b/id/9134252-M.jpg,https://openlibrary.org/works/OL20469388W,Open Library API,nutrition,,Nutrition,"Diet therapy | Intestines, microbiology | Health behavior","the diet myth diet therapy | intestines, microbiology | health behavior",4
Introduction to Culinary Arts,Jerry Gleason | Culinary Institute of America.,,,2014.0,2.0,"Cooking, study and teaching | Food | Safety measures | Cooking | Study and teaching",eng,https://covers.openlibrary.org/b/id/10137375-M.jpg,https://openlibrary.org/works/OL20831730W,Open Library API,food safety,,Food Safety,"Cooking, study and teaching | Food | Safety measures | Cooking | Study and teaching","introduction to culinary arts cooking, study and teaching | food | safety measures | cooking | study and teaching",5
English Pastoral,James Rebanks,,,2020.0,4.0,Agriculture,eng,,https://openlibrary.org/works/OL21682837W,Open Library API,agriculture,,Agriculture,,english pastoral,2
Fermented foods of the world,Geoffrey Campbell-Platt,,,1987.0,2.0,Dictionaries | Fermented foods,eng,,https://openlibrary.org/works/OL5278551W,Open Library API,fermentation,,Fermentation,Dictionaries | Fermented foods,fermented foods of the world dictionaries | fermented foods,0
Food and Experiential Marketing,Wided Batat,,,2019.0,6.0,"Direct marketing | Customer relations | Food, marketing | Branding (Marketing) | Food | Marketing | BUSINESS & ECONOMICS | Consumer Behavior | Research | TECHNOLOGY | Food Science",eng,,https://openlibrary.org/works/OL25752759W,Open Library API,food business,,Food Business,"Direct marketing | Customer relations | Food, marketing | Branding (Marketing) | Food | Marketing | BUSINESS & ECONOMICS | Consumer Behavior | Research | TECHNOLOGY | Food Science","food and experiential marketing direct marketing | customer relations | food, marketing | branding (marketing) | food | marketing | business & economics | consumer behavior | research | technology | food science",1
Diet and health,Walter J. Veith,,,1998.0,3.0,Cookery | Nutrition | Nutrition Physiology | Vegetarian Diet | Vegetarian cookery | Vegetarianism,eng,https://covers.openlibrary.org/b/id/2252881-M.jpg,https://openlibrary.org/works/OL9051301W,Open Library API,nutrition,,Nutrition,Cookery | | Physiology | Vegetarian Diet | Vegetarian cookery | Vegetarianism,diet and health cookery | | physiology | vegetarian diet | vegetarian cookery | vegetarianism,4
Food safety,Nina Redman,,,2007.0,3.0,"Current Events | Food adulteration and inspection | Food industry and trade | Handbooks, manuals | Handbooks, manuals, etc | Nonfiction | Safety measures | Science",eng,https://covers.openlibrary.org/b/id/6419555-M.jpg,https://openlibrary.org/works/OL1917024W,Open Library API,food safety,,Food Safety,"Current Events | Food adulteration and inspection | Food industry and trade | Handbooks, manuals | Handbooks, manuals, etc | Nonfiction | Safety measures | Science","food safety current events | food adulteration and inspection | food industry and trade | handbooks, manuals | handbooks, manuals, etc | nonfiction | safety measures | science",5
Maison rustique du XIXe siècle,C. Bailly | Alexandre Bixio | François Malepeyre | Victor Frédéric Alexandre Ysabeau,,,1836.0,31.0,Agriculture | Dictionaries | French,fre,https://covers.openlibrary.org/b/id/6534280-M.jpg,https://openlibrary.org/works/OL15222720W,Open Library API,agriculture,,Agriculture,Dictionaries | French,maison rustique du xixe siècle dictionaries | french,0
Amino Acid Fermentation,Atsushi Yokota | Masato Ikeda,,,2017.0,2.0,Amino acids | Fermentation,,https://covers.openlibrary.org/b/id/10167389-M.jpg,https://openlibrary.org/works/OL20854393W,Open Library API,fermentation,,Fermentation,Amino acids,amino acid fermentation amino acids,0
Drying food for profit,B. L. Axtell | Barrie Axtell | Andrew Russell,,,2002.0,3.0,"Food | Drying | Agricultural science | Food & beverage technology | Food manufacturing & related industries | Technology | Technology & Industrial Arts | Science/Mathematics | Entrepreneurship | Food Science | New Business Enterprises | Technology / Food Industry & Science | Food, drying",eng,https://covers.openlibrary.org/b/id/2048400-M.jpg,https://openlibrary.org/works/OL3405921W,Open Library API,food business,,Food Business,"Food | Drying | Agricultural science | Food & beverage technology | Food manufacturing & related industries | Technology | Technology & Industrial Arts | Science/Mathematics | Entrepreneurship | Food Science | New Business Enterprises | Technology / Food Industry & Science | Food, drying","drying food for profit food | drying | agricultural science | food & beverage technology | food manufacturing & related industries | technology | technology & industrial arts | science/mathematics | entrepreneurship | food science | new business enterprises | technology / food industry & science | food, drying",1
Taste of Home cookies,Taste of Home Books,,,2009.0,2.0,Desserts | Cookies | Baking,eng,https://covers.openlibrary.org/b/id/10344632-M.jpg,https://openlibrary.org/works/OL16595733W,Open Library API,baking,,Baking and Pastry,Desserts | Cookies,taste of home cookies desserts | cookies,3
"Foods That Harm, Foods That Heal",Reader's Digest Association,0.0,0.0,1997.0,3.0,Food | Nutrition | Popular works | Popular Works,eng,https://covers.openlibrary.org/b/id/512878-M.jpg,https://openlibrary.org/works/OL8064611W,Open Library API,nutrition,,Nutrition,Food | | Popular works | Popular Works,"foods that harm, foods that heal food | | popular works | popular works",0
Aflatoxin and Food Safety (Food Science and Technology (Crc Press)),Hamed K. Abbas,,,2005.0,1.0,Food | Aflatoxins | Safety measures,eng,https://covers.openlibrary.org/b/id/1564183-M.jpg,https://openlibrary.org/works/OL8561806W,Open Library API,food safety,,Food Safety,Food | Aflatoxins | Safety measures,aflatoxin and food safety (food science and technology (crc press)) food | aflatoxins | safety measures,5
Principles of Agricultural Economics,Andrew Barkley | Paul W. Barkley,,,2013.0,17.0,"Economics | Agriculture, economic aspects, united states | Agriculture",eng,https://covers.openlibrary.org/b/id/13253012-M.jpg,https://openlibrary.org/works/OL20734617W,Open Library API,agriculture,,Agriculture,"Economics | , economic aspects, united states","principles of agricultural economics economics | , economic aspects, united states",2
Fermented vegetables,Kirsten Shockey,,,2014.0,1.0,"Vegetables | Fermented foods | Canning and preserving | Preservation | Vegetables, preservation",eng,https://covers.openlibrary.org/b/id/14796137-M.jpg,https://openlibrary.org/works/OL19990292W,Open Library API,fermentation,,Fermentation,"Vegetables | Fermented foods | Canning and preserving | Preservation | Vegetables, preservation","fermented vegetables vegetables | fermented foods | canning and preserving | preservation | vegetables, preservation",0
Organizing Supply Chain Processes for Sustainable Innovation in the Agri-Food Industry,Christopher Worley | Raffaella Cagliano | Frederico Caniato,,,2016.0,2.0,Business logistics | Food supply | Business,eng,,https://openlibrary.org/works/OL21133989W,Open Library API,food business,,Food Business,Business logistics | Food supply | Business,organizing supply chain processes for sustainable innovation in the agri-food industry business logistics | food supply | business,1
Bakery Technology & Engineering,Samuel A. Matz,,,1960.0,5.0,Baking | Bakers and bakeries | Bakeries,eng,https://covers.openlibrary.org/b/id/1231104-M.jpg,https://openlibrary.org/works/OL2470693W,Open Library API,baking,,Baking and Pastry,Bakers and bakeries | Bakeries,bakery technology & engineering bakers and bakeries | bakeries,1
Nutrition,Mary B. Grosvenor | Lori A. Smolin,,,2005.0,10.0,Nutrition | Ernahrung | Nutritional Physiological Phenomena | Ernahrungserziehung | Ernahrungswissenschaft | Nutritionally induced diseases | Health,eng,https://covers.openlibrary.org/b/id/306223-M.jpg,https://openlibrary.org/works/OL12078101W,Open Library API,nutrition,,Nutrition,Ernahrung | al Physiological Phenomena | Ernahrungserziehung | Ernahrungswissenschaft | ally induced diseases | Health,nutrition ernahrung | al physiological phenomena | ernahrungserziehung | ernahrungswissenschaft | ally induced diseases | health,4
Sheng huo zhong bu ke bu zhi de shi pin an quan zhi shi,Yangqing Xiang,,,2009.0,1.0,Food | Safety measures | Microbiology,chi,https://covers.openlibrary.org/b/id/12480529-M.jpg,https://openlibrary.org/works/OL26449762W,Open Library API,food safety,,Food Safety,Food | Safety measures | Microbiology,sheng huo zhong bu ke bu zhi de shi pin an quan zhi shi food | safety measures | microbiology,5
Introduction to Plant Biotechnology (3/e),H. S. Chawla,,,2011.0,7.0,Agricultural biotechnology,eng,,https://openlibrary.org/works/OL21643979W,Open Library API,agriculture,,Agriculture,Agricultural biotechnology,introduction to plant biotechnology (3/e) agricultural biotechnology,2
Ancestral records and portraits,"Colonial Dames of America. Chapter I, Baltimore.",,,1910.0,1.0,Genealogy | Fermentation | Mycology | Insects,eng,https://covers.openlibrary.org/b/id/6272880-M.jpg,https://openlibrary.org/works/OL7706640W,Open Library API,fermentation,,Fermentation,Genealogy | | Mycology | Insects,ancestral records and portraits genealogy | | mycology | insects,2
The Fifth Risk,Michael Lewis | Ramón González Férriz,4.2,10.0,2018.0,11.0,"Politics and government | Civil service | Management | Administrative agencies | Public administration | Government executives | United states, politics and government, 2017- | Civil service, united states | nyt:combined-print-and-e-book-nonfiction=2018-10-21 | New York Times bestseller | New York Times reviewed | BUSINESS & ECONOMICS / Commercial Policy | POLITICAL SCIENCE / American Government / National | POLITICAL SCIENCE / Public Policy / Agriculture & Food Policy | POLITICAL SCIENCE / Public Policy / Energy Policy | nyt:paperback-nonfiction=2019-12-22 | United states, politics and government, 2017-2021",eng,https://covers.openlibrary.org/b/id/10285490-M.jpg,https://openlibrary.org/works/OL19754784W,Open Library API,food business,,Food Business,"Politics and government | Civil service | Management | Administrative agencies | Public administration | Government executives | United states, politics and government, 2017- | Civil service, united states | nyt:combined-print-and-e-book-nonfiction=2018-10-21 | New York Times bestseller | New York Times reviewed | BUSINESS & ECONOMICS / Commercial Policy | POLITICAL SCIENCE / American Government / National | POLITICAL SCIENCE / Public Policy / Agriculture & Food Policy | POLITICAL SCIENCE / Public Policy / Energy Policy | nyt:paperback-nonfiction=2019-12-22 | United states, politics and government, 2017-2021","the fifth risk politics and government | civil service | management | administrative agencies | public administration | government executives | united states, politics and government, 2017- | civil service, united states | nyt:combined-print-and-e-book-nonfiction=2018-10-21 | new york times bestseller | new york times reviewed | business & economics / commercial policy | political science / american government / national | political science / public policy / agriculture & food policy | political science / public policy / energy policy | nyt:paperback-nonfiction=2019-12-22 | united states, politics and government, 2017-2021",1
Better Homes and Gardens Complete Book of Baking,Better Homes and Gardens,,,1995.0,2.0,Baking,eng,https://covers.openlibrary.org/b/id/445287-M.jpg,https://openlibrary.org/works/OL8194190W,Open Library API,baking,,Baking and Pastry,,better homes and gardens complete book of baking,3
Fundamentals of Meal Management,Margaret McWilliams,3.0,2.0,1978.0,7.0,Food | Table service | Grocery shopping | Food service | Nutrition,eng,https://covers.openlibrary.org/b/id/1103052-M.jpg,https://openlibrary.org/works/OL2154269W,Open Library API,nutrition,,Nutrition,Food | Table service | Grocery shopping | Food service,fundamentals of meal management food | table service | grocery shopping | food service,1
Ready-to-eat foods,Lihan Huang,,,2009.0,3.0,Safety measures | Food contamination | Ready meals | Food | Convenience foods . | Microbiology | Foodborne diseases | Food law and legislation | Food adulteration and inspection | Convenience foods,eng,,https://openlibrary.org/works/OL18812898W,Open Library API,food safety,,Food Safety,Safety measures | Food contamination | Ready meals | Food | Convenience foods . | Microbiology | Foodborne diseases | Food law and legislation | Food adulteration and inspection | Convenience foods,ready-to-eat foods safety measures | food contamination | ready meals | food | convenience foods . | microbiology | foodborne diseases | food law and legislation | food adulteration and inspection | convenience foods,5
The first farmers,Peter S. Bellwood,4.0,2.0,2004.0,6.0,"Origin | Prehistoric Agriculture | Cultivated Plants | Plants, Cultivated | Agriculture, Prehistoric | Agriculture | Landbouw | Agrarische maatschappij | Ontstaansgeschiedenis | Prehistorie",eng,https://covers.openlibrary.org/b/id/1326682-M.jpg,https://openlibrary.org/works/OL3344510W,Open Library API,agriculture,,Agriculture,"Origin | Prehistoric | Cultivated Plants | Plants, Cultivated | , Prehistoric | | Landbouw | Agrarische maatschappij | Ontstaansgeschiedenis | Prehistorie","the first farmers origin | prehistoric | cultivated plants | plants, cultivated | , prehistoric | | landbouw | agrarische maatschappij | ontstaansgeschiedenis | prehistorie",2
Secrets of the still,Grace Firth,,,1983.0,1.0,Amateurs' manuals | Distillation | Fermentation,eng,https://covers.openlibrary.org/b/id/13176831-M.jpg,https://openlibrary.org/works/OL5599849W,Open Library API,fermentation,,Fermentation,Amateurs' manuals | Distillation,secrets of the still amateurs' manuals | distillation,5
Lawrie's Meat Science,Fidel Toldra,,,2017.0,3.0,"Meat industry and trade | Meat | Food science | Food industry | Microbiology | Professional, career & trade -> food technology -> food science | Business & economics -> business -> industries | Allied health & medical -> medical -> microbiology | 256 | 720 | L0140401607",eng,https://covers.openlibrary.org/b/id/12588664-M.jpg,https://openlibrary.org/works/OL25175043W,Open Library API,food business,,Food Business,"Meat industry and trade | Meat | Food science | Food industry | Microbiology | Professional, career & trade -> food technology -> food science | Business & economics -> business -> industries | Allied health & medical -> medical -> microbiology | 256 | 720 | L0140401607","lawrie's meat science meat industry and trade | meat | food science | food industry | microbiology | professional, career & trade -> food technology -> food science | business & economics -> business -> industries | allied health & medical -> medical -> microbiology | 256 | 720 | l0140401607",1
Nutrition Across Life Stages,Melissa Bernstein | Kimberley McMahon,,,2017.0,2.0,Nutrition | Diet | Nutritional physiological phenomena,eng,https://covers.openlibrary.org/b/id/13286642-M.jpg,https://openlibrary.org/works/OL21137890W,Open Library API,nutrition,,Nutrition,Diet | al physiological phenomena,nutrition across life stages diet | al physiological phenomena,4
Practical Food Safety,Rajeev Bhat | Vicente M. Gómez-López,,,2014.0,2.0,Food Safety | Food Contamination | Food contamination,eng,https://covers.openlibrary.org/b/id/9012723-M.jpg,https://openlibrary.org/works/OL20347266W,Open Library API,food safety,,Food Safety,Food Contamination | Food contamination,practical food safety food contamination | food contamination,5
The Homesteading Handbook,Abigail R. Gehring,4.0,1.0,2011.0,2.0,"Agriculture | Handbooks, manuals | Rural Home economics | Family farms | Sustainable living | Agriculture, united states | Home economics, rural | Agriculture, handbooks, manuals, etc.",eng,https://covers.openlibrary.org/b/id/8035125-M.jpg,https://openlibrary.org/works/OL15936920W,Open Library API,agriculture,,Agriculture,"Handbooks, manuals | Rural Home economics | Family farms | Sustainable living | , united states | Home economics, rural | , handbooks, manuals, etc.","the homesteading handbook handbooks, manuals | rural home economics | family farms | sustainable living | , united states | home economics, rural | , handbooks, manuals, etc.",2
Real food fermentation,Alex Lewin,4.0,1.0,2012.0,2.0,COOKING / Methods / Canning & Preserving | COOKING / General | Fermented foods | Fernentation | Fermentation | Food,eng,,https://openlibrary.org/works/OL16486444W,Open Library API,fermentation,,Fermentation,COOKING / Methods / Canning & Preserving | COOKING / General | Fermented foods | Fernentation | | Food,real food fermentation cooking / methods / canning & preserving | cooking / general | fermented foods | fernentation | | food,0
Starting a Small Food Processing Enterprise,Peter Fellows | Ernesto Franco | Walter Rios,,,1996.0,2.0,Food industry and trade | Management | New business enterprises | Small business,eng,https://covers.openlibrary.org/b/id/5165781-M.jpg,https://openlibrary.org/works/OL21715187W,Open Library API,food business,,Food Business,Food industry and trade | Management | New business enterprises | Small business,starting a small food processing enterprise food industry and trade | management | new business enterprises | small business,1
Baking,Martha Day,,,2002.0,2.0,Baking | Baked products,eng,https://covers.openlibrary.org/b/id/12533557-M.jpg,https://openlibrary.org/works/OL27028039W,Open Library API,baking,,Baking and Pastry,Baked products,baking baked products,3
A cancer therapy,Max Gerson,,,1958.0,14.0,Alternative therapies | Cancer | Case studies | Diet therapy | Neoplasms | Nutritional aspects | Nutritional aspects of Cancer | Therapy,eng,https://covers.openlibrary.org/b/id/724920-M.jpg,https://openlibrary.org/works/OL3355005W,Open Library API,nutrition,,Nutrition,Alternative therapies | Cancer | Case studies | Diet therapy | Neoplasms | al aspects | al aspects of Cancer | Therapy,a cancer therapy alternative therapies | cancer | case studies | diet therapy | neoplasms | al aspects | al aspects of cancer | therapy,4
Biosensors In Food Processing Safety And Quality Control,Mehmet Mutlu,,,2010.0,5.0,Food | Biosensors | Safety measures | Quality | Food industry and trade | Food--Quality | Biosensing Techniques | Food Handling | Food Contamination | Prevention & control | Food Technology | Food handling | Aliments | Sécurité | Mesures | Qualité | Biocapteurs | Manipulation | HEALTH & FITNESS | Safety,eng,https://covers.openlibrary.org/b/id/7546701-M.jpg,https://openlibrary.org/works/OL17422125W,Open Library API,food safety,,Food Safety,Food | Biosensors | Safety measures | Quality | Food industry and trade | Food--Quality | Biosensing Techniques | Food Handling | Food Contamination | Prevention & control | Food Technology | Food handling | Aliments | Sécurité | Mesures | Qualité | Biocapteurs | Manipulation | HEALTH & FITNESS | Safety,biosensors in food processing safety and quality control food | biosensors | safety measures | quality | food industry and trade | food--quality | biosensing techniques | food handling | food contamination | prevention & control | food technology | food handling | aliments | sécurité | mesures | qualité | biocapteurs | manipulation | health & fitness | safety,5
Indian economy since independence,Uma Kapila,,,2008.0,4.0,"Economic policy | Agriculture | Economic development | Economic conditions | India, economic conditions, 1947- | India, economic policy",eng,https://covers.openlibrary.org/b/id/13428521-M.jpg,https://openlibrary.org/works/OL19746731W,Open Library API,agriculture,,Agriculture,"Economic policy | | Economic development | Economic conditions | India, economic conditions, 1947- | India, economic policy","indian economy since independence economic policy | | economic development | economic conditions | india, economic conditions, 1947- | india, economic policy",2
On fermentation,Alonzo Engelbert Taylor,,,1907.0,4.0,Fermentation | Enzymes | Metabolism,eng,https://covers.openlibrary.org/b/id/5642439-M.jpg,https://openlibrary.org/works/OL1091120W,Open Library API,fermentation,,Fermentation,Enzymes | Metabolism,on fermentation enzymes | metabolism,0
Global Foodscapes,Alistair Fraser,,,2016.0,6.0,Food industry and trade | Food supply | Social aspects | Economic aspects | BUSINESS & ECONOMICS | Industries | General,eng,,https://openlibrary.org/works/OL21298838W,Open Library API,food business,,Food Business,Food industry and trade | Food supply | Social aspects | Economic aspects | BUSINESS & ECONOMICS | Industries | General,global foodscapes food industry and trade | food supply | social aspects | economic aspects | business & economics | industries | general,2
Great Big Baking Book,Carole Clements,,,2002.0,2.0,Baking | Baked products,eng,https://covers.openlibrary.org/b/id/10759840-M.jpg,https://openlibrary.org/works/OL21115681W,Open Library API,baking,,Baking and Pastry,Baked products,great big baking book baked products,3
Oceanography,Tom S. Garrison,,,1993.0,5.0,Textbooks | Nutrition | Oceanography | History | Dietetics | Nutritional Sciences | Nutritional Physiological Phenomena | Diététique,eng,https://covers.openlibrary.org/b/id/364033-M.jpg,https://openlibrary.org/works/OL8263849W,Open Library API,nutrition,,Nutrition,Textbooks | | Oceanography | History | Dietetics | al Sciences | al Physiological Phenomena | Diététique,oceanography textbooks | | oceanography | history | dietetics | al sciences | al physiological phenomena | diététique,4
Biofilms in the food environment,Hua H. Wang | Meredith Agle,,,2007.0,3.0,Food | Safety measures | Biofilms | Microbiology | Food contamination,eng,https://covers.openlibrary.org/b/id/1542035-M.jpg,https://openlibrary.org/works/OL19577661W,Open Library API,food safety,,Food Safety,Food | Safety measures | Biofilms | Microbiology | Food contamination,biofilms in the food environment food | safety measures | biofilms | microbiology | food contamination,5
The Farming Handbook,Barry Smith,,,2006.0,1.0,"Conscience | Ethics | Agriculture | Handbooks, manuals | Agriculture, handbooks, manuals, etc. | Agriculture, south africa",eng,https://covers.openlibrary.org/b/id/9915569-M.jpg,https://openlibrary.org/works/OL2778750W,Open Library API,agriculture,,Agriculture,"Conscience | Ethics | | Handbooks, manuals | , handbooks, manuals, etc. | , south africa","the farming handbook conscience | ethics | | handbooks, manuals | , handbooks, manuals, etc. | , south africa",5
Sacred and herbal healing beers,Stephen Harrod Buhner,,,1998.0,1.0,"Beer | Brewing | Herbs, therapeutic use | Fermentation | Therapeutic use | Folklore | Herbal Medicine",eng,https://covers.openlibrary.org/b/id/715459-M.jpg,https://openlibrary.org/works/OL1870651W,Open Library API,fermentation,,Fermentation,"Beer | Brewing | Herbs, therapeutic use | | Therapeutic use | Folklore | Herbal Medicine","sacred and herbal healing beers beer | brewing | herbs, therapeutic use | | therapeutic use | folklore | herbal medicine",4
Routledge Handbook of Food and Nutrition Security,Bill Pritchard | Rodomiro Ortiz | Meera Shekar,,,2016.0,6.0,Food supply | Nutrition policy | Food security | Sécurité alimentaire | Politique alimentaire | BUSINESS & ECONOMICS | Industries | General,eng,,https://openlibrary.org/works/OL21297725W,Open Library API,food business,,Food Business,Food supply | Nutrition policy | Food security | Sécurité alimentaire | Politique alimentaire | BUSINESS & ECONOMICS | Industries | General,routledge handbook of food and nutrition security food supply | nutrition policy | food security | sécurité alimentaire | politique alimentaire | business & economics | industries | general,1
Gluten-Free Baking Classics,Annalise G. Roberts,,,2006.0,3.0,Baking | Gluten-free diet | Recipes,eng,https://covers.openlibrary.org/b/id/823523-M.jpg,https://openlibrary.org/works/OL8921494W,Open Library API,baking,,Baking and Pastry,Gluten-free diet | Recipes,gluten-free baking classics gluten-free diet | recipes,3
Eat to Beat Disease,William W. Li,3.0,2.0,2019.0,5.0,Nutritionally induced diseases | Nutrition | Diet therapy,eng,https://covers.openlibrary.org/b/id/8795370-M.jpg,https://openlibrary.org/works/OL20151094W,Open Library API,nutrition,,Nutrition,ally induced diseases | | Diet therapy,eat to beat disease ally induced diseases | | diet therapy,4
Enhancing the regulatory decision-making approval process for direct food ingredient technologies,Food Forum | Institute of Medicine,,,1999.0,4.0,Safety regulations | Congresses | Food additives | Food law and legislation,eng,https://covers.openlibrary.org/b/id/2362366-M.jpg,https://openlibrary.org/works/OL23708413W,Open Library API,food safety,,Food Safety,Safety regulations | Congresses | Food additives | Food law and legislation,enhancing the regulatory decision-making approval process for direct food ingredient technologies safety regulations | congresses | food additives | food law and legislation,5
Legume Based Fermented Foods,N. R. Reddy,,,2018.0,5.0,Legumes as food | Fermented foods | Légumes secs | Aliments fermentés | COOKING | General,eng,,https://openlibrary.org/works/OL25219593W,Open Library API,fermentation,,Fermentation,Legumes as food | Fermented foods | Légumes secs | Aliments fermentés | COOKING | General,legume based fermented foods legumes as food | fermented foods | légumes secs | aliments fermentés | cooking | general,0
The Routledge Handbook of Sustainable Food and Gastronomy,Philip Sloan | Willy Legrand,,,2015.0,6.0,Food supply | Food industry and trade | Gastronomy | Environmental aspects | Gastronomie | BUSINESS & ECONOMICS | Industries | General,eng,https://covers.openlibrary.org/b/id/8953011-M.jpg,https://openlibrary.org/works/OL20294307W,Open Library API,food business,,Food Business,Food supply | Food industry and trade | Gastronomy | Environmental aspects | Gastronomie | BUSINESS & ECONOMICS | Industries | General,the routledge handbook of sustainable food and gastronomy food supply | food industry and trade | gastronomy | environmental aspects | gastronomie | business & economics | industries | general,1
The complete idiot's guide to baking,Emily Nolan,,,1997.0,1.0,Baking | Baked products,eng,https://covers.openlibrary.org/b/id/16493-M.jpg,https://openlibrary.org/works/OL2769747W,Open Library API,baking,,Baking and Pastry,Baked products,the complete idiot's guide to baking baked products,3
Fast Food Facts,Marion J. Franz,1.0,1.0,1984.0,12.0,"Composition | Convenience foods | Diabetes | Fast food restaurants | Food | Nutritional aspects | Nutritional aspects of Diabetes | Tables | Nutritive Value | Diabetic Diet | Nutrition | Food, composition",eng,https://covers.openlibrary.org/b/id/931902-M.jpg,https://openlibrary.org/works/OL2653382W,Open Library API,nutrition,,Nutrition,"Composition | Convenience foods | Diabetes | Fast food restaurants | Food | al aspects | al aspects of Diabetes | Tables | Nutritive Value | Diabetic Diet | | Food, composition","fast food facts composition | convenience foods | diabetes | fast food restaurants | food | al aspects | al aspects of diabetes | tables | nutritive value | diabetic diet | | food, composition",4
Food Safety and Protection,V. Ravishankar Rai | Jamuna A. Bai,,,2017.0,5.0,"Food adulteration and inspection | Food, analysis | Food | Safety measures | Foodborne diseases | Packaging | Food Safety | Food Packaging | Methods | Prevention & control | Aliments | Sécurité | Mesures | Maladies d'origine alimentaire | Conditionnement | TECHNOLOGY / Food Science",eng,https://covers.openlibrary.org/b/id/13752587-M.jpg,https://openlibrary.org/works/OL21310059W,Open Library API,food safety,,Food Safety,"Food adulteration and inspection | Food, analysis | Food | Safety measures | Foodborne diseases | Packaging | | Food Packaging | Methods | Prevention & control | Aliments | Sécurité | Mesures | Maladies d'origine alimentaire | Conditionnement | TECHNOLOGY / Food Science","food safety and protection food adulteration and inspection | food, analysis | food | safety measures | foodborne diseases | packaging | | food packaging | methods | prevention & control | aliments | sécurité | mesures | maladies d'origine alimentaire | conditionnement | technology / food science",5
Rural development,Katar Singh,,,1986.0,4.0,Agricultural development projects | Agriculture | Case studies | Economic aspects | Economic aspects of Agriculture | Rural development | Rural development projects,eng,https://covers.openlibrary.org/b/id/3734924-M.jpg,https://openlibrary.org/works/OL1934253W,Open Library API,agriculture,,Agriculture,Agricultural development projects | | Case studies | Economic aspects | Economic aspects of | Rural development | Rural development projects,rural development agricultural development projects | | case studies | economic aspects | economic aspects of | rural development | rural development projects,2
The 100,Jorge Cruise | Fred Berman,4.0,1.0,2013.0,3.0,"Reducting diets | Weight loss | Sugar-free diet | Recipes | Reducing diets | Health | Food | Caloric content | Cholesterol content | Tables | nyt:advice-how-to-and-miscellaneous=2013-06-09 | New York Times bestseller | Food, caloric content | nyt:food-and-fitness=2015-02-08 | Children's fiction | Science fiction | Survival, fiction | Criminals, fiction | Business planning | Leadership",eng,https://covers.openlibrary.org/b/id/8367611-M.jpg,https://openlibrary.org/works/OL18820739W,Open Library API,food business,,Food Business,"Reducting diets | Weight loss | Sugar-free diet | Recipes | Reducing diets | Health | Food | Caloric content | Cholesterol content | Tables | nyt:advice-how-to-and-miscellaneous=2013-06-09 | New York Times bestseller | Food, caloric content | nyt:food-and-fitness=2015-02-08 | Children's fiction | Science fiction | Survival, fiction | Criminals, fiction | Business planning | Leadership","the 100 reducting diets | weight loss | sugar-free diet | recipes | reducing diets | health | food | caloric content | cholesterol content | tables | nyt:advice-how-to-and-miscellaneous=2013-06-09 | new york times bestseller | food, caloric content | nyt:food-and-fitness=2015-02-08 | children's fiction | science fiction | survival, fiction | criminals, fiction | business planning | leadership",4
Roses Heavenly Baking,Rose Levy Beranbaum,5.0,1.0,2014.0,1.0,Baking | COOKING / Methods / Baking,,https://covers.openlibrary.org/b/id/7801089-M.jpg,https://openlibrary.org/works/OL17549730W,Open Library API,baking,,Baking and Pastry,COOKING / Methods /,roses heavenly baking cooking / methods /,3
The bodybuilder's nutrition book,Franco Columbu,5.0,1.0,1985.0,2.0,Bodybuilders | Nutrition | Bodybuilding,eng,https://covers.openlibrary.org/b/id/594247-M.jpg,https://openlibrary.org/works/OL5097214W,Open Library API,nutrition,,Nutrition,Bodybuilders | | Bodybuilding,the bodybuilder's nutrition book bodybuilders | | bodybuilding,4
The God Gene,Dean H. Hamer,4.0,1.0,1980.0,6.0,"Nonfiction | Science | Genetic psychology | Psychology, religious | Agricultural innovations | Agriculture | Agricultural laborers | Agricultural productivity | Land tenure | Social aspects | Economic aspects | Agriculture and state | Croyance religieuse | Spiritualité | Glaube | Genetische psychologie | Aspect génétique | Religious Psychology | Religion | Psychologie religieuse | Religionspsychologie | Erbpsychologie | Aspect biologique | Geloof | Prédisposition héréditaire",eng,https://covers.openlibrary.org/b/id/243775-M.jpg,https://openlibrary.org/works/OL2701094W,Open Library API,agriculture,,Agriculture,"Nonfiction | Science | Genetic psychology | Psychology, religious | Agricultural innovations | | Agricultural laborers | Agricultural productivity | Land tenure | Social aspects | Economic aspects | and state | Croyance religieuse | Spiritualité | Glaube | Genetische psychologie | Aspect génétique | Religious Psychology | Religion | Psychologie religieuse | Religionspsychologie | Erbpsychologie | Aspect biologique | Geloof | Prédisposition héréditaire","the god gene nonfiction | science | genetic psychology | psychology, religious | agricultural innovations | | agricultural laborers | agricultural productivity | land tenure | social aspects | economic aspects | and state | croyance religieuse | spiritualité | glaube | genetische psychologie | aspect génétique | religious psychology | religion | psychologie religieuse | religionspsychologie | erbpsychologie | aspect biologique | geloof | prédisposition héréditaire",2
Die Fermente und ihre Wirkungen,Carl Oppenheimer,0.0,0.0,1900.0,3.0,Enzymes | Fermentation,ger,https://covers.openlibrary.org/b/id/7965558-M.jpg,https://openlibrary.org/works/OL17691784W,Open Library API,fermentation,,Fermentation,Enzymes,die fermente und ihre wirkungen enzymes,0
Invisible Giant,Brewster Kneen,,,1995.0,3.0,Grain trade | Agricultural industries | Food industry and trade | International business enterprises | Inc Cargill | History,eng,https://covers.openlibrary.org/b/id/5012900-M.jpg,https://openlibrary.org/works/OL3879579W,Open Library API,food business,,Food Business,Grain trade | Agricultural industries | Food industry and trade | International business enterprises | Inc Cargill | History,invisible giant grain trade | agricultural industries | food industry and trade | international business enterprises | inc cargill | history,1
Macarons at midnight,Suzanne Nelson | Suzanne Nelson,3.4285715,7.0,2015.0,4.0,"Bakeries | Boys | Baking | Bakers and bakeries | Juvenile fiction | Girls | Fiction | Impersonation | Infatuation | Stepfamilies | Student newspapers and periodicals | Children's fiction | Friendship, fiction",eng,https://covers.openlibrary.org/b/id/10552327-M.jpg,https://openlibrary.org/works/OL17875151W,Open Library API,baking,,Baking and Pastry,"Bakeries | Boys | | Bakers and bakeries | Juvenile fiction | Girls | Fiction | Impersonation | Infatuation | Stepfamilies | Student newspapers and periodicals | Children's fiction | Friendship, fiction","macarons at midnight bakeries | boys | | bakers and bakeries | juvenile fiction | girls | fiction | impersonation | infatuation | stepfamilies | student newspapers and periodicals | children's fiction | friendship, fiction",2
Public health nutrition,Michael J. Gibney,,,2004.0,5.0,Nutrition | Public health | Nutritionally induced diseases | Dietetics | Nutritional Physiological Phenomena | Public Health,eng,https://covers.openlibrary.org/b/id/1329049-M.jpg,https://openlibrary.org/works/OL18231565W,Open Library API,nutrition,,Nutrition,Public health | ally induced diseases | Dietetics | al Physiological Phenomena | Public Health,public health nutrition public health | ally induced diseases | dietetics | al physiological phenomena | public health,4
Food safety,Barbara J. Patten,,,1996.0,2.0,Juvenile literature | Food handling | Safety measures | Safety | Food poisoning | Safety education,eng,https://covers.openlibrary.org/b/id/4786335-M.jpg,https://openlibrary.org/works/OL2927046W,Open Library API,food safety,,Food Safety,Juvenile literature | Food handling | Safety measures | Safety | Food poisoning | Safety education,food safety juvenile literature | food handling | safety measures | safety | food poisoning | safety education,5
Right This Very Minute,Lisl H Detlefsen | Renée Kurilla,,,2019.0,4.0,"Food | Food, juvenile literature | Agriculture | Agriculture, juvenile literature",eng,https://covers.openlibrary.org/b/id/10898241-M.jpg,https://openlibrary.org/works/OL24368996W,Open Library API,agriculture,,Agriculture,"Food | Food, juvenile literature | | , juvenile literature","right this very minute food | food, juvenile literature | | , juvenile literature",5
Koumiss,Oaklands Jersey Dairy,,,1885.0,2.0,Fermented Milk | Lait fermenté,eng,https://covers.openlibrary.org/b/id/6589389-M.jpg,https://openlibrary.org/works/OL15375224W,Open Library API,fermentation,,Fermentation,Fermented Milk | Lait fermenté,koumiss fermented milk | lait fermenté,0
Novel Food Packaging Techniques,R. Ahvenainen,,,2003.0,3.0,"Food, packaging | Food science | Packaging | Food industry | Professional, career & trade -> food technology -> food science | Trades & technology -> industrial design -> general | Business & economics -> business -> industries",eng,,https://openlibrary.org/works/OL27313989W,Open Library API,food business,,Food Business,"Food, packaging | Food science | Packaging | Food industry | Professional, career & trade -> food technology -> food science | Trades & technology -> industrial design -> general | Business & economics -> business -> industries","novel food packaging techniques food, packaging | food science | packaging | food industry | professional, career & trade -> food technology -> food science | trades & technology -> industrial design -> general | business & economics -> business -> industries",1
500 baking recipes,Igloo Books Ltd,,,2014.0,1.0,Baking,eng,https://covers.openlibrary.org/b/id/10604466-M.jpg,https://openlibrary.org/works/OL24180348W,Open Library API,baking,,Baking and Pastry,,500 baking recipes,3
Krause's food & the nutrition care process,L. Kathleen Mahan | Janice L. Raymond,,,2014.0,2.0,Diet therapy | Food | Nutrition | Diet Therapy | Nutritional Physiological Phenomena | Allied health & medical -> nursing -> nutrition,eng,https://covers.openlibrary.org/b/id/8935182-M.jpg,https://openlibrary.org/works/OL20277360W,Open Library API,nutrition,,Nutrition,Diet therapy | Food | | Diet Therapy | al Physiological Phenomena | Allied health & medical -> nursing ->,krause's food & the nutrition care process diet therapy | food | | diet therapy | al physiological phenomena | allied health & medical -> nursing ->,4
Food Safety (Point/Counterpoint),Victoria Sherrow,,,2007.0,1.0,Safety measures | Food | Food industry and trade | Food industry,eng,https://covers.openlibrary.org/b/id/1490588-M.jpg,https://openlibrary.org/works/OL479747W,Open Library API,food safety,,Food Safety,Safety measures | Food | Food industry and trade | Food industry,food safety (point/counterpoint) safety measures | food | food industry and trade | food industry,5
Shizen nōhō wara ippon no kakumei,Masanobu Fukuoka,4.1666665,6.0,1978.0,8.0,"No-tillage | Organic farming | Agriculture, japan | Fukuoka, masanobu | No-tillage--japan | Organic farming--japan",eng,https://covers.openlibrary.org/b/id/6255962-M.jpg,https://openlibrary.org/works/OL4261633W,Open Library API,agriculture,,Agriculture,"No-tillage | Organic farming | , japan | Fukuoka, masanobu | No-tillage--japan | Organic farming--japan","shizen nōhō wara ippon no kakumei no-tillage | organic farming | , japan | fukuoka, masanobu | no-tillage--japan | organic farming--japan",2
Fundamentals of polymer engineering,"Kumar, Anil",3.0,1.0,2003.0,2.0,Polymerization | Polymers | Engineering | Nonfiction | Polymer engineering | Chemical engineering | Fermentation,eng,https://covers.openlibrary.org/b/id/1563791-M.jpg,https://openlibrary.org/works/OL2635383W,Open Library API,fermentation,,Fermentation,Polymerization | Polymers | Engineering | Nonfiction | Polymer engineering | Chemical engineering,fundamentals of polymer engineering polymerization | polymers | engineering | nonfiction | polymer engineering | chemical engineering,1
Mumbai's dabbawala,Śobhā Bondre,4.0,1.0,2013.0,1.0,Precooked foods | Transportation | Business logistics | Management,eng,,https://openlibrary.org/works/OL23384416W,Open Library API,food business,,Food Business,Precooked foods | Transportation | Business logistics | Management,mumbai's dabbawala precooked foods | transportation | business logistics | management,1
Favorite Gold Medal flour recipes,Betty Crocker,,,1984.0,1.0,Baking,eng,https://covers.openlibrary.org/b/id/6656717-M.jpg,https://openlibrary.org/works/OL15430599W,Open Library API,baking,,Baking and Pastry,,favorite gold medal flour recipes,3
Nutritional epidemiology,Walter Willett,,,1990.0,3.0,"Methodology | Nutrition | Research | Nutrition surveys | Diet | Diet in disease | Epidemiologic Methods | Epidemiology | Nutritionally induced diseases | Adverse effects | Nutrition, research | Nutritional Physiological Phenomena",eng,https://covers.openlibrary.org/b/id/124272-M.jpg,https://openlibrary.org/works/OL2721885W,Open Library API,nutrition,,Nutrition,"Methodology | | Research | surveys | Diet | Diet in disease | Epidemiologic Methods | Epidemiology | ally induced diseases | Adverse effects | , research | al Physiological Phenomena","nutritional epidemiology methodology | | research | surveys | diet | diet in disease | epidemiologic methods | epidemiology | ally induced diseases | adverse effects | , research | al physiological phenomena",4
Acciones y experiencias de seguridad alimentaria en Ecuador,Jaime Durango Flores,,,2002.0,2.0,Food | Safety measures | Food supply,spa,,https://openlibrary.org/works/OL11822292W,Open Library API,food safety,,Food Safety,Food | Safety measures | Food supply,acciones y experiencias de seguridad alimentaria en ecuador food | safety measures | food supply,5
Sabrina and the calf-raising disaster,L. E. Blair | Susan Sloate,,,1992.0,1.0,Agricultural exhibitions | Fiction | Friendship,eng,https://covers.openlibrary.org/b/id/6614372-M.jpg,https://openlibrary.org/works/OL3693848W,Open Library API,agriculture,,Agriculture,Agricultural exhibitions | Fiction | Friendship,sabrina and the calf-raising disaster agricultural exhibitions | fiction | friendship,2
The dynamics of innovation clusters,Magnus Lagnevik | Ingegerd Sjoholm | Anders Lareke | Jacob Ostberg,,,2003.0,4.0,Processed foods | Nutrition policy | Marketing | Competition | Research | Food preferences | Technological innovations | Big business | Food industry and trade | Food manufacturing & related industries | Food Science | Business & Economics | Technology & Industrial Arts | Business/Economics | Industries - Agribusiness | Industrial Management | Europe | Food service management,und | eng,https://covers.openlibrary.org/b/id/2026557-M.jpg,https://openlibrary.org/works/OL18270092W,Open Library API,food business,,Food Business,Processed foods | Nutrition policy | Marketing | Competition | Research | Food preferences | Technological innovations | Big business | Food industry and trade | Food manufacturing & related industries | Food Science | Business & Economics | Technology & Industrial Arts | Business/Economics | Industries - Agribusiness | Industrial Management | Europe | Food service management,the dynamics of innovation clusters processed foods | nutrition policy | marketing | competition | research | food preferences | technological innovations | big business | food industry and trade | food manufacturing & related industries | food science | business & economics | technology & industrial arts | business/economics | industries - agribusiness | industrial management | europe | food service management,1
The gingerbread man,Jim Aylesworth,,,1998.0,5.0,"Fairy tales | Folklore | Folklore, juvenile literature | Children's fiction | Juvenile literature | Foxes, fiction | Baking, fiction",eng,https://covers.openlibrary.org/b/id/385930-M.jpg,https://openlibrary.org/works/OL1857761W,Open Library API,baking,,Baking and Pastry,"Fairy tales | Folklore | Folklore, juvenile literature | Children's fiction | Juvenile literature | Foxes, fiction | , fiction","the gingerbread man fairy tales | folklore | folklore, juvenile literature | children's fiction | juvenile literature | foxes, fiction | , fiction",5
Plant pathology,George N. Agrios,5.0,3.0,1969.0,7.0,Plant diseases | Field crops | Diseases and pests | Plants | Maladies et fleaux | Plantes | Genetic diseases | Maladies et fléaux | Phytopathologie | Anatomy & physiology | Botany | General | Trees | Biology | Horticulture | Microbiology | Entomology | Physical & earth sciences -> earth science -> earth science general | Biological sciences & nutrition -> biology -> human anatomy & physiology | Biological sciences & nutrition -> biology -> botany | Trades & technology -> agriculture -> general | Trades & technology -> horticulture -> introduction to horticulture | General interests & hobbies -> nature -> nature | Biological sciences & nutrition -> biology -> general | Biological sciences & nutrition -> biology -> zoology,eng,https://covers.openlibrary.org/b/id/79301-M.jpg,https://openlibrary.org/works/OL3286237W,Open Library API,nutrition,,Nutrition,Plant diseases | Field crops | Diseases and pests | Plants | Maladies et fleaux | Plantes | Genetic diseases | Maladies et fléaux | Phytopathologie | Anatomy & physiology | Botany | General | Trees | Biology | Horticulture | Microbiology | Entomology | Physical & earth sciences -> earth science -> earth science general | Biological sciences & -> biology -> human anatomy & physiology | Biological sciences & -> biology -> botany | Trades & technology -> agriculture -> general | Trades & technology -> horticulture -> introduction to horticulture | General interests & hobbies -> nature -> nature | Biological sciences & -> biology -> general | Biological sciences & -> biology -> zoology,plant pathology plant diseases | field crops | diseases and pests | plants | maladies et fleaux | plantes | genetic diseases | maladies et fléaux | phytopathologie | anatomy & physiology | botany | general | trees | biology | horticulture | microbiology | entomology | physical & earth sciences -> earth science -> earth science general | biological sciences & -> biology -> human anatomy & physiology | biological sciences & -> biology -> botany | trades & technology -> agriculture -> general | trades & technology -> horticulture -> introduction to horticulture | general interests & hobbies -> nature -> nature | biological sciences & -> biology -> general | biological sciences & -> biology -> zoology,4
Food supplies and food safety,Marion B. Walsch,,,2010.0,2.0,Food | Safety measures | Food security,eng,https://covers.openlibrary.org/b/id/14399239-M.jpg,https://openlibrary.org/works/OL16767264W,Open Library API,food safety,,Food Safety,Food | Safety measures | Food security,food supplies and food safety food | safety measures | food security,5
"Animal, Vegetable, Junk",Mark Bittman,,,2021.0,7.0,"New York Times reviewed | Food habits | Agriculture, social aspects | Agriculture, environmental aspects | Agriculture, united states | Social sciences | History | Agriculture | SOCIAL SCIENCE / Agriculture & Food (see also POLITICAL SCIENCE / Public Policy / Agriculture & Food Policy) | HISTORY / Civilization | HEALTH & FITNESS / Diet & Nutrition / General | Environmental aspects | Social aspects",eng,https://covers.openlibrary.org/b/id/10596449-M.jpg,https://openlibrary.org/works/OL21887182W,Open Library API,agriculture,,Agriculture,"New York Times reviewed | Food habits | , social aspects | , environmental aspects | , united states | Social sciences | History | | SOCIAL SCIENCE / & Food (see also POLITICAL SCIENCE / Public Policy / & Food Policy) | HISTORY / Civilization | HEALTH & FITNESS / Diet & Nutrition / General | Environmental aspects | Social aspects","animal, vegetable, junk new york times reviewed | food habits | , social aspects | , environmental aspects | , united states | social sciences | history | | social science / & food (see also political science / public policy / & food policy) | history / civilization | health & fitness / diet & nutrition / general | environmental aspects | social aspects",2
Metodi moderni di panificazione e fenomeni fermentativi,Arnaldo Luraschi,,,1933.0,1.0,Bread | Fermentation,ita,,https://openlibrary.org/works/OL6167213W,Open Library API,fermentation,,Fermentation,Bread,metodi moderni di panificazione e fenomeni fermentativi bread,3
Contemporary Issues in Food Supply Chain Management,Jane Eastham | Luís De Aguiar | Simon Thelwell,,,2017.0,3.0,Food supply | Management | Produce trade | Business logistics | Produits agricoles | Commerce | Gestion | Logistique (Organisation) | BUSINESS & ECONOMICS | Industries | General,eng,https://covers.openlibrary.org/b/id/13655396-M.jpg,https://openlibrary.org/works/OL27076473W,Open Library API,food business,,Food Business,Food supply | Management | Produce trade | Business logistics | Produits agricoles | Commerce | Gestion | Logistique (Organisation) | BUSINESS & ECONOMICS | Industries | General,contemporary issues in food supply chain management food supply | management | produce trade | business logistics | produits agricoles | commerce | gestion | logistique (organisation) | business & economics | industries | general,1
Tips For Better Baking,Lucy Young,,,2009.0,3.0,Baked products | Baking,eng,https://covers.openlibrary.org/b/id/6301548-M.jpg,https://openlibrary.org/works/OL14934807W,Open Library API,baking,,Baking and Pastry,Baked products,tips for better baking baked products,3
Exercise physiology,William D. McArdle,3.0,3.0,1981.0,13.0,"Exercise | Nutrition | Nutritional Physiological Phenomena | Physiological aspects | Physiological aspects of Exercise | Physiology | Sports medicine | Fysiologische aspecten | Aspect physiologique | Exercice | Lichamelijke inspanning | Physical Exertion | Ernährung | Leistungsphysiologie | Sport | Sportphysiologie | Idrottsfysiologi | Fysiologi | Medicin | Human physiology | Exercise, physiological aspects | Physical fitness",eng,https://covers.openlibrary.org/b/id/1337407-M.jpg,https://openlibrary.org/works/OL1970547W,Open Library API,nutrition,,Nutrition,"Exercise | | al Physiological Phenomena | Physiological aspects | Physiological aspects of Exercise | Physiology | Sports medicine | Fysiologische aspecten | Aspect physiologique | Exercice | Lichamelijke inspanning | Physical Exertion | Ernährung | Leistungsphysiologie | Sport | Sportphysiologie | Idrottsfysiologi | Fysiologi | Medicin | Human physiology | Exercise, physiological aspects | Physical fitness","exercise physiology exercise | | al physiological phenomena | physiological aspects | physiological aspects of exercise | physiology | sports medicine | fysiologische aspecten | aspect physiologique | exercice | lichamelijke inspanning | physical exertion | ernährung | leistungsphysiologie | sport | sportphysiologie | idrottsfysiologi | fysiologi | medicin | human physiology | exercise, physiological aspects | physical fitness",4
The global challenge,M. N. Hall,,,2002.0,2.0,Food | Safety measures | Food supply,eng,https://covers.openlibrary.org/b/id/13354316-M.jpg,https://openlibrary.org/works/OL18881375W,Open Library API,food safety,,Food Safety,Food | Safety measures | Food supply,the global challenge food | safety measures | food supply,5
Introduction to agricultural economics,John B. Penson,,,2010.0,3.0,"Agriculture | Economic aspects | Agriculture, economic aspects",eng,https://covers.openlibrary.org/b/id/10114544-M.jpg,https://openlibrary.org/works/OL18797420W,Open Library API,agriculture,,Agriculture,"Economic aspects | , economic aspects","introduction to agricultural economics economic aspects | , economic aspects",2
Fermenting Food Step by Step,Adam Elabd,,,2015.0,1.0,Fermentation | Food,,https://covers.openlibrary.org/b/id/11521897-M.jpg,https://openlibrary.org/works/OL24769245W,Open Library API,fermentation,,Fermentation,Food,fermenting food step by step food,5
Kosher and Halal Business Compliance,John Lever | Johan Fischer,,,2018.0,5.0,"Kosher food | Jews, dietary laws | Muslims, dietary laws | Food industry and trade | Handbooks, manuals | Kosher food industry | Halal food industry | Food adulteration and inspection | Food law and legislation | Aliments casher | Guides, manuels | Industrie | Aliments halal | BUSINESS & ECONOMICS | Infrastructure | SOCIAL SCIENCE | General",eng,,https://openlibrary.org/works/OL21361027W,Open Library API,food business,,Food Business,"Kosher food | Jews, dietary laws | Muslims, dietary laws | Food industry and trade | Handbooks, manuals | Kosher food industry | Halal food industry | Food adulteration and inspection | Food law and legislation | Aliments casher | Guides, manuels | Industrie | Aliments halal | BUSINESS & ECONOMICS | Infrastructure | SOCIAL SCIENCE | General","kosher and halal business compliance kosher food | jews, dietary laws | muslims, dietary laws | food industry and trade | handbooks, manuals | kosher food industry | halal food industry | food adulteration and inspection | food law and legislation | aliments casher | guides, manuels | industrie | aliments halal | business & economics | infrastructure | social science | general",1
Pastry Love,Joanne Chang,,,2019.0,2.0,Home economics | Baking | Pastry,eng,https://covers.openlibrary.org/b/id/10326966-M.jpg,https://openlibrary.org/works/OL21075302W,Open Library API,baking,,Baking and Pastry,Home economics | | Pastry,pastry love home economics | | pastry,1
A laboratory handbook for dietetics,Mary Swartz Rose,3.3333333,3.0,1912.0,16.0,Dietaries | Alimentation | Nutrition | Food | Dietetics,eng,https://covers.openlibrary.org/b/id/10679960-M.jpg,https://openlibrary.org/works/OL1112900W,Open Library API,nutrition,,Nutrition,Dietaries | Alimentation | | Food | Dietetics,a laboratory handbook for dietetics dietaries | alimentation | | food | dietetics,4
Functional Food: Safety Aspects,Senate Commission on Food Safety SKLM,,,2004.0,3.0,Nonfiction | Science | Technology | Food contamination | Food | Congresses | Nutrition | Consumer Product Safety | Functional foods | Safety measures,eng,https://covers.openlibrary.org/b/id/3224288-M.jpg,https://openlibrary.org/works/OL10055798W,Open Library API,food safety,,Food Safety,Nonfiction | Science | Technology | Food contamination | Food | Congresses | Nutrition | Consumer Product Safety | Functional foods | Safety measures,functional food: safety aspects nonfiction | science | technology | food contamination | food | congresses | nutrition | consumer product safety | functional foods | safety measures,5
That Wild Country,Mark Kenyon,,,2019.0,3.0,Agriculture,,https://covers.openlibrary.org/b/id/10097083-M.jpg,https://openlibrary.org/works/OL20800412W,Open Library API,agriculture,,Agriculture,,that wild country,0
Fermentation Revolution,Sebastien Bureau | David Cote,,,2018.0,1.0,Cooking | Fermentation,,https://covers.openlibrary.org/b/id/9240203-M.jpg,https://openlibrary.org/works/OL20599476W,Open Library API,fermentation,,Fermentation,Cooking,fermentation revolution cooking,3
Nutrition for foodservice and culinary professionals,Karen Eich Drummond,,,2001.0,5.0,Nutrition | Foodservice | Food service | Lehrbuch | Catering | Engineering | Nonfiction | Ernährung | Technology | Food Services | Nutritional Sciences | Services alimentaires | Business &amp; economics | Industries,eng,https://covers.openlibrary.org/b/id/1249057-M.jpg,https://openlibrary.org/works/OL2886081W,Open Library API,food business,,Food Business,Nutrition | Foodservice | Food service | Lehrbuch | Catering | Engineering | Nonfiction | Ernährung | Technology | Food Services | Nutritional Sciences | Services alimentaires | Business &amp; economics | Industries,nutrition for foodservice and culinary professionals nutrition | foodservice | food service | lehrbuch | catering | engineering | nonfiction | ernährung | technology | food services | nutritional sciences | services alimentaires | business &amp; economics | industries,1
Junior Baker,Williams Sonoma Test Kitchen,,,2018.0,1.0,Baking | Baking -- Juvenile literature | Cookbooks,,https://covers.openlibrary.org/b/id/8833370-M.jpg,https://openlibrary.org/works/OL20185000W,Open Library API,baking,,Baking and Pastry,-- Juvenile literature | Cookbooks,junior baker -- juvenile literature | cookbooks,3
Essentials of food and nutrition,M. Swaminathan,5.0,1.0,1974.0,2.0,Food | Nutrition,eng,,https://openlibrary.org/works/OL335242W,Open Library API,nutrition,,Nutrition,Food,essentials of food and nutrition food,4
Food safety handbook,Ronald H. Schmidt | Gary E. Rodrick,,,2003.0,3.0,Safety measures | Food industry and trade | Sanitation | Food Contamination | Prevention & control | Food Industry | Safety Management,eng,https://covers.openlibrary.org/b/id/8650204-M.jpg,https://openlibrary.org/works/OL19850744W,Open Library API,food safety,,Food Safety,Safety measures | Food industry and trade | Sanitation | Food Contamination | Prevention & control | Food Industry | Safety Management,food safety handbook safety measures | food industry and trade | sanitation | food contamination | prevention & control | food industry | safety management,5
Agriculture,Charles Canniff James,,,1898.0,5.0,Agriculture,eng,,https://openlibrary.org/works/OL1471222W,Open Library API,agriculture,,Agriculture,,agriculture,1
Fermentation microbiology and biotechnology,Mansi El-Mansi,,,2006.0,2.0,Fermentation | Microbial biotechnology | Industrial Microbiology | Physiology | Microbiological Techniques | Biotechnology | Microbiology,eng,https://covers.openlibrary.org/b/id/11485646-M.jpg,https://openlibrary.org/works/OL18411770W,Open Library API,fermentation,,Fermentation,Microbial biotechnology | Industrial Microbiology | Physiology | Microbiological Techniques | Biotechnology | Microbiology,fermentation microbiology and biotechnology microbial biotechnology | industrial microbiology | physiology | microbiological techniques | biotechnology | microbiology,0
"Postcolonialism, Indigeneity and Struggles for Food Sovereignty",Marisa Wilson,,,2016.0,5.0,Food supply | Indigenous peoples | Postcolonialism | Food sovereignty | Cross-cultural studies | Food | BUSINESS & ECONOMICS | Industries | General | Social aspects,eng,,https://openlibrary.org/works/OL21294580W,Open Library API,food business,,Food Business,Food supply | Indigenous peoples | Postcolonialism | Food sovereignty | Cross-cultural studies | Food | BUSINESS & ECONOMICS | Industries | General | Social aspects,"postcolonialism, indigeneity and struggles for food sovereignty food supply | indigenous peoples | postcolonialism | food sovereignty | cross-cultural studies | food | business & economics | industries | general | social aspects",1
Walter the baker,Eric Carle,3.5714285,7.0,1972.0,20.0,"Pretzels | Juvenile fiction | Fiction | Bakers and bakeries | Bakers | Pictorial works | Children: Kindergarten | Children's fiction | Baking, fiction | Cooking, fiction | Bakeries | JUVENILE FICTION / Cooking & Food | JUVENILE FICTION / Legends, Myths, Fables | Food, fiction | Bretzels | Romans, nouvelles, etc. pour la jeunesse",eng | spa | ger,https://covers.openlibrary.org/b/id/433801-M.jpg,https://openlibrary.org/works/OL53019W,Open Library API,baking,,Baking and Pastry,"Pretzels | Juvenile fiction | Fiction | Bakers and bakeries | Bakers | Pictorial works | Children: Kindergarten | Children's fiction | , fiction | Cooking, fiction | Bakeries | JUVENILE FICTION / Cooking & Food | JUVENILE FICTION / Legends, Myths, Fables | Food, fiction | Bretzels | Romans, nouvelles, etc. pour la jeunesse","walter the baker pretzels | juvenile fiction | fiction | bakers and bakeries | bakers | pictorial works | children: kindergarten | children's fiction | , fiction | cooking, fiction | bakeries | juvenile fiction / cooking & food | juvenile fiction / legends, myths, fables | food, fiction | bretzels | romans, nouvelles, etc. pour la jeunesse",3
The complete idiot's guide to total nutrition,"M.S., R.D., C.D.N., Joy Bauer | Joy Bauer",,,1999.0,4.0,Nutrition,eng,https://covers.openlibrary.org/b/id/18159-M.jpg,https://openlibrary.org/works/OL18155378W,Open Library API,nutrition,,Nutrition,,the complete idiot's guide to total nutrition,4
Food microbiology,M. R Adams,,,2008.0,1.0,"Food | Microbiology | Food, microbiology | Food & beverage technology | Microbiology (non-medical) | Chemistry | Technology | Microbiology & Immunology | Biology | Health & Biological Sciences | Food Microbiology | Food Technology | Environmental Microbiology | Food Contamination | Environmental Pollution | Food Safety | Food Industry | Public Health | Industry | Environment and Public Health | Delivery of Health Care | Biological Science Disciplines | Technology, Industry, and Agriculture | Natural Science Disciplines | Disciplines and Occupations",eng,https://covers.openlibrary.org/b/id/9832350-M.jpg,https://openlibrary.org/works/OL12099928W,Open Library API,food safety,,Food Safety,"Food | Microbiology | Food, microbiology | Food & beverage technology | Microbiology (non-medical) | Chemistry | Technology | Microbiology & Immunology | Biology | Health & Biological Sciences | Food Microbiology | Food Technology | Environmental Microbiology | Food Contamination | Environmental Pollution | | Food Industry | Public Health | Industry | Environment and Public Health | Delivery of Health Care | Biological Science Disciplines | Technology, Industry, and Agriculture | Natural Science Disciplines | Disciplines and Occupations","food microbiology food | microbiology | food, microbiology | food & beverage technology | microbiology (non-medical) | chemistry | technology | microbiology & immunology | biology | health & biological sciences | food microbiology | food technology | environmental microbiology | food contamination | environmental pollution | | food industry | public health | industry | environment and public health | delivery of health care | biological science disciplines | technology, industry, and agriculture | natural science disciplines | disciplines and occupations",5
Plantation agriculture,P. P. Courtenay,2.0,1.0,1965.0,7.0,"Tropical crops | Plantations | Cultures tropicales | Plantagenwirtschaft | Agricultural geography | Agriculture, united states | Agriculture",eng,https://covers.openlibrary.org/b/id/10313118-M.jpg,https://openlibrary.org/works/OL2428519W,Open Library API,agriculture,,Agriculture,"Tropical crops | Plantations | Cultures tropicales | Plantagenwirtschaft | Agricultural geography | , united states","plantation agriculture tropical crops | plantations | cultures tropicales | plantagenwirtschaft | agricultural geography | , united states",2
"A practical treatise on brewing, and on storing of beer. Deduced from forty years' experience","Black, William practical brewer",5.0,1.0,1835.0,1.0,Brewing | Beer | Fermentation,eng,https://covers.openlibrary.org/b/id/11032076-M.jpg,https://openlibrary.org/works/OL24443150W,Open Library API,fermentation,,Fermentation,Brewing | Beer,"a practical treatise on brewing, and on storing of beer. deduced from forty years' experience brewing | beer",0
Start your own restaurant and more,Jacquelyn Lynn,,,2012.0,1.0,New business enterprises | Food service management | Restaurant management,eng,https://covers.openlibrary.org/b/id/11848916-M.jpg,https://openlibrary.org/works/OL16521766W,Open Library API,food business,,Food Business,New business enterprises | Food service management | Restaurant management,start your own restaurant and more new business enterprises | food service management | restaurant management,1
Community nutrition in action,Marie A. Boyle | David H. Holben | Marie Boyle | Diane H. Morris,,,1994.0,13.0,"Community health services | Nutrition policy | Nutrition | Services communautaires de Sante | Nutrition Policy | Community Health Services | Politique alimentaire | Nutritional Physiological Phenomena | Personal & public health | Nursing - Nutrition | Medical / Nursing | Textbooks | Medical | Medical / Nursing / Nutrition | Community care | Dietetics & nutrition | Physiology | Nutrition And Public Health | Politics / Current Events | United States | General | Santé, Services communautaires de | Services communautaires de sante | Nutritional physiological phenomena | Nursing - nutrition | Medical / nursing | Medical / nursing / nutrition | Nutrition and public health | Politics / current events | United states",eng,https://covers.openlibrary.org/b/id/364073-M.jpg,https://openlibrary.org/works/OL1956796W,Open Library API,nutrition,,Nutrition,"Community health services | policy | | Services communautaires de Sante | Policy | Community Health Services | Politique alimentaire | al Physiological Phenomena | Personal & public health | Nursing - | Medical / Nursing | Textbooks | Medical | Medical / Nursing / | Community care | Dietetics & | Physiology | And Public Health | Politics / Current Events | United States | General | Santé, Services communautaires de | Services communautaires de sante | al physiological phenomena | Nursing - | Medical / nursing | Medical / nursing / | and public health | Politics / current events | United states","community nutrition in action community health services | policy | | services communautaires de sante | policy | community health services | politique alimentaire | al physiological phenomena | personal & public health | nursing - | medical / nursing | textbooks | medical | medical / nursing / | community care | dietetics & | physiology | and public health | politics / current events | united states | general | santé, services communautaires de | services communautaires de sante | al physiological phenomena | nursing - | medical / nursing | medical / nursing / | and public health | politics / current events | united states",4
Intentional and unintentional contaminants in food and feed,Fadwa Al-Taher | Lauren S. Jackson | Jonathan W. DeVries,,,2009.0,2.0,"Safety measures | Food contamination | Food | Congresses | Safety regulations | Microbiology | Food, microbiology",eng,https://covers.openlibrary.org/b/id/12719836-M.jpg,https://openlibrary.org/works/OL15973741W,Open Library API,food safety,,Food Safety,"Safety measures | Food contamination | Food | Congresses | Safety regulations | Microbiology | Food, microbiology","intentional and unintentional contaminants in food and feed safety measures | food contamination | food | congresses | safety regulations | microbiology | food, microbiology",5
Our plundered planet,Fairfield Osborn,,,1948.0,6.0,Agriculture | Erosion | Soil conservation | Soil erosion,eng,https://covers.openlibrary.org/b/id/9518331-M.jpg,https://openlibrary.org/works/OL6926091W,Open Library API,agriculture,,Agriculture,Erosion | Soil conservation | Soil erosion,our plundered planet erosion | soil conservation | soil erosion,2
The essential book of fermentation,"Cox, Jeff",,,2013.0,1.0,Fermented foods | Probiotics | Fermentation | Food | Dietary supplements,eng,https://covers.openlibrary.org/b/id/13056719-M.jpg,https://openlibrary.org/works/OL19969059W,Open Library API,fermentation,,Fermentation,Fermented foods | Probiotics | | Food | Dietary supplements,the essential book of fermentation fermented foods | probiotics | | food | dietary supplements,0
Start Run A Homebased Food Business,Mimi Shotland Fix,,,2009.0,3.0,Food industry and trade | Home-based businesses | Management | New business enterprises | Industrial management,eng,https://covers.openlibrary.org/b/id/7706704-M.jpg,https://openlibrary.org/works/OL17502466W,Open Library API,food business,,Food Business,Food industry and trade | Home-based businesses | Management | New business enterprises | Industrial management,start run a homebased food business food industry and trade | home-based businesses | management | new business enterprises | industrial management,1
Country Baking,Ken Haedrich,,,1990.0,3.0,Baking | Cooking (Cereals),eng,https://covers.openlibrary.org/b/id/835886-M.jpg,https://openlibrary.org/works/OL2714708W,Open Library API,baking,,Baking and Pastry,Cooking (Cereals),country baking cooking (cereals),3
Essentials of nutrition and diet therapy,"Williams, Sue Rodwell.",,,1974.0,10.0,Diet therapy | Nutrition | Nutrition Physiology | Nutritional Physiological Phenomena,eng,https://covers.openlibrary.org/b/id/4149125-M.jpg,https://openlibrary.org/works/OL2231037W,Open Library API,nutrition,,Nutrition,Diet therapy | | Physiology | al Physiological Phenomena,essentials of nutrition and diet therapy diet therapy | | physiology | al physiological phenomena,4
Principles of aseptic processing and packaging,Dane T. Bernard,,,1980.0,4.0,Food | Packaging | Preservation | Food industry and trade | Sanitation | Food handling | Food contamination | Microbiology | Health risk assessment | Hazard Analysis and Critical Control Point (Food safety system),eng,https://covers.openlibrary.org/b/id/12476272-M.jpg,https://openlibrary.org/works/OL18848039W,Open Library API,food safety,,Food Safety,Food | Packaging | Preservation | Food industry and trade | Sanitation | Food handling | Food contamination | Microbiology | Health risk assessment | Hazard Analysis and Critical Control Point ( system),principles of aseptic processing and packaging food | packaging | preservation | food industry and trade | sanitation | food handling | food contamination | microbiology | health risk assessment | hazard analysis and critical control point ( system),5
Soil microbiology,N. S. Subba Rao,,,1999.0,1.0,Agricultural microbiology | Soil microbiology,eng,https://covers.openlibrary.org/b/id/2930711-M.jpg,https://openlibrary.org/works/OL23706849W,Open Library API,agriculture,,Agriculture,Agricultural microbiology | Soil microbiology,soil microbiology agricultural microbiology | soil microbiology,0
Health Benefits of Fermented Foods and Beverages,Jyoti Prakash Tamang,,,2015.0,5.0,Food | Functional Food | Functional foods | Fermented beverages | Vegetables | Fermented foods | Microbiology | Soy Foods | Health aspects | Cultured Milk Products | Fermentation,eng,https://covers.openlibrary.org/b/id/13333454-M.jpg,https://openlibrary.org/works/OL21272517W,Open Library API,fermentation,,Fermentation,Food | Functional Food | Functional foods | Fermented beverages | Vegetables | Fermented foods | Microbiology | Soy Foods | Health aspects | Cultured Milk Products,health benefits of fermented foods and beverages food | functional food | functional foods | fermented beverages | vegetables | fermented foods | microbiology | soy foods | health aspects | cultured milk products,0
Britain's Food Supplies,K. G. Fenelon,,,2019.0,6.0,"Food supply | Great britain, social conditions | BUSINESS & ECONOMICS | General",eng,,https://openlibrary.org/works/OL25756426W,Open Library API,food business,,Food Business,"Food supply | Great britain, social conditions | BUSINESS & ECONOMICS | General","britain's food supplies food supply | great britain, social conditions | business & economics | general",1
Muffins Galore,Catherine Atkinson,,,2006.0,4.0,Muffins | Baking,eng,https://covers.openlibrary.org/b/id/14321173-M.jpg,https://openlibrary.org/works/OL4569190W,Open Library API,baking,,Baking and Pastry,Muffins,muffins galore muffins,3
How to eat well and stay well the Mediterranean way,Ancel Benjamin Keys | Margaret Keys,,,1975.0,1.0,Diet | Mediterranean Cookery | Nutrition surveys,eng,https://covers.openlibrary.org/b/id/12178898-M.jpg,https://openlibrary.org/works/OL6557766W,Open Library API,nutrition,,Nutrition,Diet | Mediterranean Cookery | surveys,how to eat well and stay well the mediterranean way diet | mediterranean cookery | surveys,4
Food safety and toxicity,John De Vries,,,1996.0,4.0,Food | Toxicology | Safety measures | Food industry and trade | Food adulteration and inspection,eng,https://covers.openlibrary.org/b/id/1599213-M.jpg,https://openlibrary.org/works/OL18231352W,Open Library API,food safety,,Food Safety,Food | Toxicology | Safety measures | Food industry and trade | Food adulteration and inspection,food safety and toxicity food | toxicology | safety measures | food industry and trade | food adulteration and inspection,5
Financial management in agriculture,Peter J. Barry | Paul N. Ellinger | John A. Hopkin | C. B. Baker,,,1999.0,2.0,"Management | Agriculture | Finance | Agriculture & Farming | Agriculture - General | Business & Economics | Technology & Industrial Arts | Textbooks | Business/Economics | Technology / Agriculture & Animal Husbandry | Agriculture, economic aspects | Agricultural sciences | Credit & debt | Public affairs & policies | Industries - general & miscellaneous",eng,https://covers.openlibrary.org/b/id/1540635-M.jpg,https://openlibrary.org/works/OL19240596W,Open Library API,agriculture,,Agriculture,"Management | | Finance | & Farming | - General | Business & Economics | Technology & Industrial Arts | Textbooks | Business/Economics | Technology / & Animal Husbandry | , economic aspects | Agricultural sciences | Credit & debt | Public affairs & policies | Industries - general & miscellaneous","financial management in agriculture management | | finance | & farming | - general | business & economics | technology & industrial arts | textbooks | business/economics | technology / & animal husbandry | , economic aspects | agricultural sciences | credit & debt | public affairs & policies | industries - general & miscellaneous",2
Brewing yeast and fermentation,Chris Boulton,,,2001.0,2.0,Brewing | Yeast | Fermentation | Malt,eng,,https://openlibrary.org/works/OL8208123W,Open Library API,fermentation,,Fermentation,Brewing | Yeast | | Malt,brewing yeast and fermentation brewing | yeast | | malt,0
Start your own food truck business,Richard Mintzer,,,2011.0,1.0,"Food service | Management | New business enterprises | Food industry and trade | Food service management | Business enterprises, united states",eng,,https://openlibrary.org/works/OL16014040W,Open Library API,food business,,Food Business,"Food service | Management | New business enterprises | Food industry and trade | Food service management | Business enterprises, united states","start your own food truck business food service | management | new business enterprises | food industry and trade | food service management | business enterprises, united states",1
Professional Bread Baking,Culinary Institute of America.,,,2014.0,1.0,Bread | Baking,,https://covers.openlibrary.org/b/id/7597674-M.jpg,https://openlibrary.org/works/OL17447698W,Open Library API,baking,,Baking and Pastry,Bread,professional bread baking bread,3
Food regulation and safety,Kevin Hillstrom,,,2012.0,1.0,"Safety measures | Food contamination | Food | JUVENILE NONFICTION / Health & Daily Living / Safety | Juvenile literature | Prevention | JUVENILE NONFICTION / Health & Daily Living / Diseases, Illnesses & Injuries | Health & Daily Living | JUVENILE NONFICTION | Safety | Food Contamination | Diseases, Illnesses & Injuries | Food, juvenile literature",eng,https://covers.openlibrary.org/b/id/8249257-M.jpg,https://openlibrary.org/works/OL16563949W,Open Library API,food safety,,Food Safety,"Safety measures | Food contamination | Food | JUVENILE NONFICTION / Health & Daily Living / Safety | Juvenile literature | Prevention | JUVENILE NONFICTION / Health & Daily Living / Diseases, Illnesses & Injuries | Health & Daily Living | JUVENILE NONFICTION | Safety | Food Contamination | Diseases, Illnesses & Injuries | Food, juvenile literature","food regulation and safety safety measures | food contamination | food | juvenile nonfiction / health & daily living / safety | juvenile literature | prevention | juvenile nonfiction / health & daily living / diseases, illnesses & injuries | health & daily living | juvenile nonfiction | safety | food contamination | diseases, illnesses & injuries | food, juvenile literature",5
Global Obligations for the Right to Food,Kent George,,,2007.0,4.0,Prevention | Hunger | International cooperation | Social responsibility of business | Food relief | Food supply | Right to food,eng,https://covers.openlibrary.org/b/id/5423787-M.jpg,https://openlibrary.org/works/OL9478188W,Open Library API,food business,,Food Business,Prevention | Hunger | International cooperation | Social responsibility of business | Food relief | Food supply | Right to food,global obligations for the right to food prevention | hunger | international cooperation | social responsibility of business | food relief | food supply | right to food,1
Bake off cook book.,Pillsbury Company,,,1968.0,1.0,Baking,eng,https://covers.openlibrary.org/b/id/6384806-M.jpg,https://openlibrary.org/works/OL15158941W,Open Library API,baking,,Baking and Pastry,,bake off cook book.,3
Mental and elemental nutrients,Carl Curt Pfeiffer,,,1975.0,1.0,Diet | Mental illness | Nutrition | Nutritional aspects | Nutritional aspects of Mental illness | Nutritional Physiological Phenomena | Mental Disorders | Classification | Books | International law | Relations,eng,https://covers.openlibrary.org/b/id/4734342-M.jpg,https://openlibrary.org/works/OL4964744W,Open Library API,nutrition,,Nutrition,Diet | Mental illness | | al aspects | al aspects of Mental illness | al Physiological Phenomena | Mental Disorders | Classification | Books | International law | Relations,mental and elemental nutrients diet | mental illness | | al aspects | al aspects of mental illness | al physiological phenomena | mental disorders | classification | books | international law | relations,4
Food safety and quality,United States. General Accounting Office,,,1990.0,9.0,Evaluation | Inspection | United States | Food adulteration and inspection | Meat inspection | Standards | Food | Cheese | Imports | United States. Food and Drug Administration | Safety regulations | Aflatoxins | Rules and practice | Testing | Foreign trade regulation | Health aspects | Government policy | Bottled water | Milk contamination | Food contamination | Law and legislation | United States. Food Safety and Inspection Service | Produce trade | Technology innovations | Drinking water | Veterinary drug residues | Food poisoning | Food industry and trade | Quality | Milk,eng,,https://openlibrary.org/works/OL564984W,Open Library API,food safety,,Food Safety,Evaluation | Inspection | United States | Food adulteration and inspection | Meat inspection | Standards | Food | Cheese | Imports | United States. Food and Drug Administration | Safety regulations | Aflatoxins | Rules and practice | Testing | Foreign trade regulation | Health aspects | Government policy | Bottled water | Milk contamination | Food contamination | Law and legislation | United States. and Inspection Service | Produce trade | Technology innovations | Drinking water | Veterinary drug residues | Food poisoning | Food industry and trade | Quality | Milk,food safety and quality evaluation | inspection | united states | food adulteration and inspection | meat inspection | standards | food | cheese | imports | united states. food and drug administration | safety regulations | aflatoxins | rules and practice | testing | foreign trade regulation | health aspects | government policy | bottled water | milk contamination | food contamination | law and legislation | united states. and inspection service | produce trade | technology innovations | drinking water | veterinary drug residues | food poisoning | food industry and trade | quality | milk,5
Naar de Republiek Indonesia,Tan Malaka,4.5,2.0,1962.0,4.0,Republics | Indonesia | Agriculture | Economic aspects | Statistics,eng | ind,https://covers.openlibrary.org/b/id/14840637-M.jpg,https://openlibrary.org/works/OL311784W,Open Library API,agriculture,,Agriculture,Republics | Indonesia | | Economic aspects | Statistics,naar de republiek indonesia republics | indonesia | | economic aspects | statistics,2
"Les microbes, les ferments et les moisissures",Édouard Louis Trouessart,,,1886.0,2.0,Bacteria | Bacteriology | Fermentation | Fungi,fre,https://covers.openlibrary.org/b/id/9624166-M.jpg,https://openlibrary.org/works/OL7548197W,Open Library API,fermentation,,Fermentation,Bacteria | Bacteriology | | Fungi,"les microbes, les ferments et les moisissures bacteria | bacteriology | | fungi",4
Taste trade and technology,Richard Perren,,,2006.0,6.0,Meat industry and trade | Government policy | History | BUSINESS & ECONOMICS | Industries | General | Food Supply | Food Industry,eng,https://covers.openlibrary.org/b/id/1410536-M.jpg,https://openlibrary.org/works/OL2377904W,Open Library API,food business,,Food Business,Meat industry and trade | Government policy | History | BUSINESS & ECONOMICS | Industries | General | Food Supply | Food Industry,taste trade and technology meat industry and trade | government policy | history | business & economics | industries | general | food supply | food industry,1
Sarabeth's Good Morning Cookbook,Sarabeth Levine | Genevieve Ko,,,2016.0,2.0,Breakfasts | Brunches | Baking,eng,https://covers.openlibrary.org/b/id/8805686-M.jpg,https://openlibrary.org/works/OL20160253W,Open Library API,baking,,Baking and Pastry,Breakfasts | Brunches,sarabeth's good morning cookbook breakfasts | brunches,3
Clinical nutrition,Marinos Elia,,,2013.0,6.0,Nutrition Therapy | Nutritional Physiological Phenomena | Diet therapy,eng,,https://openlibrary.org/works/OL16673011W,Open Library API,nutrition,,Nutrition,Therapy | al Physiological Phenomena | Diet therapy,clinical nutrition therapy | al physiological phenomena | diet therapy,4
Compliance manual for food quality & safety,J.J. Keller & Associates,,,1998.0,1.0,Food law and legislation | Safety measures | Safety regulations | Food industry and trade,eng,,https://openlibrary.org/works/OL18243959W,Open Library API,food safety,,Food Safety,Food law and legislation | Safety measures | Safety regulations | Food industry and trade,compliance manual for food quality & safety food law and legislation | safety measures | safety regulations | food industry and trade,5
Agroecology,Miguel A. Altieri,,,1987.0,16.0,Agricultural ecology | Agriculture | Sustainable agriculture | Ecology | Agrarökologie | Aufsatzsammlung | Biologische Landwirtschaft | Biologischer Landbau | Duurzame landbouw | Ecologie | S589.7 .a47 1995 | 338.16/2,spa | eng | ita,https://covers.openlibrary.org/b/id/3909931-M.jpg,https://openlibrary.org/works/OL3738187W,Open Library API,agriculture,,Agriculture,Agricultural ecology | | Sustainable | Ecology | Agrarökologie | Aufsatzsammlung | Biologische Landwirtschaft | Biologischer Landbau | Duurzame landbouw | Ecologie | S589.7 .a47 1995 | 338.16/2,agroecology agricultural ecology | | sustainable | ecology | agrarökologie | aufsatzsammlung | biologische landwirtschaft | biologischer landbau | duurzame landbouw | ecologie | s589.7 .a47 1995 | 338.16/2,2
Membrane processes for the treatment of process streams in the corn wet milling and fermentation industries,Ting-Shiang Lee,,,1979.0,2.0,Membranes (Technology) | Distillation | Fermentation,eng,,https://openlibrary.org/works/OL31489595W,Open Library API,fermentation,,Fermentation,Membranes (Technology) | Distillation,membrane processes for the treatment of process streams in the corn wet milling and fermentation industries membranes (technology) | distillation,1
Food Production and Nature Conservation,Iain Gordon | Herbert Prins | Geoff R. Squire,,,2016.0,6.0,Food supply | Nature conservation | Food industry and trade | Environmental aspects | Food security | Environmental protection | Sustainable agriculture | BUSINESS & ECONOMICS | Industries | General,eng,,https://openlibrary.org/works/OL21281779W,Open Library API,food business,,Food Business,Food supply | Nature conservation | Food industry and trade | Environmental aspects | Food security | Environmental protection | Sustainable agriculture | BUSINESS & ECONOMICS | Industries | General,food production and nature conservation food supply | nature conservation | food industry and trade | environmental aspects | food security | environmental protection | sustainable agriculture | business & economics | industries | general,1
Amy's baking year,Amy-Beth Ellice,,,2014.0,2.0,Desserts | Cookbooks | Baking,eng,https://covers.openlibrary.org/b/id/10199573-M.jpg,https://openlibrary.org/works/OL20877024W,Open Library API,baking,,Baking and Pastry,Desserts | Cookbooks,amy's baking year desserts | cookbooks,3
Personal nutrition,Marie A. Boyle | Marie A. Boyle Struble | Sara Long,,,1989.0,11.0,Nutrition | Diets & dieting | Health/Fitness | Health & Fitness | Consumer Health | Health & Fitness / Nutrition | Nursing - Nutrition | Nutrition Physiology,eng,https://covers.openlibrary.org/b/id/2377987-M.jpg,https://openlibrary.org/works/OL1956797W,Open Library API,nutrition,,Nutrition,Diets & dieting | Health/Fitness | Health & Fitness | Consumer Health | Health & Fitness / | Nursing - | Physiology,personal nutrition diets & dieting | health/fitness | health & fitness | consumer health | health & fitness / | nursing - | physiology,4
Food safety culture,Frank Yiannas,,,2007.0,3.0,Safety measures | Food service | Food handling | Food service employees | Training of | Food industry and trade | Standards | Organizational behavior | Food adulteration and inspection,eng,https://covers.openlibrary.org/b/id/8650203-M.jpg,https://openlibrary.org/works/OL9336068W,Open Library API,food safety,,Food Safety,Safety measures | Food service | Food handling | Food service employees | Training of | Food industry and trade | Standards | Organizational behavior | Food adulteration and inspection,food safety culture safety measures | food service | food handling | food service employees | training of | food industry and trade | standards | organizational behavior | food adulteration and inspection,5
Ten acres enough,"Morris, Edmund | Edmund Morris | Morris Edmund Morris | Ralph C Miller | Robert Plamondon | Roberts, Isaac Phillips | Lynn R. Miller | Rebecca Perkins | Edmund Morris | Isaac Phillips Roberts",,,1864.0,26.0,Small Farms | Farm management | Agriculture | Business | Popular works | Juvenile literature | Fruit-culture | Marketing | Farm produce | Economic aspects of Agriculture | Economic aspects | Farms,eng,https://covers.openlibrary.org/b/id/10934943-M.jpg,https://openlibrary.org/works/OL1961996W,Open Library API,agriculture,,Agriculture,Small Farms | Farm management | | Business | Popular works | Juvenile literature | Fruit-culture | Marketing | Farm produce | Economic aspects of | Economic aspects | Farms,ten acres enough small farms | farm management | | business | popular works | juvenile literature | fruit-culture | marketing | farm produce | economic aspects of | economic aspects | farms,2
Field Guide to Cheese,Tristan Sicard,,,2020.0,2.0,Home economics | Cheese | Fermentation,eng,,https://openlibrary.org/works/OL20744065W,Open Library API,fermentation,,Fermentation,Home economics | Cheese,field guide to cheese home economics | cheese,1
Halal Business Management,Marco Tieman,,,2020.0,6.0,"Banks and banking, islamic countries | Agricultural industries | Food industry and trade | Health services administration | Corporations, growth | Halal food industry | Management | Marketing | Aliments halal | Industrie | Gestion | BUSINESS & ECONOMICS | Development | Business Development | Industries | General | RELIGION | Islam | Law",eng,,https://openlibrary.org/works/OL22156465W,Open Library API,food business,,Food Business,"Banks and banking, islamic countries | Agricultural industries | Food industry and trade | Health services administration | Corporations, growth | Halal food industry | Management | Marketing | Aliments halal | Industrie | Gestion | BUSINESS & ECONOMICS | Development | Business Development | Industries | General | RELIGION | Islam | Law","halal business management banks and banking, islamic countries | agricultural industries | food industry and trade | health services administration | corporations, growth | halal food industry | management | marketing | aliments halal | industrie | gestion | business & economics | development | business development | industries | general | religion | islam | law",1
Amy's Bread,Amy Scherber,4.0,1.0,1996.0,8.0,Bread | Amy's Bread (Bakery) | Baking,eng,https://covers.openlibrary.org/b/id/430947-M.jpg,https://openlibrary.org/works/OL3752828W,Open Library API,baking,,Baking and Pastry,Bread | Amy's Bread (Bakery),amy's bread bread | amy's bread (bakery),3
Peace over Pain,Kevin Reese,,,2022.0,2.0,Health | Nutrition,eng,,https://openlibrary.org/works/OL27871604W,Open Library API,nutrition,,Nutrition,Health,peace over pain health,4
Hospitality Industry Handbook on Hygiene and Safety,L. Gordon-Davis,,,1999.0,1.0,"Tourism | Handbooks, manuals | Hospitality industry | Safety measures | Employees | Health and hygiene | Industrial safety | Food science | Sanitation | Food handling",eng,https://covers.openlibrary.org/b/id/2550245-M.jpg,https://openlibrary.org/works/OL9563679W,Open Library API,food safety,,Food Safety,"Tourism | Handbooks, manuals | Hospitality industry | Safety measures | Employees | Health and hygiene | Industrial safety | Food science | Sanitation | Food handling","hospitality industry handbook on hygiene and safety tourism | handbooks, manuals | hospitality industry | safety measures | employees | health and hygiene | industrial safety | food science | sanitation | food handling",5
In Dubious Battle,John Steinbeck,3.6666667,6.0,1936.0,68.0,"Apple growers | Classic Literature | Fiction | Fiction in English | Labor movement | Literature | Migrant agricultural laborers | Strikes and lockouts | Agricultural laborers | Political fiction | Strikes | Ficiton | Migrant labor | Large type books | California, fiction | Fiction, political | American fiction (fictional works by one author) | Fiction, historical, general | Romans, nouvelles | Travailleurs agricoles | Grèves et lock-out | Mouvement ouvrier | Landarbeiter | Streik",dut | ita | tur | chi | ger | fre | eng,https://covers.openlibrary.org/b/id/6517309-M.jpg,https://openlibrary.org/works/OL23198W,Open Library API,agriculture,,Agriculture,"Apple growers | Classic Literature | Fiction | Fiction in English | Labor movement | Literature | Migrant agricultural laborers | Strikes and lockouts | Agricultural laborers | Political fiction | Strikes | Ficiton | Migrant labor | Large type books | California, fiction | Fiction, political | American fiction (fictional works by one author) | Fiction, historical, general | Romans, nouvelles | Travailleurs agricoles | Grèves et lock-out | Mouvement ouvrier | Landarbeiter | Streik","in dubious battle apple growers | classic literature | fiction | fiction in english | labor movement | literature | migrant agricultural laborers | strikes and lockouts | agricultural laborers | political fiction | strikes | ficiton | migrant labor | large type books | california, fiction | fiction, political | american fiction (fictional works by one author) | fiction, historical, general | romans, nouvelles | travailleurs agricoles | grèves et lock-out | mouvement ouvrier | landarbeiter | streik",2
Food Industries of Europe in the Nineteenth and Twentieth Centuries,Derek J. Oddy | Alain Drouard,,,2013.0,6.0,"Food industry and trade | Food habits | Food, preservation | Europe, history, 19th century | History | Food presentation | Industries, europe | BUSINESS & ECONOMICS | Industries | Agribusiness | TECHNOLOGY & ENGINEERING | Agriculture | Sustainable Agriculture | Food Industry",eng,,https://openlibrary.org/works/OL21248773W,Open Library API,food business,,Food Business,"Food industry and trade | Food habits | Food, preservation | Europe, history, 19th century | History | Food presentation | Industries, europe | BUSINESS & ECONOMICS | Industries | Agribusiness | TECHNOLOGY & ENGINEERING | Agriculture | Sustainable Agriculture | Food Industry","food industries of europe in the nineteenth and twentieth centuries food industry and trade | food habits | food, preservation | europe, history, 19th century | history | food presentation | industries, europe | business & economics | industries | agribusiness | technology & engineering | agriculture | sustainable agriculture | food industry",1
Baking,James Peterson,,,2009.0,1.0,Baking | Baked products,,https://covers.openlibrary.org/b/id/6300547-M.jpg,https://openlibrary.org/works/OL14988313W,Open Library API,baking,,Baking and Pastry,Baked products,baking baked products,3
"How to Eat, Move and Be Healthy!",Paul Chek,5.0,2.0,2004.0,6.0,"Physical fitness | Handbooks, manuals | Exercise | Nutrition | Health",eng,https://covers.openlibrary.org/b/id/847549-M.jpg,https://openlibrary.org/works/OL8830539W,Open Library API,nutrition,,Nutrition,"Physical fitness | Handbooks, manuals | Exercise | | Health","how to eat, move and be healthy! physical fitness | handbooks, manuals | exercise | | health",4
Reports on food safety 2005,"Brandt, Peter Prof. Dr. Dr",,,2007.0,2.0,"Food | Safety measures | Food handling | Food, analysis",eng,https://covers.openlibrary.org/b/id/3246735-M.jpg,https://openlibrary.org/works/OL18697534W,Open Library API,food safety,,Food Safety,"Food | Safety measures | Food handling | Food, analysis","reports on food safety 2005 food | safety measures | food handling | food, analysis",5
Storia del paesaggio agrario italiano,Emilio Sereni,,,1961.0,9.0,Agriculture | History | Agriculture in art,ita,,https://openlibrary.org/works/OL1285499W,Open Library API,agriculture,,Agriculture,History | in art,storia del paesaggio agrario italiano history | in art,2
Examen critique d'un écrit posthume de Claude Bernard sur la fermentation,Louis Pasteur,,,1879.0,2.0,Fermentation,fre,https://covers.openlibrary.org/b/id/5971806-M.jpg,https://openlibrary.org/works/OL3037530W,Open Library API,fermentation,,Fermentation,,examen critique d'un écrit posthume de claude bernard sur la fermentation,0
Ação da cidadania,Napoleão Miranda,,,1994.0,2.0,Government business enterprises | Food relief | Food supply,por,,https://openlibrary.org/works/OL13206906W,Open Library API,food business,,Food Business,Government business enterprises | Food relief | Food supply,ação da cidadania government business enterprises | food relief | food supply,1
Kraft Philadelphia 100 top-rated recipes,Publications International Ltd.,,,2010.0,1.0,Cream cheese | Cooking | Baking | Cookbooks,eng,https://covers.openlibrary.org/b/id/10773195-M.jpg,https://openlibrary.org/works/OL24275769W,Open Library API,baking,,Baking and Pastry,Cream cheese | Cooking | | Cookbooks,kraft philadelphia 100 top-rated recipes cream cheese | cooking | | cookbooks,3
There is a Cure for Arthritis,Paavo O. Airola,,,1968.0,4.0,Arthritis | Nutritional aspects | Nutritional aspects of Arthritis | Naturopathy | Therapy,eng,https://covers.openlibrary.org/b/id/1116408-M.jpg,https://openlibrary.org/works/OL8708369W,Open Library API,nutrition,,Nutrition,Arthritis | al aspects | al aspects of Arthritis | Naturopathy | Therapy,there is a cure for arthritis arthritis | al aspects | al aspects of arthritis | naturopathy | therapy,4
Food,Christina Fisanick,,,2010.0,2.0,Food | Safety measures | Food security | Food supply,,https://covers.openlibrary.org/b/id/7587404-M.jpg,https://openlibrary.org/works/OL17442562W,Open Library API,food safety,,Food Safety,Food | Safety measures | Food security | Food supply,food food | safety measures | food security | food supply,5
Farmers of forty centuries,Franklin Hiram King,,,1973.0,6.0,Agriculture,eng,https://covers.openlibrary.org/b/id/9269672-M.jpg,https://openlibrary.org/works/OL13098191W,Open Library API,agriculture,,Agriculture,,farmers of forty centuries,1
Lehrbuch der Gährungs-Chemie in elf Vorlesungen,Adolf Mayer,,,1874.0,2.0,Fermentation,ger,,https://openlibrary.org/works/OL6973096W,Open Library API,fermentation,,Fermentation,,lehrbuch der gährungs-chemie in elf vorlesungen,1
Food Supply Chains in Cities,Emel Aktas | Michael Bourlakis,,,2020.0,2.0,Food supply | Management | Food security | Business logistics,eng,https://covers.openlibrary.org/b/id/9333747-M.jpg,https://openlibrary.org/works/OL20666245W,Open Library API,food business,,Food Business,Food supply | Management | Food security | Business logistics,food supply chains in cities food supply | management | food security | business logistics,1
Judy Gorman's Breads of New England,Judy Gorman,4.0,1.0,1958.0,3.0,Baking | Bread,eng,https://covers.openlibrary.org/b/id/9454824-M.jpg,https://openlibrary.org/works/OL5090565W,Open Library API,baking,,Baking and Pastry,Bread,judy gorman's breads of new england bread,3
Perspectives in nutrition,Gordon M. Wardlaw,4.0,1.0,1990.0,9.0,Nutrition | Textbooks | Nutritional Physiological Phenomena | Nutricao | Ernährung | Diet,eng,https://covers.openlibrary.org/b/id/4969169-M.jpg,https://openlibrary.org/works/OL1853613W,Open Library API,nutrition,,Nutrition,Textbooks | al Physiological Phenomena | Nutricao | Ernährung | Diet,perspectives in nutrition textbooks | al physiological phenomena | nutricao | ernährung | diet,4
Eating dangerously,Michael Booth,3.0,1.0,2014.0,1.0,Foodborne Diseases | Safety measures | Government policy | Food adulteration and inspection | Food | Food Inspection | Standards | Safety Management | Prevention & control | Food poisoning | Prevention,eng,https://covers.openlibrary.org/b/id/8227429-M.jpg,https://openlibrary.org/works/OL17908608W,Open Library API,food safety,,Food Safety,Foodborne Diseases | Safety measures | Government policy | Food adulteration and inspection | Food | Food Inspection | Standards | Safety Management | Prevention & control | Food poisoning | Prevention,eating dangerously foodborne diseases | safety measures | government policy | food adulteration and inspection | food | food inspection | standards | safety management | prevention & control | food poisoning | prevention,5
"Laws, etc",Massachusetts,5.0,1.0,1648.0,36.0,Agricultural laws and legislation | Bibliography | Boston (Mass.). | Boston (Mass.). City Council | Early works to 1800 | History | Law | Politics and government | Sources | Law and legislation | Agriculture | Massachusetts | Massachusetts. State Board of Agriculture | Societies,eng,https://covers.openlibrary.org/b/id/5621577-M.jpg,https://openlibrary.org/works/OL647581W,Open Library API,agriculture,,Agriculture,Agricultural laws and legislation | Bibliography | Boston (Mass.). | Boston (Mass.). City Council | Early works to 1800 | History | Law | Politics and government | Sources | Law and legislation | | Massachusetts | Massachusetts. State Board of | Societies,"laws, etc agricultural laws and legislation | bibliography | boston (mass.). | boston (mass.). city council | early works to 1800 | history | law | politics and government | sources | law and legislation | | massachusetts | massachusetts. state board of | societies",2
"Dissertatio physica, inauguralis, quaedam de fermentatione, et quibusdam mutationibus inde pendentibus proponens ...",John Carmichaell,,,1787.0,2.0,Fermentation,lat,https://covers.openlibrary.org/b/id/11779440-M.jpg,https://openlibrary.org/works/OL24884012W,Open Library API,fermentation,,Fermentation,,"dissertatio physica, inauguralis, quaedam de fermentatione, et quibusdam mutationibus inde pendentibus proponens ...",4
Intelligent agrifood chains and networks,Michael Bourlakis | Ilias P. Vlachos | Vasileios Zeimpekis,,,2011.0,3.0,"Business logistics | Agricultural industries | Transportation | TECHNOLOGY & ENGINEERING / Food Science | Food | Storage | Food, transportation",eng,https://covers.openlibrary.org/b/id/8663635-M.jpg,https://openlibrary.org/works/OL19858169W,Open Library API,food business,,Food Business,"Business logistics | Agricultural industries | Transportation | TECHNOLOGY & ENGINEERING / Food Science | Food | Storage | Food, transportation","intelligent agrifood chains and networks business logistics | agricultural industries | transportation | technology & engineering / food science | food | storage | food, transportation",1
Basic Baking,Lora Brody,4.0,1.0,2000.0,3.0,Desserts | Baking,eng,https://covers.openlibrary.org/b/id/432540-M.jpg,https://openlibrary.org/works/OL2668986W,Open Library API,baking,,Baking and Pastry,Desserts,basic baking desserts,3
The big fat surprise,Nina Teicholz,3.0,1.0,2014.0,3.0,Nutrition | Lipids in human nutrition | Diet | Fat | Saturated fatty acids in human nutrition | nyt:e-book-nonfiction=2014-06-01 | New York Times bestseller,eng,https://covers.openlibrary.org/b/id/11340573-M.jpg,https://openlibrary.org/works/OL19977865W,Open Library API,nutrition,,Nutrition,Lipids in human | Diet | Fat | Saturated fatty acids in human | nyt:e-book-nonfiction=2014-06-01 | New York Times bestseller,the big fat surprise lipids in human | diet | fat | saturated fatty acids in human | nyt:e-book-nonfiction=2014-06-01 | new york times bestseller,4
Microbial safety of minimally processed foods,Gerald M. Sapers,,,2002.0,3.0,"Food industry and trade | Food, microbiology | Food | Microbiology | Safety measures",eng,https://covers.openlibrary.org/b/id/1956657-M.jpg,https://openlibrary.org/works/OL16955626W,Open Library API,food safety,,Food Safety,"Food industry and trade | Food, microbiology | Food | Microbiology | Safety measures","microbial safety of minimally processed foods food industry and trade | food, microbiology | food | microbiology | safety measures",5
You can farm,Joel Salatin,,,1998.0,1.0,Success in business | New agricultural enterprises | Farmers,eng,https://covers.openlibrary.org/b/id/727384-M.jpg,https://openlibrary.org/works/OL2018043W,Open Library API,agriculture,,Agriculture,Success in business | New agricultural enterprises | Farmers,you can farm success in business | new agricultural enterprises | farmers,1
Advances in Solid State Fermentation,S. Roussos | B. K. Lonsane | M. Raimbault | G. Viniegra-Gonzalez,,,2010.0,2.0,Fermentation,eng,,https://openlibrary.org/works/OL25615420W,Open Library API,fermentation,,Fermentation,,advances in solid state fermentation,0
Competitiveness in the food industry,Eamonn Pitts | W. Bruce Traill,,,1991.0,2.0,"Food industry and trade | Competition | Food & beverage technology | Food manufacturing & related industries | Technology | Business / Economics / Finance | Science/Mathematics | Food Science | Industries - Agribusiness | International - General | Business & Economics / Industries / Agribusiness | Business & Economics : International - General | Competition, International | Science / Chemistry / General | Technology : Food Science | Case studies | Comparative advantage (Interna | Comparative advantage (International trade) | Europe | International Competition",eng,https://covers.openlibrary.org/b/id/1404998-M.jpg,https://openlibrary.org/works/OL19104312W,Open Library API,food business,,Food Business,"Food industry and trade | Competition | Food & beverage technology | Food manufacturing & related industries | Technology | Business / Economics / Finance | Science/Mathematics | Food Science | Industries - Agribusiness | International - General | Business & Economics / Industries / Agribusiness | Business & Economics : International - General | Competition, International | Science / Chemistry / General | Technology : Food Science | Case studies | Comparative advantage (Interna | Comparative advantage (International trade) | Europe | International Competition","competitiveness in the food industry food industry and trade | competition | food & beverage technology | food manufacturing & related industries | technology | business / economics / finance | science/mathematics | food science | industries - agribusiness | international - general | business & economics / industries / agribusiness | business & economics : international - general | competition, international | science / chemistry / general | technology : food science | case studies | comparative advantage (interna | comparative advantage (international trade) | europe | international competition",1
The Cook's illustrated baking book,America's Test Kitchen Staff,5.0,1.0,2013.0,1.0,"Baking | American Cooking | Cooking, american",eng,https://covers.openlibrary.org/b/id/12482224-M.jpg,https://openlibrary.org/works/OL20011330W,Open Library API,baking,,Baking and Pastry,"American Cooking | Cooking, american","the cook's illustrated baking book american cooking | cooking, american",3
Animal nutrition,Leonard Amby Maynard,,,1937.0,8.0,Animal feeding | Animal nutrition | Feeds | Nutrition | Animals | Nutritional Physiological Phenomena | Domestic Animals | Animal Nutritional Physiological Phenomena,eng,https://covers.openlibrary.org/b/id/8274681-M.jpg,https://openlibrary.org/works/OL1481213W,Open Library API,nutrition,,Nutrition,Animal feeding | Animal | Feeds | | Animals | al Physiological Phenomena | Domestic Animals | Animal al Physiological Phenomena,animal nutrition animal feeding | animal | feeds | | animals | al physiological phenomena | domestic animals | animal al physiological phenomena,4
Nondestructive evaluation of food quality,Shyam N. Jha,,,2010.0,4.0,Lebensmittelqualität | Zerstörungsfreie Werkstoffprüfung | Safety measures | Lebensmitteluntersuchung | Food | Nondestructive testing | Quality,eng,https://covers.openlibrary.org/b/id/10389382-M.jpg,https://openlibrary.org/works/OL16116416W,Open Library API,food safety,,Food Safety,Lebensmittelqualität | Zerstörungsfreie Werkstoffprüfung | Safety measures | Lebensmitteluntersuchung | Food | Nondestructive testing | Quality,nondestructive evaluation of food quality lebensmittelqualität | zerstörungsfreie werkstoffprüfung | safety measures | lebensmitteluntersuchung | food | nondestructive testing | quality,5
Agroecologia,Stephen R. Gliessman,,,2002.0,1.0,Sustainable agriculture | Agricultural ecology,spa,https://covers.openlibrary.org/b/id/8615815-M.jpg,https://openlibrary.org/works/OL19825122W,Open Library API,agriculture,,Agriculture,Sustainable | Agricultural ecology,agroecologia sustainable | agricultural ecology,2
The chemical changes and products resulting from fermentations,Robert Henry Aders Plimmer,,,1903.0,2.0,Fermentation,eng,https://covers.openlibrary.org/b/id/5864250-M.jpg,https://openlibrary.org/works/OL1473140W,Open Library API,fermentation,,Fermentation,,the chemical changes and products resulting from fermentations,0
Understanding Consumers of Food Products,Lynn Frewer | Hans Van Trijp,,,2006.0,2.0,"Consumer behavior | Food science | Food industry | Professional, career & trade -> food technology -> food science | Business & economics -> business -> industries",eng,https://covers.openlibrary.org/b/id/2996141-M.jpg,https://openlibrary.org/works/OL27327430W,Open Library API,food business,,Food Business,"Consumer behavior | Food science | Food industry | Professional, career & trade -> food technology -> food science | Business & economics -> business -> industries","understanding consumers of food products consumer behavior | food science | food industry | professional, career & trade -> food technology -> food science | business & economics -> business -> industries",1
Entenmann's big book of baking,Kathleen Robbins,,,2011.0,1.0,Desserts | Cookbooks | Baking | Pastry,eng,https://covers.openlibrary.org/b/id/10336986-M.jpg,https://openlibrary.org/works/OL21179464W,Open Library API,baking,,Baking and Pastry,Desserts | Cookbooks | | Pastry,entenmann's big book of baking desserts | cookbooks | | pastry,3
"Eat, drink, and be healthy :b the Harvard Medical School guide to healthy eating",Walter Willett | Patrick J. Skerrett | William Hope,,,2001.0,9.0,Nutritional Requirements | Nutrition Physiology | Cookery | Diet | Nutrition | Popular works | Popular medicine | Nutrition -- Popular works | Diets - Better Health | Healthy Living | Consumer Health | Diet / Health / Fitness | Nutritional Physiological Phenomena | Health Promotion | Food,eng,https://covers.openlibrary.org/b/id/428312-M.jpg,https://openlibrary.org/works/OL2721884W,Open Library API,nutrition,,Nutrition,al Requirements | Physiology | Cookery | Diet | | Popular works | Popular medicine | -- Popular works | Diets - Better Health | Healthy Living | Consumer Health | Diet / Health / Fitness | al Physiological Phenomena | Health Promotion | Food,"eat, drink, and be healthy :b the harvard medical school guide to healthy eating al requirements | physiology | cookery | diet | | popular works | popular medicine | -- popular works | diets - better health | healthy living | consumer health | diet / health / fitness | al physiological phenomena | health promotion | food",4
NAI Handbook For Safe Food Service Management,NAI,,,1997.0,3.0,Food service | Safety measures | Sanitation,eng,https://covers.openlibrary.org/b/id/1112247-M.jpg,https://openlibrary.org/works/OL7954524W,Open Library API,food safety,,Food Safety,Food service | Safety measures | Sanitation,nai handbook for safe food service management food service | safety measures | sanitation,5
Gärungschemisches praktikum,Konrad Bernhauer,,,1936.0,2.0,Fermentation,ger,,https://openlibrary.org/works/OL1432537W,Open Library API,fermentation,,Fermentation,,gärungschemisches praktikum,1
"Current Issues in Tourism, Gastronomy, and Tourist Destination Research",Hera Oktadiana | Myrza Rahmanita | Rina Suprina | Pan Junyang,,,2022.0,4.0,"Food tourism | Congresses | Tourism | Gastronomy | Gastronomie | Congrès | BUSINESS & ECONOMICS | Industries | Hospitality, Travel & Tourism | TECHNOLOGY | Engineering | Civil | Food Science",eng,,https://openlibrary.org/works/OL27415208W,Open Library API,food business,,Food Business,"Food tourism | Congresses | Tourism | Gastronomy | Gastronomie | Congrès | BUSINESS & ECONOMICS | Industries | Hospitality, Travel & Tourism | TECHNOLOGY | Engineering | Civil | Food Science","current issues in tourism, gastronomy, and tourist destination research food tourism | congresses | tourism | gastronomy | gastronomie | congrès | business & economics | industries | hospitality, travel & tourism | technology | engineering | civil | food science",1
The Weekend Baker,Abigail Johnson Dodge,,,2004.0,3.0,Baking,eng,https://covers.openlibrary.org/b/id/247938-M.jpg,https://openlibrary.org/works/OL3366593W,Open Library API,baking,,Baking and Pastry,,the weekend baker,3
Nutrition for women,Ray Peat,,,1981.0,1.0,Nutrition | Vitamins | Women,eng,https://covers.openlibrary.org/b/id/6630365-M.jpg,https://openlibrary.org/works/OL15411093W,Open Library API,nutrition,,Nutrition,Vitamins | Women,nutrition for women vitamins | women,4
Seimei to shoku,Shinʼichi Fukuoka,,,2008.0,3.0,Food | Safety measures | Food industry and trade | Sanitation,jpn,,https://openlibrary.org/works/OL18658826W,Open Library API,food safety,,Food Safety,Food | Safety measures | Food industry and trade | Sanitation,seimei to shoku food | safety measures | food industry and trade | sanitation,5
Capi talist agriculture and the origins of the European world-economy in the sixteenth century,Immanuel Maurice Wallerstein | Antonio Resines,,,1974.0,19.0,"Agriculture | Capitalism | Economic aspects | Economic aspects of Agriculture | Economic conditions | Economic history | History | Mercantile system | 16th century | 1600-1750 | Europe, economic conditions | Conditions économiques | BUSINESS & ECONOMICS | Economics | Comparative | POLITICAL SCIENCE | World | Agriculture, economic aspects, europe",eng | spa,https://covers.openlibrary.org/b/id/5493784-M.jpg,https://openlibrary.org/works/OL1814496W,Open Library API,agriculture,,Agriculture,"Capitalism | Economic aspects | Economic aspects of | Economic conditions | Economic history | History | Mercantile system | 16th century | 1600-1750 | Europe, economic conditions | Conditions économiques | BUSINESS & ECONOMICS | Economics | Comparative | POLITICAL SCIENCE | World | , economic aspects, europe","capi talist agriculture and the origins of the european world-economy in the sixteenth century capitalism | economic aspects | economic aspects of | economic conditions | economic history | history | mercantile system | 16th century | 1600-1750 | europe, economic conditions | conditions économiques | business & economics | economics | comparative | political science | world | , economic aspects, europe",2
Les fermentations,P. Schutzenberger,,,1875.0,2.0,Fermentation,fre,https://covers.openlibrary.org/b/id/7390508-M.jpg,https://openlibrary.org/works/OL17311520W,Open Library API,fermentation,,Fermentation,,les fermentations,1
Making Fast Food,Ester Reiter,0.0,0.0,1991.0,6.0,Convenience foods | Fast food restaurants | Food industry and trade | Industries | Fastfood | Aliments | Service | Restaurants-minute | General | Industrie et commerce | Aliments précuisinés | BUSINESS & ECONOMICS | Restaurants | Quick and easy cooking | Cooking | Frying | Fast Food | Lebensmittelmarkt | Ernährungsgewohnheit | Psychoanalyse | Convenience Food | Burger King Corporation | Social aspects | Employees,eng,https://covers.openlibrary.org/b/id/4980228-M.jpg,https://openlibrary.org/works/OL6238075W,Open Library API,food business,,Food Business,Convenience foods | Fast food restaurants | Food industry and trade | Industries | Fastfood | Aliments | Service | Restaurants-minute | General | Industrie et commerce | Aliments précuisinés | BUSINESS & ECONOMICS | Restaurants | Quick and easy cooking | Cooking | Frying | Fast Food | Lebensmittelmarkt | Ernährungsgewohnheit | Psychoanalyse | Convenience Food | Burger King Corporation | Social aspects | Employees,making fast food convenience foods | fast food restaurants | food industry and trade | industries | fastfood | aliments | service | restaurants-minute | general | industrie et commerce | aliments précuisinés | business & economics | restaurants | quick and easy cooking | cooking | frying | fast food | lebensmittelmarkt | ernährungsgewohnheit | psychoanalyse | convenience food | burger king corporation | social aspects | employees,1
Wholefood Baking,Jude Blereau,,,2013.0,2.0,Baked products | Baking | Cooking (natural foods),eng,https://covers.openlibrary.org/b/id/9199399-M.jpg,https://openlibrary.org/works/OL20557368W,Open Library API,baking,,Baking and Pastry,Baked products | | Cooking (natural foods),wholefood baking baked products | | cooking (natural foods),3
Mineral nutrition and plant disease,Wade H. Elmer,5.0,2.0,2007.0,1.0,Plants | Nutrition | Nutritional aspects | Plant diseases | Effect of minerals on,eng,https://covers.openlibrary.org/b/id/5113005-M.jpg,https://openlibrary.org/works/OL18701539W,Open Library API,nutrition,,Nutrition,Plants | | al aspects | Plant diseases | Effect of minerals on,mineral nutrition and plant disease plants | | al aspects | plant diseases | effect of minerals on,4
Food identity preservation and traceability,Gregory S. Bennet,,,2009.0,4.0,"Safety measures | Food Contamination | Prevention & control | Food | Grain | Food Industry | Standards | Food industry and trade | Food, preservation",eng,https://covers.openlibrary.org/b/id/13649162-M.jpg,https://openlibrary.org/works/OL18785326W,Open Library API,food safety,,Food Safety,"Safety measures | Food Contamination | Prevention & control | Food | Grain | Food Industry | Standards | Food industry and trade | Food, preservation","food identity preservation and traceability safety measures | food contamination | prevention & control | food | grain | food industry | standards | food industry and trade | food, preservation",5
Stuffed and Starved,Raj Patel | Rajeev Charles Patel,4.5,2.0,2007.0,8.0,"Food industry and trade | Food supply | Production agricole | Commerce international | Production alimentaire | Social aspects | Economic aspects | Food industry | Commerce agricole | Poverty | Industrie alimentaire | Agriculture | Economic aspects of Agriculture | Social aspects of Agriculture | Agriculture, economic aspects | Agriculture, social aspects",eng,https://covers.openlibrary.org/b/id/3062855-M.jpg,https://openlibrary.org/works/OL9896495W,Open Library API,agriculture,,Agriculture,"Food industry and trade | Food supply | Production agricole | Commerce international | Production alimentaire | Social aspects | Economic aspects | Food industry | Commerce agricole | Poverty | Industrie alimentaire | | Economic aspects of | Social aspects of | , economic aspects | , social aspects","stuffed and starved food industry and trade | food supply | production agricole | commerce international | production alimentaire | social aspects | economic aspects | food industry | commerce agricole | poverty | industrie alimentaire | | economic aspects of | social aspects of | , economic aspects | , social aspects",2
Wild Fermentation and Fermentation Workshop with Sandor Ellix Katz (Book and DVD Bundle),Sandor Ellix Katz,,,2010.0,2.0,Fermentation,eng,https://covers.openlibrary.org/b/id/14181788-M.jpg,https://openlibrary.org/works/OL21829380W,Open Library API,fermentation,,Fermentation,,wild fermentation and fermentation workshop with sandor ellix katz (book and dvd bundle),0
Chocolate by Hershey,Betty Burford,,,1994.0,2.0,"Confectioners | Businesspeople | Hershey Foods Corporation | Chocolate industry | Candy industry | History | Juvenile literature | Biography | Businessmen | CHOCOLATE INDUSTRY-UNITED STATES-HISTORY | CANDY INDUSTRY-UNITED STATES-HISTORY | HERSHEY FOODS CORPORATION-HISTORY | HERSHEY, MILTON SNAVELY, 1857-1945 | BUSINESSMEN-UNITED STATES-BIOGRAPHY | Businesspeople, juvenile literature | Business, biography | Hershey foods corporation",eng,https://covers.openlibrary.org/b/id/1628589-M.jpg,https://openlibrary.org/works/OL3955230W,Open Library API,food business,,Food Business,"Confectioners | Businesspeople | Hershey Foods Corporation | Chocolate industry | Candy industry | History | Juvenile literature | Biography | Businessmen | CHOCOLATE INDUSTRY-UNITED STATES-HISTORY | CANDY INDUSTRY-UNITED STATES-HISTORY | HERSHEY FOODS CORPORATION-HISTORY | HERSHEY, MILTON SNAVELY, 1857-1945 | BUSINESSMEN-UNITED STATES-BIOGRAPHY | Businesspeople, juvenile literature | Business, biography | Hershey foods corporation","chocolate by hershey confectioners | businesspeople | hershey foods corporation | chocolate industry | candy industry | history | juvenile literature | biography | businessmen | chocolate industry-united states-history | candy industry-united states-history | hershey foods corporation-history | hershey, milton snavely, 1857-1945 | businessmen-united states-biography | businesspeople, juvenile literature | business, biography | hershey foods corporation",2
Whole grain vegan baking,Celine Steen,3.0,1.0,2013.0,2.0,Baking | Vegan cooking,eng,https://covers.openlibrary.org/b/id/13118779-M.jpg,https://openlibrary.org/works/OL19965009W,Open Library API,baking,,Baking and Pastry,Vegan cooking,whole grain vegan baking vegan cooking,3
The Sun Sign Diet,Gayle Black,,,1986.0,16.0,Astrology and diet | Nutrition | Reducing diets | Astrology | Horoscopes,eng | und,https://covers.openlibrary.org/b/id/10271998-M.jpg,https://openlibrary.org/works/OL5106312W,Open Library API,nutrition,,Nutrition,Astrology and diet | | Reducing diets | Astrology | Horoscopes,the sun sign diet astrology and diet | | reducing diets | astrology | horoscopes,4
Improving the Safety of Fresh Fruit and Vegetables (Woodhead Publishing in Food Science and Technology),W. M. F. Jongen,,,2005.0,2.0,Fruit trade | Vegetable trade | Food | Safety measures,eng,https://covers.openlibrary.org/b/id/5163170-M.jpg,https://openlibrary.org/works/OL9189273W,Open Library API,food safety,,Food Safety,Fruit trade | Vegetable trade | Food | Safety measures,improving the safety of fresh fruit and vegetables (woodhead publishing in food science and technology) fruit trade | vegetable trade | food | safety measures,5
The Human Past,Christopher Scarre | Chris Scarre,,,2005.0,10.0,"Social life and customs | Prehistoric peoples | Economic conditions | Human evolution | Hunting and gathering societies | Agriculture, prehistoric | Archaeology | Societies | Prehistoric Agriculture | Prehistoric Antiquities | Antiquities, prehistoric | World history | Gn281 .h8485 2013",eng | und,https://covers.openlibrary.org/b/id/316866-M.jpg,https://openlibrary.org/works/OL1872336W,Open Library API,agriculture,,Agriculture,"Social life and customs | Prehistoric peoples | Economic conditions | Human evolution | Hunting and gathering societies | , prehistoric | Archaeology | Societies | Prehistoric | Prehistoric Antiquities | Antiquities, prehistoric | World history | Gn281 .h8485 2013","the human past social life and customs | prehistoric peoples | economic conditions | human evolution | hunting and gathering societies | , prehistoric | archaeology | societies | prehistoric | prehistoric antiquities | antiquities, prehistoric | world history | gn281 .h8485 2013",2
On fermentation,P. Schützenberger,,,1876.0,2.0,Fermentation,eng | fre,,https://openlibrary.org/works/OL43509158W,Open Library API,fermentation,,Fermentation,,on fermentation,0
