title,authors,average_rating,rating_count,first_publish_year,edition_count,subjects,languages,cover_url,book_url,source,source_topic,source_rank
The Joy of Cooking,Irma S. Rombauer,4.12,203319.0,,,general cooking | cookbooks | cooking | food and drink,eng,https://i.gr-assets.com/images/S/compressed.photo.goodreads.com/books/1379313627i/327847._SX50_.jpg,https://www.goodreads.com/book/show/327847.The_Joy_of_Cooking,Goodreads web scraping,general cooking,1
Mastering the Art of French Cooking,Julia Child,4.25,80003.0,,,world cuisines | cookbooks | cooking | food and drink,eng,https://i.gr-assets.com/images/S/compressed.photo.goodreads.com/books/1333577773i/129650._SX50_.jpg,https://www.goodreads.com/book/show/129650.Mastering_the_Art_of_French_Cooking,Goodreads web scraping,world cuisines,2
Better Homes and Gardens New Cook Book,Better Homes and Gardens,4.15,141576.0,,,general cooking | cookbooks | cooking | food and drink,eng,https://i.gr-assets.com/images/S/compressed.photo.goodreads.com/books/1174513619i/411053._SX50_.jpg,https://www.goodreads.com/book/show/411053.Better_Homes_and_Gardens_New_Cook_Book,Goodreads web scraping,general cooking,3
How to Cook Everything: Simple Recipes for Great Food,Mark Bittman,4.0,103530.0,,,quick and practical cooking | cookbooks | cooking | food and drink,eng,https://i.gr-assets.com/images/S/compressed.photo.goodreads.com/books/1407047944i/603204._SX50_.jpg,https://www.goodreads.com/book/show/603204.How_to_Cook_Everything,Goodreads web scraping,quick and practical cooking,4
The New Best Recipe,Cook's Illustrated,4.18,24624.0,,,general cooking | cookbooks | cooking | food and drink,eng,https://i.gr-assets.com/images/S/compressed.photo.goodreads.com/books/1348241812i/24019._SX50_.jpg,https://www.goodreads.com/book/show/24019.The_New_Best_Recipe,Goodreads web scraping,general cooking,5
Betty Crocker's Cookbook,Betty Crocker,4.26,45344.0,,,general cooking | cookbooks | cooking | food and drink,eng,https://i.gr-assets.com/images/S/compressed.photo.goodreads.com/books/1431198491i/1127996._SX50_.jpg,https://www.goodreads.com/book/show/1127996.Betty_Crocker_s_Cookbook,Goodreads web scraping,general cooking,6
"The Moosewood Cookbook: Recipes from Moosewood Restaurant, Ithaca, New York",Mollie Katzen,3.94,54688.0,,,general cooking | cookbooks | cooking | food and drink,eng,https://i.gr-assets.com/images/S/compressed.photo.goodreads.com/books/1344370160i/603422._SX50_.jpg,https://www.goodreads.com/book/show/603422.The_Moosewood_Cookbook,Goodreads web scraping,general cooking,7
"Love is the Main Ingredient: Cookbook, Memoir, Life Lessons",Lenore Nolan Ryan,4.86,7.0,,,general cooking | cookbooks | cooking | food and drink,eng,https://i.gr-assets.com/images/S/compressed.photo.goodreads.com/books/1773584749i/249737551._SX50_.jpg,https://www.goodreads.com/book/show/249737551-love-is-the-main-ingredient,Goodreads web scraping,general cooking,8
The America's Test Kitchen Family Cookbook,America's Test Kitchen,4.17,19797.0,,,general cooking | cookbooks | cooking | food and drink,eng,https://i.gr-assets.com/images/S/compressed.photo.goodreads.com/books/1348281876i/3888._SX50_.jpg,https://www.goodreads.com/book/show/3888.The_America_s_Test_Kitchen_Family_Cookbook,Goodreads web scraping,general cooking,9
How to Be a Domestic Goddess: Baking and the Art of Comfort Cooking,Nigella Lawson,3.92,40925.0,,,baking and desserts | cookbooks | cooking | food and drink,eng,https://i.gr-assets.com/images/S/compressed.photo.goodreads.com/books/1388364849i/39542._SX50_.jpg,https://www.goodreads.com/book/show/39542.How_to_Be_a_Domestic_Goddess,Goodreads web scraping,baking and desserts,10
Vegetarian Cooking for Everyone,Deborah Madison,3.83,17544.0,,,vegetarian and plant based | cookbooks | cooking | food and drink,eng,https://i.gr-assets.com/images/S/compressed.photo.goodreads.com/books/1320556905i/141051._SX50_.jpg,https://www.goodreads.com/book/show/141051.Vegetarian_Cooking_for_Everyone,Goodreads web scraping,vegetarian and plant based,11
The Fannie Farmer Cookbook,Marion Cunningham,4.12,17212.0,,,general cooking | cookbooks | cooking | food and drink,eng,https://i.gr-assets.com/images/S/compressed.photo.goodreads.com/books/1347424134i/158944._SX50_.jpg,https://www.goodreads.com/book/show/158944.The_Fannie_Farmer_Cookbook,Goodreads web scraping,general cooking,12
Barefoot Contessa Family Style: Easy Ideas and Recipes That Make Everyone Feel Like Family,Ina Garten,4.08,28117.0,,,quick and practical cooking | cookbooks | cooking | food and drink,eng,https://i.gr-assets.com/images/S/compressed.photo.goodreads.com/books/1320438055i/120231._SX50_.jpg,https://www.goodreads.com/book/show/120231.Barefoot_Contessa_Family_Style,Goodreads web scraping,quick and practical cooking,13
"The Art of Simple Food: Notes, Lessons, and Recipes from a Delicious Revolution",Alice Waters,3.93,27222.0,,,quick and practical cooking | cookbooks | cooking | food and drink,eng,https://i.gr-assets.com/images/S/compressed.photo.goodreads.com/books/1320458644i/688663._SX50_.jpg,https://www.goodreads.com/book/show/688663.The_Art_of_Simple_Food,Goodreads web scraping,quick and practical cooking,14
Essentials of Classic Italian Cooking,Marcella Hazan,4.07,26767.0,,,world cuisines | cookbooks | cooking | food and drink,eng,https://i.gr-assets.com/images/S/compressed.photo.goodreads.com/books/1694126208i/19552._SX50_.jpg,https://www.goodreads.com/book/show/19552.Essentials_of_Classic_Italian_Cooking,Goodreads web scraping,world cuisines,15
The King Arthur Flour Baker's Companion: The All-Purpose Baking Cookbook,King Arthur Baking Company,4.29,7298.0,,,baking and desserts | cookbooks | cooking | food and drink,eng,https://i.gr-assets.com/images/S/compressed.photo.goodreads.com/books/1388185662i/74044._SX50_.jpg,https://www.goodreads.com/book/show/74044.The_King_Arthur_Flour_Baker_s_Companion,Goodreads web scraping,baking and desserts,16
Barefoot Contessa at Home: Everyday Recipes You'll Make Over and Over Again,Ina Garten,4.11,56518.0,,,general cooking | cookbooks | cooking | food and drink,eng,https://i.gr-assets.com/images/S/compressed.photo.goodreads.com/books/1320557161i/120230._SX50_.jpg,https://www.goodreads.com/book/show/120230.Barefoot_Contessa_at_Home,Goodreads web scraping,general cooking,17
Everyday Italian: 125 Simple and Delicious Recipes,Giada De Laurentiis,3.91,52222.0,,,world cuisines | cookbooks | cooking | food and drink,eng,https://i.gr-assets.com/images/S/compressed.photo.goodreads.com/books/1385089184i/1192._SX50_.jpg,https://www.goodreads.com/book/show/1192.Everyday_Italian,Goodreads web scraping,world cuisines,18
"The Flavor Bible: The Essential Guide to Culinary Creativity, Based on the Wisdom of America's Most Imaginative Chefs",Andrew Dornenburg,4.07,24625.0,,,food science and technique | cookbooks | cooking | food and drink,eng,https://i.gr-assets.com/images/S/compressed.photo.goodreads.com/books/1390269927i/4443485._SX50_.jpg,https://www.goodreads.com/book/show/4443485-the-flavor-bible,Goodreads web scraping,food science and technique,19
The Silver Spoon,Clelia D'Onofrio,4.1,10388.0,,,general cooking | cookbooks | cooking | food and drink,eng,https://i.gr-assets.com/images/S/compressed.photo.goodreads.com/books/1360462391i/136599._SX50_.jpg,https://www.goodreads.com/book/show/136599.The_Silver_Spoon,Goodreads web scraping,general cooking,20
Veganomicon: The Ultimate Vegan Cookbook,Isa Chandra Moskowitz,3.83,33393.0,,,vegetarian and plant based | cookbooks | cooking | food and drink,eng,https://i.gr-assets.com/images/S/compressed.photo.goodreads.com/books/1328751476i/1059680._SX50_.jpg,https://www.goodreads.com/book/show/1059680.Veganomicon,Goodreads web scraping,vegetarian and plant based,21
How to Cook Everything Vegetarian: Simple Meatless Recipes for Great Food,Mark Bittman,4.08,14640.0,,,vegetarian and plant based | cookbooks | cooking | food and drink,eng,https://i.gr-assets.com/images/S/compressed.photo.goodreads.com/books/1390927101i/1587362._SX50_.jpg,https://www.goodreads.com/book/show/1587362.How_to_Cook_Everything_Vegetarian,Goodreads web scraping,vegetarian and plant based,22
The Barefoot Contessa Cookbook,Ina Garten,4.09,39260.0,,,general cooking | cookbooks | cooking | food and drink,eng,https://i.gr-assets.com/images/S/compressed.photo.goodreads.com/books/1388195329i/3895._SX50_.jpg,https://www.goodreads.com/book/show/3895.The_Barefoot_Contessa_Cookbook,Goodreads web scraping,general cooking,23
The New Enchanted Broccoli Forest,Mollie Katzen,3.94,10964.0,,,general cooking | cookbooks | cooking | food and drink,eng,https://i.gr-assets.com/images/S/compressed.photo.goodreads.com/books/1320435406i/178204._SX50_.jpg,https://www.goodreads.com/book/show/178204.The_New_Enchanted_Broccoli_Forest,Goodreads web scraping,general cooking,24
I'm Just Here for the Food: Food + Heat = Cooking,Alton Brown,4.12,24264.0,,,general cooking | cookbooks | cooking | food and drink,eng,https://i.gr-assets.com/images/S/compressed.photo.goodreads.com/books/1473385712i/101249._SX50_.jpg,https://www.goodreads.com/book/show/101249.I_m_Just_Here_for_the_Food,Goodreads web scraping,general cooking,25
The New Book of Middle Eastern Food,Claudia Roden,4.13,3669.0,,,general cooking | cookbooks | cooking | food and drink,eng,https://i.gr-assets.com/images/S/compressed.photo.goodreads.com/books/1348291176i/394182._SX50_.jpg,https://www.goodreads.com/book/show/394182.The_New_Book_of_Middle_Eastern_Food,Goodreads web scraping,general cooking,26
On Food and Cooking: The Science and Lore of the Kitchen,Harold McGee,4.46,16469.0,,,food science and technique | cookbooks | cooking | food and drink,eng,https://i.gr-assets.com/images/S/compressed.photo.goodreads.com/books/1347221060i/101255._SX50_.jpg,https://www.goodreads.com/book/show/101255.On_Food_and_Cooking,Goodreads web scraping,food science and technique,27
"Everyday Food: Great Food Fast: 250 Recipes for Easy, Delicious Meals All Year Long",Martha Stewart,3.99,14771.0,,,quick and practical cooking | cookbooks | cooking | food and drink,eng,https://i.gr-assets.com/images/S/compressed.photo.goodreads.com/books/1320479731i/335459._SX50_.jpg,https://www.goodreads.com/book/show/335459.Everyday_Food,Goodreads web scraping,quick and practical cooking,28
The Silver Palate Cookbook,Julee Rosso,4.01,23343.0,,,general cooking | cookbooks | cooking | food and drink,eng,https://i.gr-assets.com/images/S/compressed.photo.goodreads.com/books/1387707639i/1107001._SX50_.jpg,https://www.goodreads.com/book/show/1107001.The_Silver_Palate_Cookbook,Goodreads web scraping,general cooking,29
Artisan Bread in Five Minutes a Day: The Discovery That Revolutionizes Home Baking,Jeff Hertzberg,3.93,27768.0,,,baking and desserts | cookbooks | cooking | food and drink,eng,https://i.gr-assets.com/images/S/compressed.photo.goodreads.com/books/1317064461i/1009996._SX50_.jpg,https://www.goodreads.com/book/show/1009996.Artisan_Bread_in_Five_Minutes_a_Day,Goodreads web scraping,baking and desserts,30
Vegan Cupcakes Take Over the World: 75 Dairy-Free Recipes for Cupcakes that Rule,Isa Chandra Moskowitz,3.95,16889.0,,,baking and desserts | cookbooks | cooking | food and drink,eng,https://i.gr-assets.com/images/S/compressed.photo.goodreads.com/books/1388176764i/48304._SX50_.jpg,https://www.goodreads.com/book/show/48304.Vegan_Cupcakes_Take_Over_the_World,Goodreads web scraping,baking and desserts,31
The Good Housekeeping Illustrated Cookbook,Good Housekeeping,4.39,1370.0,,,general cooking | cookbooks | cooking | food and drink,eng,https://i.gr-assets.com/images/S/compressed.photo.goodreads.com/books/1332615776i/37630._SX50_.jpg,https://www.goodreads.com/book/show/37630.The_Good_Housekeeping_Illustrated_Cookbook,Goodreads web scraping,general cooking,32
Betty Crocker's Picture Cook Book,Betty Crocker,4.38,3068.0,,,general cooking | cookbooks | cooking | food and drink,eng,https://i.gr-assets.com/images/S/compressed.photo.goodreads.com/books/1360056860i/3896._SX50_.jpg,https://www.goodreads.com/book/show/3896.Betty_Crocker_s_Picture_Cook_Book,Goodreads web scraping,general cooking,33
The Vegetarian Epicure,Anna Thomas,3.93,6110.0,,,vegetarian and plant based | cookbooks | cooking | food and drink,eng,https://i.gr-assets.com/images/S/compressed.photo.goodreads.com/books/1320420124i/1466595._SX50_.jpg,https://www.goodreads.com/book/show/1466595.The_Vegetarian_Epicure,Goodreads web scraping,vegetarian and plant based,34
The Professional Chef,The Culinary Institute of America (CIA),4.28,5912.0,,,food science and technique | cookbooks | cooking | food and drink,eng,https://i.gr-assets.com/images/S/compressed.photo.goodreads.com/books/1387716309i/306235._SX50_.jpg,https://www.goodreads.com/book/show/306235.The_Professional_Chef,Goodreads web scraping,food science and technique,35
The Way to Cook,Julia Child,4.32,14619.0,,,general cooking | cookbooks | cooking | food and drink,eng,https://i.gr-assets.com/images/S/compressed.photo.goodreads.com/books/1348719968i/132688._SX50_.jpg,https://www.goodreads.com/book/show/132688.The_Way_to_Cook,Goodreads web scraping,general cooking,36
Mexico One Plate At A Time,Rick Bayless,4.14,2455.0,,,general cooking | cookbooks | cooking | food and drink,eng,https://i.gr-assets.com/images/S/compressed.photo.goodreads.com/books/1347630323i/383480._SX50_.jpg,https://www.goodreads.com/book/show/383480.Mexico_One_Plate_At_A_Time,Goodreads web scraping,general cooking,37
"CookWise: The Hows & Whys of Successful Cooking, The Secrets of Cooking Revealed",Shirley O. Corriher,4.06,5623.0,,,general cooking | cookbooks | cooking | food and drink,eng,https://i.gr-assets.com/images/S/compressed.photo.goodreads.com/books/1347705728i/76875._SX50_.jpg,https://www.goodreads.com/book/show/76875.CookWise,Goodreads web scraping,general cooking,38
The Taste of Home Cookbook,Taste of Home,4.27,21440.0,,,general cooking | cookbooks | cooking | food and drink,eng,https://i.gr-assets.com/images/S/compressed.photo.goodreads.com/books/1309198140i/3885._SX50_.jpg,https://www.goodreads.com/book/show/3885.The_Taste_of_Home_Cookbook,Goodreads web scraping,general cooking,39
"Salt, Fat, Acid, Heat: Mastering the Elements of Good Cooking",Samin Nosrat,4.39,101103.0,,,general cooking | cookbooks | cooking | food and drink,eng,https://i.gr-assets.com/images/S/compressed.photo.goodreads.com/books/1599649084i/30753841._SX50_.jpg,https://www.goodreads.com/book/show/30753841-salt-fat-acid-heat,Goodreads web scraping,general cooking,40
The I Do Cookbook for the Bride and Groom,Celia Jolley,4.32,37.0,,,general cooking | cookbooks | cooking | food and drink,eng,https://i.gr-assets.com/images/S/compressed.photo.goodreads.com/books/1266973346i/4829027._SX50_.jpg,https://www.goodreads.com/book/show/4829027-the-i-do-cookbook-for-the-bride-and-groom,Goodreads web scraping,general cooking,41
"Cook Food: A Manualfesto for Easy, Healthy, Local Eating",Lisa Jervis,4.0,124.0,,,nutrition and healthy eating | cookbooks | cooking | food and drink,eng,https://i.gr-assets.com/images/S/compressed.photo.goodreads.com/books/1328742395i/6400219._SX50_.jpg,https://www.goodreads.com/book/show/6400219-cook-food,Goodreads web scraping,nutrition and healthy eating,42
The Gourmet Cookbook: More than 1000 recipes,Ruth Reichl,4.05,11849.0,,,general cooking | cookbooks | cooking | food and drink,eng,https://i.gr-assets.com/images/S/compressed.photo.goodreads.com/books/1442100308i/53617._SX50_.jpg,https://www.goodreads.com/book/show/53617.The_Gourmet_Cookbook,Goodreads web scraping,general cooking,43
Jamie at Home: Cook Your Way to the Good Life,Jamie Oliver,4.1,12995.0,,,general cooking | cookbooks | cooking | food and drink,eng,https://i.gr-assets.com/images/S/compressed.photo.goodreads.com/books/1347729405i/1776251._SX50_.jpg,https://www.goodreads.com/book/show/1776251.Jamie_at_Home,Goodreads web scraping,general cooking,44
Madhur Jaffrey's World Vegetarian: More Than 650 Meatless Recipes from Around the World,Madhur Jaffrey,4.08,4131.0,,,vegetarian and plant based | cookbooks | cooking | food and drink,eng,https://i.gr-assets.com/images/S/compressed.photo.goodreads.com/books/1348989823i/142849._SX50_.jpg,https://www.goodreads.com/book/show/142849.Madhur_Jaffrey_s_World_Vegetarian,Goodreads web scraping,vegetarian and plant based,45
Bouchon,Thomas Keller,4.23,3413.0,,,general cooking | cookbooks | cooking | food and drink,eng,https://i.gr-assets.com/images/S/compressed.photo.goodreads.com/books/1404582056i/79503._SX50_.jpg,https://www.goodreads.com/book/show/79503.Bouchon,Goodreads web scraping,general cooking,46
The Cake Mix Doctor,Anne Byrn,4.0,11687.0,,,baking and desserts | cookbooks | cooking | food and drink,eng,https://i.gr-assets.com/images/S/compressed.photo.goodreads.com/books/1404582048i/402017._SX50_.jpg,https://www.goodreads.com/book/show/402017.The_Cake_Mix_Doctor,Goodreads web scraping,baking and desserts,47
The Cook's Companion,Stephanie   Alexander,4.4,1928.0,,,general cooking | cookbooks | cooking | food and drink,eng,https://i.gr-assets.com/images/S/compressed.photo.goodreads.com/books/1187361390i/1718814._SX50_.jpg,https://www.goodreads.com/book/show/1718814.The_Cook_s_Companion,Goodreads web scraping,general cooking,48
The Bread Bible,Rose Levy Beranbaum,4.21,6577.0,,,baking and desserts | cookbooks | cooking | food and drink,eng,https://i.gr-assets.com/images/S/compressed.photo.goodreads.com/books/1367779343i/153142._SX50_.jpg,https://www.goodreads.com/book/show/153142.The_Bread_Bible,Goodreads web scraping,baking and desserts,49
The Art of Eating,M.F.K. Fisher,4.32,6203.0,,,general cooking | cookbooks | cooking | food and drink,eng,https://i.gr-assets.com/images/S/compressed.photo.goodreads.com/books/1360056492i/94079._SY75_.jpg,https://www.goodreads.com/book/show/94079.The_Art_of_Eating,Goodreads web scraping,general cooking,50
French Provincial Cooking,Elizabeth David,4.24,2031.0,,,world cuisines | cookbooks | cooking | food and drink,eng,https://i.gr-assets.com/images/S/compressed.photo.goodreads.com/books/1347571562i/137599._SY75_.jpg,https://www.goodreads.com/book/show/137599.French_Provincial_Cooking,Goodreads web scraping,world cuisines,51
The Lady & Sons Savannah Country Cookbook,Paula H. Deen,4.01,11550.0,,,general cooking | cookbooks | cooking | food and drink,eng,https://i.gr-assets.com/images/S/compressed.photo.goodreads.com/books/1388183684i/67657._SY75_.jpg,https://www.goodreads.com/book/show/67657.The_Lady_Sons_Savannah_Country_Cookbook,Goodreads web scraping,general cooking,52
How to Cook Without a Book: Recipes and Techniques Every Cook Should Know by Heart,Pam Anderson,3.97,2570.0,,,food science and technique | cookbooks | cooking | food and drink,eng,https://i.gr-assets.com/images/S/compressed.photo.goodreads.com/books/1388199542i/236011._SX50_.jpg,https://www.goodreads.com/book/show/236011.How_to_Cook_Without_a_Book,Goodreads web scraping,food science and technique,53
The Kitchen Diaries: A Year in the Kitchen with Nigel Slater,Nigel Slater,4.3,2574.0,,,general cooking | cookbooks | cooking | food and drink,eng,https://i.gr-assets.com/images/S/compressed.photo.goodreads.com/books/1442838666i/71955._SX50_.jpg,https://www.goodreads.com/book/show/71955.The_Kitchen_Diaries,Goodreads web scraping,general cooking,54
The Complete America's Test Kitchen TV Show Cookbook 2001-2010,America's Test Kitchen,4.54,4744.0,,,general cooking | cookbooks | cooking | food and drink,eng,https://i.gr-assets.com/images/S/compressed.photo.goodreads.com/books/1275628143i/6695147._SX50_.jpg,https://www.goodreads.com/book/show/6695147-the-complete-america-s-test-kitchen-tv-show-cookbook-2001-2010,Goodreads web scraping,general cooking,55
30-Minute Meals,Rachael Ray,3.91,8036.0,,,quick and practical cooking | cookbooks | cooking | food and drink,eng,https://i.gr-assets.com/images/S/compressed.photo.goodreads.com/books/1386924878i/71806._SX50_.jpg,https://www.goodreads.com/book/show/71806.30_Minute_Meals,Goodreads web scraping,quick and practical cooking,56
The New Basics Cookbook,Julee Rosso,4.01,8335.0,,,general cooking | cookbooks | cooking | food and drink,eng,https://i.gr-assets.com/images/S/compressed.photo.goodreads.com/books/1404577418i/232888._SX50_.jpg,https://www.goodreads.com/book/show/232888.The_New_Basics_Cookbook,Goodreads web scraping,general cooking,57
Moosewood Restaurant Cooks at Home: Fast and Easy Recipes for Any Day,The Moosewood Collective,4.06,5132.0,,,quick and practical cooking | cookbooks | cooking | food and drink,eng,https://i.gr-assets.com/images/S/compressed.photo.goodreads.com/books/1349102914i/198175._SX50_.jpg,https://www.goodreads.com/book/show/198175.Moosewood_Restaurant_Cooks_at_Home,Goodreads web scraping,quick and practical cooking,58
Fix-It and Forget-It Cookbook: Feasting with Your Slow Cooker,Dawn J. Ranck,3.91,33587.0,,,quick and practical cooking | cookbooks | cooking | food and drink,eng,https://i.gr-assets.com/images/S/compressed.photo.goodreads.com/books/1442758991i/852460._SX50_.jpg,https://www.goodreads.com/book/show/852460.Fix_It_and_Forget_It_Cookbook,Goodreads web scraping,quick and practical cooking,59
Giada's Family Dinners,Giada De Laurentiis,3.98,16759.0,,,general cooking | cookbooks | cooking | food and drink,eng,https://i.gr-assets.com/images/S/compressed.photo.goodreads.com/books/1388193499i/1191._SX50_.jpg,https://www.goodreads.com/book/show/1191.Giada_s_Family_Dinners,Goodreads web scraping,general cooking,60
"The Escoffier Cookbook and Guide to the Fine Art of Cookery: For Connoisseurs, Chefs, Epicures Complete With 2973 Recipes",Auguste Escoffier,4.36,1494.0,,,food science and technique | cookbooks | cooking | food and drink,eng,https://i.gr-assets.com/images/S/compressed.photo.goodreads.com/books/1403179349i/273669._SX50_.jpg,https://www.goodreads.com/book/show/273669.The_Escoffier_Cookbook_and_Guide_to_the_Fine_Art_of_Cookery,Goodreads web scraping,food science and technique,61
Rachael Ray 365: No Repeats—A Year of Deliciously Different Dinners,Rachael Ray,3.72,31063.0,,,general cooking | cookbooks | cooking | food and drink,eng,https://i.gr-assets.com/images/S/compressed.photo.goodreads.com/books/1386925636i/3882._SX50_.jpg,https://www.goodreads.com/book/show/3882.Rachael_Ray_365,Goodreads web scraping,general cooking,62
Jerusalem: A Cookbook,Yotam Ottolenghi,4.18,37813.0,,,general cooking | cookbooks | cooking | food and drink,eng,https://i.gr-assets.com/images/S/compressed.photo.goodreads.com/books/1344370574i/13531504._SX50_.jpg,https://www.goodreads.com/book/show/13531504-jerusalem,Goodreads web scraping,general cooking,63
The Splendid Table,Lynne Rossetto Kasper,4.23,840.0,,,general cooking | cookbooks | cooking | food and drink,eng,https://i.gr-assets.com/images/S/compressed.photo.goodreads.com/books/1438907378i/291405._SX50_.jpg,https://www.goodreads.com/book/show/291405.The_Splendid_Table,Goodreads web scraping,general cooking,64
The Classic Italian Cook Book: The Art of Italian Cooking and the Italian Art of Eating,Marcella Hazan,4.38,1637.0,,,world cuisines | cookbooks | cooking | food and drink,eng,https://i.gr-assets.com/images/S/compressed.photo.goodreads.com/books/1223627726i/1369510._SX50_.jpg,https://www.goodreads.com/book/show/1369510.The_Classic_Italian_Cook_Book,Goodreads web scraping,world cuisines,65
Larousse Gastronomique,Prosper Montagné,4.38,6781.0,,,general cooking | cookbooks | cooking | food and drink,eng,https://i.gr-assets.com/images/S/compressed.photo.goodreads.com/books/1349060293i/815612._SX50_.jpg,https://www.goodreads.com/book/show/815612.Larousse_Gastronomique,Goodreads web scraping,general cooking,66
River Road Recipes,Junior League of Baton Rouge,4.35,411.0,,,general cooking | cookbooks | cooking | food and drink,eng,https://i.gr-assets.com/images/S/compressed.photo.goodreads.com/books/1440685313i/421232._SY75_.jpg,https://www.goodreads.com/book/show/421232.River_Road_Recipes,Goodreads web scraping,general cooking,67
Nourishing Traditions: The Cookbook that Challenges Politically Correct Nutrition and the Diet Dictocrats,Sally Fallon Morell,4.19,14169.0,,,nutrition and healthy eating | cookbooks | cooking | food and drink,eng,https://i.gr-assets.com/images/S/compressed.photo.goodreads.com/books/1349063789i/117835._SX50_.jpg,https://www.goodreads.com/book/show/117835.Nourishing_Traditions,Goodreads web scraping,nutrition and healthy eating,68
James Beard's American Cookery,James   Beard,4.22,1700.0,,,general cooking | cookbooks | cooking | food and drink,eng,https://i.gr-assets.com/images/S/compressed.photo.goodreads.com/books/1733179708i/545913._SY75_.jpg,https://www.goodreads.com/book/show/545913.James_Beard_s_American_Cookery,Goodreads web scraping,general cooking,69
Plenty,Yotam Ottolenghi,4.12,27059.0,,,general cooking | cookbooks | cooking | food and drink,eng,https://i.gr-assets.com/images/S/compressed.photo.goodreads.com/books/1327921381i/8086216._SX50_.jpg,https://www.goodreads.com/book/show/8086216-plenty,Goodreads web scraping,general cooking,70
"Nigella Bites: From Family Meals to Elegant Dinners: Easy, Delectable Recipes for Any Occasion",Nigella Lawson,4.02,6992.0,,,quick and practical cooking | cookbooks | cooking | food and drink,eng,https://i.gr-assets.com/images/S/compressed.photo.goodreads.com/books/1440727806i/38549._SX50_.jpg,https://www.goodreads.com/book/show/38549.Nigella_Bites,Goodreads web scraping,quick and practical cooking,71
The Pillsbury Cookbook: The All-Purpose Companion for Today's Cook,Pillsbury,4.13,126.0,,,general cooking | cookbooks | cooking | food and drink,eng,https://i.gr-assets.com/images/S/compressed.photo.goodreads.com/books/1320500046i/1281630._SY75_.jpg,https://www.goodreads.com/book/show/1281630.The_Pillsbury_Cookbook,Goodreads web scraping,general cooking,72
Jamie's Italy,Jamie Oliver,4.02,8264.0,,,general cooking | cookbooks | cooking | food and drink,eng,https://i.gr-assets.com/images/S/compressed.photo.goodreads.com/books/1425317994i/8930._SX50_.jpg,https://www.goodreads.com/book/show/8930.Jamie_s_Italy,Goodreads web scraping,general cooking,73
The New Laurel's Kitchen,Laurel Robertson,4.01,5897.0,,,general cooking | cookbooks | cooking | food and drink,eng,https://i.gr-assets.com/images/S/compressed.photo.goodreads.com/books/1347595463i/104535._SX50_.jpg,https://www.goodreads.com/book/show/104535.The_New_Laurel_s_Kitchen,Goodreads web scraping,general cooking,74
"Mrs. Fields Cookie Book, 100 of Her Favorite Recipes",Mrs. Fields,4.22,1267.0,,,baking and desserts | cookbooks | cooking | food and drink,eng,https://i.gr-assets.com/images/S/compressed.photo.goodreads.com/books/1431825125i/425634._SX50_.jpg,https://www.goodreads.com/book/show/425634.Mrs_Fields_Cookie_Book_100_of_Her_Favorite_Recipes,Goodreads web scraping,baking and desserts,75
King Arthur Flour Whole Grain Baking: Delicious Recipes Using Nutritious Whole Grains,King Arthur Baking Company,4.14,5090.0,,,baking and desserts | cookbooks | cooking | food and drink,eng,https://i.gr-assets.com/images/S/compressed.photo.goodreads.com/books/1386924919i/10568._SX50_.jpg,https://www.goodreads.com/book/show/10568.King_Arthur_Flour_Whole_Grain_Baking,Goodreads web scraping,baking and desserts,76
"The Lady & Sons, Too!: A Whole New Batch of Recipes from Savannah",Paula H. Deen,4.16,1622.0,,,general cooking | cookbooks | cooking | food and drink,eng,https://i.gr-assets.com/images/S/compressed.photo.goodreads.com/books/1409593104i/995876._SX50_.jpg,https://www.goodreads.com/book/show/995876.The_Lady_Sons_Too_,Goodreads web scraping,general cooking,77
"Vegan with a Vengeance : Over 150 Delicious, Cheap, Animal-Free Recipes That Rock",Isa Chandra Moskowitz,3.71,14305.0,,,vegetarian and plant based | cookbooks | cooking | food and drink,eng,https://i.gr-assets.com/images/S/compressed.photo.goodreads.com/books/1388192648i/48303._SX50_.jpg,https://www.goodreads.com/book/show/48303.Vegan_with_a_Vengeance_,Goodreads web scraping,vegetarian and plant based,77
How It All Vegan!: Irresistible Recipes for an Animal-Free Diet,Tanya Barnard,3.81,4174.0,,,vegetarian and plant based | cookbooks | cooking | food and drink,eng,https://i.gr-assets.com/images/S/compressed.photo.goodreads.com/books/1388264752i/48309._SX50_.jpg,https://www.goodreads.com/book/show/48309.How_It_All_Vegan_,Goodreads web scraping,vegetarian and plant based,79
Let's Cook It Right,Adelle Davis,3.76,106.0,,,general cooking | cookbooks | cooking | food and drink,eng,https://i.gr-assets.com/images/S/compressed.photo.goodreads.com/books/1185018170i/1546387._SY75_.jpg,https://www.goodreads.com/book/show/1546387.Let_s_Cook_It_Right,Goodreads web scraping,general cooking,80
The Pioneer Woman Cooks: Recipes from an Accidental Country Girl,Ree Drummond,4.06,48576.0,,,general cooking | cookbooks | cooking | food and drink,eng,https://i.gr-assets.com/images/S/compressed.photo.goodreads.com/books/1366775743i/6361871._SX50_.jpg,https://www.goodreads.com/book/show/6361871-the-pioneer-woman-cooks,Goodreads web scraping,general cooking,80
"The Frugal Gourmet Cooks Italian: Recipes from the New and Old Worlds, Simplified for the American Kitchen",Jeff  Smith,3.9,310.0,,,world cuisines | cookbooks | cooking | food and drink,eng,https://i.gr-assets.com/images/S/compressed.photo.goodreads.com/books/1387736395i/772748._SY75_.jpg,https://www.goodreads.com/book/show/772748.The_Frugal_Gourmet_Cooks_Italian,Goodreads web scraping,world cuisines,82
The Splendid Table's How to Eat Supper,Lynne Rossetto Kasper,3.93,2682.0,,,general cooking | cookbooks | cooking | food and drink,eng,https://i.gr-assets.com/images/S/compressed.photo.goodreads.com/books/1388183034i/1613536._SX50_.jpg,https://www.goodreads.com/book/show/1613536.The_Splendid_Table_s_How_to_Eat_Supper,Goodreads web scraping,general cooking,83
The Bon Appetit Cookbook: Fast Easy Fresh,Bon Appétit Magazine,3.92,2664.0,,,quick and practical cooking | cookbooks | cooking | food and drink,eng,https://i.gr-assets.com/images/S/compressed.photo.goodreads.com/books/1360057287i/4047214._SX50_.jpg,https://www.goodreads.com/book/show/4047214-the-bon-appetit-cookbook,Goodreads web scraping,quick and practical cooking,84
From Emeril's Kitchens: Favorite Recipes from Emeril's Restaurants,Emeril Lagasse,4.08,245.0,,,general cooking | cookbooks | cooking | food and drink,eng,https://i.gr-assets.com/images/S/compressed.photo.goodreads.com/books/1348335337i/772789._SX50_.jpg,https://www.goodreads.com/book/show/772789.From_Emeril_s_Kitchens,Goodreads web scraping,general cooking,85
How to Eat: The Pleasures and Principles of Good Food,Nigella Lawson,4.18,7414.0,,,general cooking | cookbooks | cooking | food and drink,eng,https://i.gr-assets.com/images/S/compressed.photo.goodreads.com/books/1388207758i/39540._SX50_.jpg,https://www.goodreads.com/book/show/39540.How_to_Eat,Goodreads web scraping,general cooking,86
"The Six O'Clock Scramble Meal Planner: A Year of Quick, Delicious Meals to Help You Prevent and Manage Diabetes",Aviva Goldfarb,4.45,58.0,,,quick and practical cooking | cookbooks | cooking | food and drink,eng,https://i.gr-assets.com/images/S/compressed.photo.goodreads.com/books/1445433633i/25778002._SX50_.jpg,https://www.goodreads.com/book/show/25778002-the-six-o-clock-scramble-meal-planner,Goodreads web scraping,quick and practical cooking,87
More-With-Less Cookbook,Doris Janzen Longacre,4.26,1909.0,,,general cooking | cookbooks | cooking | food and drink,eng,https://i.gr-assets.com/images/S/compressed.photo.goodreads.com/books/1354111188i/925697._SY75_.jpg,https://www.goodreads.com/book/show/925697.More_With_Less_Cookbook,Goodreads web scraping,general cooking,88
Classic Home Desserts: A Treasury of Heirloom and Contemporary Recipes from Around the World,Richard Sax,4.24,251.0,,,baking and desserts | cookbooks | cooking | food and drink,eng,https://i.gr-assets.com/images/S/compressed.photo.goodreads.com/books/1177619709i/720639._SX50_.jpg,https://www.goodreads.com/book/show/720639.Classic_Home_Desserts,Goodreads web scraping,baking and desserts,89
Think Like a Chef: A Cookbook,Tom Colicchio,4.04,1079.0,,,food science and technique | cookbooks | cooking | food and drink,eng,https://i.gr-assets.com/images/S/compressed.photo.goodreads.com/books/1320512532i/2268418._SX50_.jpg,https://www.goodreads.com/book/show/2268418.Think_Like_a_Chef,Goodreads web scraping,food science and technique,90
I'm Just Here for More Food: Food x Mixing + Heat = Baking,Alton Brown,4.26,5020.0,,,baking and desserts | cookbooks | cooking | food and drink,eng,https://i.gr-assets.com/images/S/compressed.photo.goodreads.com/books/1438496254i/101247._SX50_.jpg,https://www.goodreads.com/book/show/101247.I_m_Just_Here_for_More_Food,Goodreads web scraping,baking and desserts,91
Ratio: The Simple Codes Behind the Craft of Everyday Cooking,Michael Ruhlman,4.09,7213.0,,,quick and practical cooking | cookbooks | cooking | food and drink,eng,https://i.gr-assets.com/images/S/compressed.photo.goodreads.com/books/1348460187i/3931154._SY75_.jpg,https://www.goodreads.com/book/show/3931154-ratio,Goodreads web scraping,quick and practical cooking,92
"Animal, Vegetable, Miracle: A Year of Food Life",Barbara Kingsolver,4.05,114438.0,,,vegetarian and plant based | cookbooks | cooking | food and drink,eng,https://i.gr-assets.com/images/S/compressed.photo.goodreads.com/books/1480104279i/25460._SY75_.jpg,https://www.goodreads.com/book/show/25460.Animal_Vegetable_Miracle,Goodreads web scraping,vegetarian and plant based,93
"Diners, Drive-ins and Dives: An All-American Road Trip . . . with Recipes!",Guy Fieri,4.05,5387.0,,,general cooking | cookbooks | cooking | food and drink,eng,https://i.gr-assets.com/images/S/compressed.photo.goodreads.com/books/1390799279i/3560788._SX50_.jpg,https://www.goodreads.com/book/show/3560788-diners-drive-ins-and-dives,Goodreads web scraping,general cooking,94
The Breakfast Book,Marion Cunningham,4.16,889.0,,,general cooking | cookbooks | cooking | food and drink,eng,https://i.gr-assets.com/images/S/compressed.photo.goodreads.com/books/1223643406i/158935._SX50_.jpg,https://www.goodreads.com/book/show/158935.The_Breakfast_Book,Goodreads web scraping,general cooking,95
"Healthy Bread in Five Minutes a Day: The Artisan Revolution Continues with Whole Grains, Fruits, and Vegetables",Jeff Hertzberg,4.06,3114.0,,,baking and desserts | cookbooks | cooking | food and drink,eng,https://i.gr-assets.com/images/S/compressed.photo.goodreads.com/books/1393465041i/6383770._SX50_.jpg,https://www.goodreads.com/book/show/6383770-healthy-bread-in-five-minutes-a-day,Goodreads web scraping,baking and desserts,96
The Smitten Kitchen Cookbook: Recipes and Wisdom from an Obsessive Home Cook,Deb Perelman,3.99,46116.0,,,general cooking | cookbooks | cooking | food and drink,eng,https://i.gr-assets.com/images/S/compressed.photo.goodreads.com/books/1336228481i/13331199._SX50_.jpg,https://www.goodreads.com/book/show/13331199-the-smitten-kitchen-cookbook,Goodreads web scraping,general cooking,97
The French Laundry Cookbook,Thomas Keller,4.3,10048.0,,,world cuisines | cookbooks | cooking | food and drink,eng,https://i.gr-assets.com/images/S/compressed.photo.goodreads.com/books/1356064390i/154556._SX50_.jpg,https://www.goodreads.com/book/show/154556.The_French_Laundry_Cookbook,Goodreads web scraping,world cuisines,98
Cook with Jamie,Jamie Oliver,4.07,13420.0,,,general cooking | cookbooks | cooking | food and drink,eng,https://i.gr-assets.com/images/S/compressed.photo.goodreads.com/books/1348728611i/823412._SX50_.jpg,https://www.goodreads.com/book/show/823412.Cook_with_Jamie,Goodreads web scraping,general cooking,99
The Bon Appétit Cookbook,Barbara Fairchild,4.07,1850.0,,,general cooking | cookbooks | cooking | food and drink,eng,https://i.gr-assets.com/images/S/compressed.photo.goodreads.com/books/1441262692i/3886._SX50_.jpg,https://www.goodreads.com/book/show/3886.The_Bon_App_tit_Cookbook,Goodreads web scraping,general cooking,100
Moosewood Restaurant Low-Fat Favorites: Flavorful Recipes for Healthful Meals,The Moosewood Collective,3.92,6964.0,,,general cooking | cookbooks | cooking | food and drink,eng,https://i.gr-assets.com/images/S/compressed.photo.goodreads.com/books/1386924403i/198176._SX50_.jpg,https://www.goodreads.com/book/show/198176.Moosewood_Restaurant_Low_Fat_Favorites,Goodreads web scraping,general cooking,100
The Art of Mexican Cooking: Traditional Mexican Cooking for Aficionados: A Cookbook,Diana Kennedy,4.26,1077.0,,,world cuisines | cookbooks | cooking | food and drink,eng,https://i.gr-assets.com/images/S/compressed.photo.goodreads.com/books/1630982190i/3780376._SX50_.jpg,https://www.goodreads.com/book/show/3780376-the-art-of-mexican-cooking,Goodreads web scraping,world cuisines,102
Land of Plenty: A Treasury of Authentic Sichuan Cooking,Fuchsia Dunlop,4.3,1383.0,,,general cooking | cookbooks | cooking | food and drink,eng,https://i.gr-assets.com/images/S/compressed.photo.goodreads.com/books/1347614660i/94561._SX50_.jpg,https://www.goodreads.com/book/show/94561.Land_of_Plenty,Goodreads web scraping,general cooking,103
"Cooking for Geeks: Real Science, Great Hacks, and Good Food",Jeff Potter,4.05,3753.0,,,food science and technique | cookbooks | cooking | food and drink,eng,https://i.gr-assets.com/images/S/compressed.photo.goodreads.com/books/1327879176i/7985893._SX50_.jpg,https://www.goodreads.com/book/show/7985893-cooking-for-geeks,Goodreads web scraping,food science and technique,104
Baking Illustrated: A Best Recipe Classic,Cook's Illustrated,4.23,3628.0,,,baking and desserts | cookbooks | cooking | food and drink,eng,https://i.gr-assets.com/images/S/compressed.photo.goodreads.com/books/1168362449i/32158._SX50_.jpg,https://www.goodreads.com/book/show/32158.Baking_Illustrated,Goodreads web scraping,baking and desserts,105
Whole Foods for the Whole Family: La Leche League International Cookbook,Roberta Bishop Johnson,4.27,153.0,,,general cooking | cookbooks | cooking | food and drink,eng,https://i.gr-assets.com/images/S/compressed.photo.goodreads.com/books/1387710811i/692511._SX50_.jpg,https://www.goodreads.com/book/show/692511.Whole_Foods_for_the_Whole_Family,Goodreads web scraping,general cooking,106
Moosewood Restaurant New Classics,The Moosewood Collective,4.1,2382.0,,,general cooking | cookbooks | cooking | food and drink,eng,https://i.gr-assets.com/images/S/compressed.photo.goodreads.com/books/1388357794i/198178._SX50_.jpg,https://www.goodreads.com/book/show/198178.Moosewood_Restaurant_New_Classics,Goodreads web scraping,general cooking,107
Rachael Ray's Big Orange Book,Rachael Ray,3.89,1352.0,,,general cooking | cookbooks | cooking | food and drink,eng,https://i.gr-assets.com/images/S/compressed.photo.goodreads.com/books/1320510860i/2925652._SX50_.jpg,https://www.goodreads.com/book/show/2925652-rachael-ray-s-big-orange-book,Goodreads web scraping,general cooking,108
Super Natural Cooking: Five Delicious Ways to Incorporate Whole and Natural Foods into Your Cooking,Heidi Swanson,4.0,4899.0,,,general cooking | cookbooks | cooking | food and drink,eng,https://i.gr-assets.com/images/S/compressed.photo.goodreads.com/books/1388201458i/205997._SX50_.jpg,https://www.goodreads.com/book/show/205997.Super_Natural_Cooking,Goodreads web scraping,general cooking,109
"The Frugal Gourmet Cooks Three Ancient Cuisines: China, Greece, and Rome",Jeff  Smith,3.82,1096.0,,,general cooking | cookbooks | cooking | food and drink,eng,https://i.gr-assets.com/images/S/compressed.photo.goodreads.com/books/1330753805i/499992._SY75_.jpg,https://www.goodreads.com/book/show/499992.The_Frugal_Gourmet_Cooks_Three_Ancient_Cuisines,Goodreads web scraping,general cooking,110
Baking in America: Traditional and Contemporary Favorites from the Past 200 Years,Greg Patent,4.01,86.0,,,baking and desserts | cookbooks | cooking | food and drink,eng,https://i.gr-assets.com/images/S/compressed.photo.goodreads.com/books/1405865832i/703112._SX50_.jpg,https://www.goodreads.com/book/show/703112.Baking_in_America,Goodreads web scraping,baking and desserts,111
Feast: Food to Celebrate Life,Nigella Lawson,4.16,7965.0,,,general cooking | cookbooks | cooking | food and drink,eng,https://i.gr-assets.com/images/S/compressed.photo.goodreads.com/books/1403019238i/39539._SX50_.jpg,https://www.goodreads.com/book/show/39539.Feast,Goodreads web scraping,general cooking,112
The Essential New York Times Cookbook: Classic Recipes for a New Century,Amanda Hesser,4.13,5167.0,,,general cooking | cookbooks | cooking | food and drink,eng,https://i.gr-assets.com/images/S/compressed.photo.goodreads.com/books/1396570753i/8101270._SX50_.jpg,https://www.goodreads.com/book/show/8101270-the-essential-new-york-times-cookbook,Goodreads web scraping,general cooking,113
The I Hate to Cook Book,Peg Bracken,3.91,853.0,,,general cooking | cookbooks | cooking | food and drink,eng,https://i.gr-assets.com/images/S/compressed.photo.goodreads.com/books/1441756058i/7834717._SY75_.jpg,https://www.goodreads.com/book/show/7834717-the-i-hate-to-cook-book,Goodreads web scraping,general cooking,114
The Naked Chef,Jamie Oliver,4.03,4890.0,,,food science and technique | cookbooks | cooking | food and drink,eng,https://i.gr-assets.com/images/S/compressed.photo.goodreads.com/books/1442623188i/348695._SX50_.jpg,https://www.goodreads.com/book/show/348695.The_Naked_Chef,Goodreads web scraping,food science and technique,115
"Jacques Pépin's Complete Techniques: Featuring More Than 1,000 Cooking Methods and Recipes,  in Thousands of  Step-by-Step Photographs",Jacques Pépin,4.41,1827.0,,,food science and technique | cookbooks | cooking | food and drink,eng,https://i.gr-assets.com/images/S/compressed.photo.goodreads.com/books/1441292458i/1077516._SX50_.jpg,https://www.goodreads.com/book/show/1077516.Jacques_P_pin_s_Complete_Techniques,Goodreads web scraping,food science and technique,116
"Baking with Julia: Sift, Knead, Flute, Flour, and Savor...",Julia Child,4.28,9179.0,,,baking and desserts | cookbooks | cooking | food and drink,eng,https://i.gr-assets.com/images/S/compressed.photo.goodreads.com/books/1348555117i/184649._SX50_.jpg,https://www.goodreads.com/book/show/184649.Baking_with_Julia,Goodreads web scraping,baking and desserts,117
All Around the World Cookbook,Sheila Lukins,3.63,2024.0,,,general cooking | cookbooks | cooking | food and drink,eng,https://i.gr-assets.com/images/S/compressed.photo.goodreads.com/books/1423721009i/772337._SX50_.jpg,https://www.goodreads.com/book/show/772337.All_Around_the_World_Cookbook,Goodreads web scraping,general cooking,117
"The Best Recipes in the World: More Than 1,000 International Dishes to Cook at Home",Mark Bittman,3.98,1961.0,,,general cooking | cookbooks | cooking | food and drink,eng,https://i.gr-assets.com/images/S/compressed.photo.goodreads.com/books/1388280928i/25652._SX50_.jpg,https://www.goodreads.com/book/show/25652.The_Best_Recipes_in_the_World,Goodreads web scraping,general cooking,119
The Food Lab: Better Home Cooking Through Science,J. Kenji López-Alt,4.31,27034.0,,,food science and technique | cookbooks | cooking | food and drink,eng,https://i.gr-assets.com/images/S/compressed.photo.goodreads.com/books/1430990153i/24861842._SX50_.jpg,https://www.goodreads.com/book/show/24861842-the-food-lab,Goodreads web scraping,food science and technique,120
The Complete Cooking Light Cookbook,Cooking Light,4.15,3518.0,,,general cooking | cookbooks | cooking | food and drink,eng,https://i.gr-assets.com/images/S/compressed.photo.goodreads.com/books/1387733379i/763852._SX50_.jpg,https://www.goodreads.com/book/show/763852.The_Complete_Cooking_Light_Cookbook,Goodreads web scraping,general cooking,121
Rick Bayless's Mexican Kitchen,Rick Bayless,4.16,1937.0,,,world cuisines | cookbooks | cooking | food and drink,eng,https://i.gr-assets.com/images/S/compressed.photo.goodreads.com/books/1347234275i/158470._SX50_.jpg,https://www.goodreads.com/book/show/158470.Rick_Bayless_s_Mexican_Kitchen,Goodreads web scraping,world cuisines,121
Thug Kitchen: Eat Like You Give a F*ck,Thug Kitchen,4.0,45962.0,,,general cooking | cookbooks | cooking | food and drink,eng,https://i.gr-assets.com/images/S/compressed.photo.goodreads.com/books/1408325061i/20696032._SX50_.jpg,https://www.goodreads.com/book/show/20696032-thug-kitchen,Goodreads web scraping,general cooking,123
Betty Crocker's Cooky Book,Betty Crocker,4.42,3125.0,,,general cooking | cookbooks | cooking | food and drink,eng,https://i.gr-assets.com/images/S/compressed.photo.goodreads.com/books/1442619980i/129664._SX50_.jpg,https://www.goodreads.com/book/show/129664.Betty_Crocker_s_Cooky_Book,Goodreads web scraping,general cooking,124
Roasting: A Simple Art,Barbara Kafka,4.32,224.0,,,quick and practical cooking | cookbooks | cooking | food and drink,eng,https://i.gr-assets.com/images/S/compressed.photo.goodreads.com/books/1424816834i/22905._SX50_.jpg,https://www.goodreads.com/book/show/22905.Roasting,Goodreads web scraping,quick and practical cooking,125
The Bread Lover's Bread Machine Cookbook: A Master Baker's 300 Favorite Recipes for Perfect-Every-Time Bread-From Every Kind of Machine,Beth Hensperger,4.21,1494.0,,,baking and desserts | cookbooks | cooking | food and drink,eng,https://i.gr-assets.com/images/S/compressed.photo.goodreads.com/books/1328755487i/153243._SX50_.jpg,https://www.goodreads.com/book/show/153243.The_Bread_Lover_s_Bread_Machine_Cookbook,Goodreads web scraping,baking and desserts,126
Everyday Pasta,Giada De Laurentiis,4.1,9157.0,,,general cooking | cookbooks | cooking | food and drink,eng,https://i.gr-assets.com/images/S/compressed.photo.goodreads.com/books/1388193500i/1193._SX50_.jpg,https://www.goodreads.com/book/show/1193.Everyday_Pasta,Goodreads web scraping,general cooking,127
Tender: Volume I: A Cook and His Vegetable Patch,Nigel Slater,4.18,3387.0,,,vegetarian and plant based | cookbooks | cooking | food and drink,eng,https://i.gr-assets.com/images/S/compressed.photo.goodreads.com/books/1348860203i/6788489._SX50_.jpg,https://www.goodreads.com/book/show/6788489-tender,Goodreads web scraping,vegetarian and plant based,128
"Nigella Express: Good Food, Fast",Nigella Lawson,3.96,28391.0,,,general cooking | cookbooks | cooking | food and drink,eng,https://i.gr-assets.com/images/S/compressed.photo.goodreads.com/books/1437577758i/468070._SX50_.jpg,https://www.goodreads.com/book/show/468070.Nigella_Express,Goodreads web scraping,general cooking,129
"The Pioneer Woman Cooks: Dinnertime: Comfort Classics, Freezer Food, 16-Minute Meals, and Other Delicious Ways to Solve Supper!",Ree Drummond,4.3,10647.0,,,quick and practical cooking | cookbooks | cooking | food and drink,eng,https://i.gr-assets.com/images/S/compressed.photo.goodreads.com/books/1430337006i/24903909._SX50_.jpg,https://www.goodreads.com/book/show/24903909-the-pioneer-woman-cooks,Goodreads web scraping,quick and practical cooking,130
The Whole30: The 30-Day Guide to Total Health and Food Freedom,Melissa Urban,4.05,19167.0,,,nutrition and healthy eating | cookbooks | cooking | food and drink,eng,https://i.gr-assets.com/images/S/compressed.photo.goodreads.com/books/1416873417i/23453036._SX50_.jpg,https://www.goodreads.com/book/show/23453036-the-whole30,Goodreads web scraping,nutrition and healthy eating,130
Giada's Kitchen: New Favorites from Everyday Italian,Giada De Laurentiis,4.1,7474.0,,,world cuisines | cookbooks | cooking | food and drink,eng,https://i.gr-assets.com/images/S/compressed.photo.goodreads.com/books/1333576416i/2596537._SX50_.jpg,https://www.goodreads.com/book/show/2596537-giada-s-kitchen,Goodreads web scraping,world cuisines,132
Deceptively Delicious: Simple Secrets to Get Your Kids Eating Good Food,Jessica Seinfeld,3.48,22205.0,,,quick and practical cooking | cookbooks | cooking | food and drink,eng,https://i.gr-assets.com/images/S/compressed.photo.goodreads.com/books/1442936631i/1734639._SX50_.jpg,https://www.goodreads.com/book/show/1734639.Deceptively_Delicious,Goodreads web scraping,quick and practical cooking,133
Emeril's TV Dinners: Kickin' It Up A Notch With Recipes From Emeril Live And Essence Of Emeril,Emeril Lagasse,3.86,573.0,,,general cooking | cookbooks | cooking | food and drink,eng,https://i.gr-assets.com/images/S/compressed.photo.goodreads.com/books/1348055365i/966347._SX50_.jpg,https://www.goodreads.com/book/show/966347.Emeril_s_TV_Dinners,Goodreads web scraping,general cooking,134
The Kitchen Diaries II,Nigel Slater,4.33,849.0,,,general cooking | cookbooks | cooking | food and drink,eng,https://i.gr-assets.com/images/S/compressed.photo.goodreads.com/books/1351187555i/15923386._SX50_.jpg,https://www.goodreads.com/book/show/15923386-the-kitchen-diaries-ii,Goodreads web scraping,general cooking,134
All About Braising: The Art of Uncomplicated Cooking,Molly Stevens,4.13,1882.0,,,general cooking | cookbooks | cooking | food and drink,eng,https://i.gr-assets.com/images/S/compressed.photo.goodreads.com/books/1441332492i/400137._SX50_.jpg,https://www.goodreads.com/book/show/400137.All_About_Braising,Goodreads web scraping,general cooking,134
Sundays at Moosewood Restaurant,Carolyn B. Mitchell,4.0,10256.0,,,general cooking | cookbooks | cooking | food and drink,eng,https://i.gr-assets.com/images/S/compressed.photo.goodreads.com/books/1388286453i/198177._SX50_.jpg,https://www.goodreads.com/book/show/198177.Sundays_at_Moosewood_Restaurant,Goodreads web scraping,general cooking,137
Essential Pépin: More Than 700 All-Time Favorites from My Life in Food,Jacques Pépin,4.48,1037.0,,,general cooking | cookbooks | cooking | food and drink,eng,https://i.gr-assets.com/images/S/compressed.photo.goodreads.com/books/1318916129i/12295634._SX50_.jpg,https://www.goodreads.com/book/show/12295634-essential-p-pin,Goodreads web scraping,general cooking,138
Cooking Light Annual Recipes 2009: Every Recipe...A Year's Worth of Cooking Light Magazine,Cooking Light,3.81,63.0,,,general cooking | cookbooks | cooking | food and drink,eng,https://i.gr-assets.com/images/S/compressed.photo.goodreads.com/books/1312051336i/5541448._SX50_.jpg,https://www.goodreads.com/book/show/5541448-cooking-light-annual-recipes-2009,Goodreads web scraping,general cooking,139
A Mediterranean Feast: The Story Of The Birth Of The Celebrated Cuisines Of The Mediterranean:  From The Merchants Of Venice To The Barbary Corsairs,Clifford A. Wright,4.33,199.0,,,world cuisines | cookbooks | cooking | food and drink,eng,https://i.gr-assets.com/images/S/compressed.photo.goodreads.com/books/1347846538i/615320._SX50_.jpg,https://www.goodreads.com/book/show/615320.A_Mediterranean_Feast,Goodreads web scraping,world cuisines,140
In Julia's Kitchen with Master Chefs,Julia Child,4.2,103.0,,,food science and technique | cookbooks | cooking | food and drink,eng,https://i.gr-assets.com/images/S/compressed.photo.goodreads.com/books/1387711403i/953360._SX50_.jpg,https://www.goodreads.com/book/show/953360.In_Julia_s_Kitchen_with_Master_Chefs,Goodreads web scraping,food science and technique,141
The Frugal Gourmet,Jeff  Smith,3.81,3387.0,,,general cooking | cookbooks | cooking | food and drink,eng,https://i.gr-assets.com/images/S/compressed.photo.goodreads.com/books/1387715710i/162214._SX50_.jpg,https://www.goodreads.com/book/show/162214.The_Frugal_Gourmet,Goodreads web scraping,general cooking,142
The Frugal Gourmet on Our Immigrant Ancestors: Recipes You Should Have Gotten from Your Grandmother,Jeff  Smith,3.92,1462.0,,,general cooking | cookbooks | cooking | food and drink,eng,https://i.gr-assets.com/images/S/compressed.photo.goodreads.com/books/1441228018i/773171._SY75_.jpg,https://www.goodreads.com/book/show/773171.The_Frugal_Gourmet_on_Our_Immigrant_Ancestors,Goodreads web scraping,general cooking,143
The Greens Cookbook: Extraordinary Vegetarian Cuisine from the Celebrated Restaurant,Deborah Madison,4.14,1360.0,,,vegetarian and plant based | cookbooks | cooking | food and drink,eng,https://i.gr-assets.com/images/S/compressed.photo.goodreads.com/books/1388250725i/340165._SX50_.jpg,https://www.goodreads.com/book/show/340165.The_Greens_Cookbook,Goodreads web scraping,vegetarian and plant based,144
Madhur Jaffrey Indian Cooking,Madhur Jaffrey,4.26,2005.0,,,world cuisines | cookbooks | cooking | food and drink,eng,https://i.gr-assets.com/images/S/compressed.photo.goodreads.com/books/1386925428i/75385._SX50_.jpg,https://www.goodreads.com/book/show/75385.Madhur_Jaffrey_Indian_Cooking,Goodreads web scraping,world cuisines,144
Forever Summer,Nigella Lawson,4.02,4642.0,,,general cooking | cookbooks | cooking | food and drink,eng,https://i.gr-assets.com/images/S/compressed.photo.goodreads.com/books/1348466072i/39543._SX50_.jpg,https://www.goodreads.com/book/show/39543.Forever_Summer,Goodreads web scraping,general cooking,146
"How to Bake: Complete Guide to Perfect Cakes, Cookies, Pies, Tarts, Breads, Pizzas, Muffins,",Nick Malgieri,4.16,640.0,,,baking and desserts | cookbooks | cooking | food and drink,eng,https://i.gr-assets.com/images/S/compressed.photo.goodreads.com/books/1348805856i/119745._SX50_.jpg,https://www.goodreads.com/book/show/119745.How_to_Bake,Goodreads web scraping,baking and desserts,147
Fields of Greens: New Vegetarian Recipes From The Celebrated Greens Restaurant,Annie Somerville,4.06,180.0,,,vegetarian and plant based | cookbooks | cooking | food and drink,eng,https://i.gr-assets.com/images/S/compressed.photo.goodreads.com/books/1773838378i/1466593._SX50_.jpg,https://www.goodreads.com/book/show/1466593.Fields_of_Greens,Goodreads web scraping,vegetarian and plant based,148
The Cake Bible,Rose Levy Beranbaum,4.23,11804.0,,,baking and desserts | cookbooks | cooking | food and drink,eng,https://i.gr-assets.com/images/S/compressed.photo.goodreads.com/books/1348092602i/153136._SX50_.jpg,https://www.goodreads.com/book/show/153136.The_Cake_Bible,Goodreads web scraping,baking and desserts,149
"The Crockin' Girls Slow Cookin' Companion: Yummy Recipes from Family, Friends, and Our Crockin' Community",Nicole; Marwitz Sparks,4.03,205.0,,,general cooking | cookbooks | cooking | food and drink,eng,https://i.gr-assets.com/images/S/compressed.photo.goodreads.com/books/1340740930i/13829519._SX50_.jpg,https://www.goodreads.com/book/show/13829519-the-crockin-girls-slow-cookin-companion,Goodreads web scraping,general cooking,150
"Slow Cooker Recipes Cookbook: Easy, Healthy and Delicious Recipes",Clark Weber,4.18,136.0,,,nutrition and healthy eating | cookbooks | cooking | food and drink,eng,https://i.gr-assets.com/images/S/compressed.photo.goodreads.com/books/1485173894i/33971712._SY75_.jpg,https://www.goodreads.com/book/show/33971712-slow-cooker-recipes-cookbook,Goodreads web scraping,nutrition and healthy eating,150
"The NYC Kitchen Cookbook: 150 Recipes Inspired by the Specialty Food Shops, Spice Stores, and Markets of New York City",Tracey Ceurvels,4.05,22.0,,,general cooking | cookbooks | cooking | food and drink,eng,https://i.gr-assets.com/images/S/compressed.photo.goodreads.com/books/1476987104i/31213263._SX50_.jpg,https://www.goodreads.com/book/show/31213263-the-nyc-kitchen-cookbook,Goodreads web scraping,general cooking,150
The New York Times Cook Book,Craig Claiborne,4.07,4560.0,,,general cooking | cookbooks | cooking | food and drink,eng,https://i.gr-assets.com/images/S/compressed.photo.goodreads.com/books/1347246529i/29872._SX50_.jpg,https://www.goodreads.com/book/show/29872.The_New_York_Times_Cook_Book,Goodreads web scraping,general cooking,153
Looneyspoons,Janet Podleski,4.38,817.0,,,general cooking | cookbooks | cooking | food and drink,eng,https://i.gr-assets.com/images/S/compressed.photo.goodreads.com/books/1180267250i/1017048._SX50_.jpg,https://www.goodreads.com/book/show/1017048.Looneyspoons,Goodreads web scraping,general cooking,154
Miss Dahl's Voluptuous Delights,Sophie Dahl,3.87,1732.0,,,general cooking | cookbooks | cooking | food and drink,eng,https://i.gr-assets.com/images/S/compressed.photo.goodreads.com/books/1347490026i/3093075._SX50_.jpg,https://www.goodreads.com/book/show/3093075-miss-dahl-s-voluptuous-delights,Goodreads web scraping,general cooking,154
Appetite for Reduction: 125 Fast and Filling Low-Fat Vegan Recipes,Isa Chandra Moskowitz,3.93,7752.0,,,vegetarian and plant based | cookbooks | cooking | food and drink,eng,https://i.gr-assets.com/images/S/compressed.photo.goodreads.com/books/1279843270i/8070469._SX50_.jpg,https://www.goodreads.com/book/show/8070469-appetite-for-reduction,Goodreads web scraping,vegetarian and plant based,156
The Foods and Wines of Spain: A Cookbook,Penelope Casas,4.32,189.0,,,beverages | cookbooks | cooking | food and drink,eng,https://i.gr-assets.com/images/S/compressed.photo.goodreads.com/books/1320445433i/120144._SY75_.jpg,https://www.goodreads.com/book/show/120144.The_Foods_and_Wines_of_Spain,Goodreads web scraping,beverages,157
The Garden of Vegan: How It All Vegan Again!,Tanya Barnard,3.82,2561.0,,,vegetarian and plant based | cookbooks | cooking | food and drink,eng,https://i.gr-assets.com/images/S/compressed.photo.goodreads.com/books/1384949660i/48314._SX50_.jpg,https://www.goodreads.com/book/show/48314.The_Garden_of_Vegan,Goodreads web scraping,vegetarian and plant based,158
Natural Harvest - A Collection of Semen-Based Recipes,"Paul ""Fotie"" Photenhauer",3.97,137.0,,,general cooking | cookbooks | cooking | food and drink,eng,https://i.gr-assets.com/images/S/compressed.photo.goodreads.com/books/1227264355i/5830947._SX50_.jpg,https://www.goodreads.com/book/show/5830947-natural-harvest---a-collection-of-semen-based-recipes,Goodreads web scraping,general cooking,159
The Lady & Sons Just Desserts: More Than 120 Sweet Temptations from Savannah's Favorite Restaurant,Paula H. Deen,4.15,2839.0,,,baking and desserts | cookbooks | cooking | food and drink,eng,https://i.gr-assets.com/images/S/compressed.photo.goodreads.com/books/1441587675i/67656._SX50_.jpg,https://www.goodreads.com/book/show/67656.The_Lady_Sons_Just_Desserts,Goodreads web scraping,baking and desserts,160
Perfect Recipes for Having People Over,Pam Anderson,4.05,263.0,,,general cooking | cookbooks | cooking | food and drink,eng,https://i.gr-assets.com/images/S/compressed.photo.goodreads.com/books/1349062010i/157704._SX50_.jpg,https://www.goodreads.com/book/show/157704.Perfect_Recipes_for_Having_People_Over,Goodreads web scraping,general cooking,161
Apples for Jam: A Colorful Cookbook,Tessa Kiros,4.02,1476.0,,,general cooking | cookbooks | cooking | food and drink,eng,https://i.gr-assets.com/images/S/compressed.photo.goodreads.com/books/1349061290i/1695464._SX50_.jpg,https://www.goodreads.com/book/show/1695464.Apples_for_Jam,Goodreads web scraping,general cooking,161
Falling Cloudberries: A World of Family Recipes,Tessa Kiros,3.97,2512.0,,,general cooking | cookbooks | cooking | food and drink,eng,https://i.gr-assets.com/images/S/compressed.photo.goodreads.com/books/1387729321i/1664368._SX50_.jpg,https://www.goodreads.com/book/show/1664368.Falling_Cloudberries,Goodreads web scraping,general cooking,163
Mastering the Art of French Cooking: Vol. 1,Julia Child,4.39,1832.0,,,world cuisines | cookbooks | cooking | food and drink,eng,https://i.gr-assets.com/images/S/compressed.photo.goodreads.com/books/1388190529i/1232967._SX50_.jpg,https://www.goodreads.com/book/show/1232967.Mastering_the_Art_of_French_Cooking,Goodreads web scraping,world cuisines,163
Baking: From My Home to Yours,Dorie Greenspan,4.22,18208.0,,,baking and desserts | cookbooks | cooking | food and drink,eng,https://i.gr-assets.com/images/S/compressed.photo.goodreads.com/books/1439765067i/184644._SX50_.jpg,https://www.goodreads.com/book/show/184644.Baking,Goodreads web scraping,baking and desserts,165
The Tassajara Bread Book,Edward Espe Brown,4.06,4690.0,,,baking and desserts | cookbooks | cooking | food and drink,eng,https://i.gr-assets.com/images/S/compressed.photo.goodreads.com/books/1266543030i/396759._SY75_.jpg,https://www.goodreads.com/book/show/396759.The_Tassajara_Bread_Book,Goodreads web scraping,baking and desserts,166
Every Day's a Party: Louisiana Recipes For Celebrating With Family And Friends,Emeril Lagasse,3.79,133.0,,,general cooking | cookbooks | cooking | food and drink,eng,https://i.gr-assets.com/images/S/compressed.photo.goodreads.com/books/1348160722i/735974._SX50_.jpg,https://www.goodreads.com/book/show/735974.Every_Day_s_a_Party,Goodreads web scraping,general cooking,167
Rose's Heavenly Cakes,Rose Levy Beranbaum,4.28,3579.0,,,baking and desserts | cookbooks | cooking | food and drink,eng,https://i.gr-assets.com/images/S/compressed.photo.goodreads.com/books/1360056543i/6080839._SX50_.jpg,https://www.goodreads.com/book/show/6080839-rose-s-heavenly-cakes,Goodreads web scraping,baking and desserts,167
"Cook's Illustrated Cookbook: 2,000 Recipes from 20 Years of America's Most Trusted Cooking Magazine",Cook's Illustrated,4.51,2445.0,,,general cooking | cookbooks | cooking | food and drink,eng,https://i.gr-assets.com/images/S/compressed.photo.goodreads.com/books/1327941699i/12470265._SX50_.jpg,https://www.goodreads.com/book/show/12470265-cook-s-illustrated-cookbook,Goodreads web scraping,general cooking,169
Tyler's Ultimate: Brilliant Simple Food to Make Any Time,Tyler Florence,4.09,3748.0,,,quick and practical cooking | cookbooks | cooking | food and drink,eng,https://i.gr-assets.com/images/S/compressed.photo.goodreads.com/books/1388245752i/1196._SX50_.jpg,https://www.goodreads.com/book/show/1196.Tyler_s_Ultimate,Goodreads web scraping,quick and practical cooking,170
Authentic Mexican: Regional Cooking from the Heart of Mexico,Rick Bayless,4.2,1849.0,,,world cuisines | cookbooks | cooking | food and drink,eng,https://i.gr-assets.com/images/S/compressed.photo.goodreads.com/books/1387742623i/772683._SX50_.jpg,https://www.goodreads.com/book/show/772683.Authentic_Mexican,Goodreads web scraping,world cuisines,170
"Spain, The Cookbook",Simone Ortega,3.98,852.0,,,general cooking | cookbooks | cooking | food and drink,eng,https://i.gr-assets.com/images/S/compressed.photo.goodreads.com/books/1348831238i/1895317._SX50_.jpg,https://www.goodreads.com/book/show/1895317.Spain_The_Cookbook,Goodreads web scraping,general cooking,172
Delia Smith's Christmas: 130 Recipes for Christmas,Delia Smith,4.32,510.0,,,general cooking | cookbooks | cooking | food and drink,eng,https://i.gr-assets.com/images/S/compressed.photo.goodreads.com/books/1387716409i/1761009._SX50_.jpg,https://www.goodreads.com/book/show/1761009.Delia_Smith_s_Christmas,Goodreads web scraping,general cooking,173
Martha Stewart's Baking Handbook,Martha Stewart,4.09,8793.0,,,baking and desserts | cookbooks | cooking | food and drink,eng,https://i.gr-assets.com/images/S/compressed.photo.goodreads.com/books/1320431664i/135875._SX50_.jpg,https://www.goodreads.com/book/show/135875.Martha_Stewart_s_Baking_Handbook,Goodreads web scraping,baking and desserts,173
Talk About Good Cookbook,Junior league of Lafayette,4.43,167.0,,,general cooking | cookbooks | cooking | food and drink,eng,https://i.gr-assets.com/images/S/compressed.photo.goodreads.com/books/1347658821i/268113._SX50_.jpg,https://www.goodreads.com/book/show/268113.Talk_About_Good_Cookbook,Goodreads web scraping,general cooking,175
The Best 30-minute Recipe: A Best Recipe Classic,Cook's Illustrated,4.13,1455.0,,,quick and practical cooking | cookbooks | cooking | food and drink,eng,https://i.gr-assets.com/images/S/compressed.photo.goodreads.com/books/1348277340i/32156._SX50_.jpg,https://www.goodreads.com/book/show/32156.The_Best_30_minute_Recipe,Goodreads web scraping,quick and practical cooking,176
The Encyclopedia of Cajun & Creole Cuisine,John D. Folse,4.71,238.0,,,general cooking | cookbooks | cooking | food and drink,eng,https://i.gr-assets.com/images/S/compressed.photo.goodreads.com/books/1387711006i/547717._SX50_.jpg,https://www.goodreads.com/book/show/547717.The_Encyclopedia_of_Cajun_Creole_Cuisine,Goodreads web scraping,general cooking,177
Momofuku,David Chang,3.93,14650.0,,,general cooking | cookbooks | cooking | food and drink,eng,https://i.gr-assets.com/images/S/compressed.photo.goodreads.com/books/1320474068i/6487388._SX50_.jpg,https://www.goodreads.com/book/show/6487388-momofuku,Goodreads web scraping,general cooking,178
Heston Blumenthal: In Search of Perfection: Reinventing Kitchen Classics,Heston Blumenthal,4.16,302.0,,,general cooking | cookbooks | cooking | food and drink,eng,https://i.gr-assets.com/images/S/compressed.photo.goodreads.com/books/1388328768i/384281._SX50_.jpg,https://www.goodreads.com/book/show/384281.Heston_Blumenthal,Goodreads web scraping,general cooking,179
Bobby Flay's Bold American Food,Bobby Flay,4.15,101.0,,,general cooking | cookbooks | cooking | food and drink,eng,https://i.gr-assets.com/images/S/compressed.photo.goodreads.com/books/1344267660i/405534._SX50_.jpg,https://www.goodreads.com/book/show/405534.Bobby_Flay_s_Bold_American_Food,Goodreads web scraping,general cooking,180
Square Meals: America's Favorite Comfort Cookbook,Jane Stern,4.3,135.0,,,general cooking | cookbooks | cooking | food and drink,eng,https://i.gr-assets.com/images/S/compressed.photo.goodreads.com/books/1387741029i/1531778._SY75_.jpg,https://www.goodreads.com/book/show/1531778.Square_Meals,Goodreads web scraping,general cooking,181
The Big Fat Duck Cookbook [Import Edition],Heston Blumenthal,4.56,136.0,,,general cooking | cookbooks | cooking | food and drink,eng,https://i.gr-assets.com/images/S/compressed.photo.goodreads.com/books/1348040962i/3158083._SX50_.jpg,https://www.goodreads.com/book/show/3158083-the-big-fat-duck-cookbook-import-edition,Goodreads web scraping,general cooking,182
Frank Stitt's Southern Table,Frank Stitt,4.28,293.0,,,general cooking | cookbooks | cooking | food and drink,eng,https://i.gr-assets.com/images/S/compressed.photo.goodreads.com/books/1404582066i/70773._SX50_.jpg,https://www.goodreads.com/book/show/70773.Frank_Stitt_s_Southern_Table,Goodreads web scraping,general cooking,183
Chez Panisse Vegetables,Alice Waters,4.08,3113.0,,,vegetarian and plant based | cookbooks | cooking | food and drink,eng,https://i.gr-assets.com/images/S/compressed.photo.goodreads.com/books/1407106339i/152706._SX50_.jpg,https://www.goodreads.com/book/show/152706.Chez_Panisse_Vegetables,Goodreads web scraping,vegetarian and plant based,184
Recipes for a Small Planet,Ellen Buchman Ewald,3.89,1301.0,,,general cooking | cookbooks | cooking | food and drink,eng,https://i.gr-assets.com/images/S/compressed.photo.goodreads.com/books/1388624563i/77010._SY75_.jpg,https://www.goodreads.com/book/show/77010.Recipes_for_a_Small_Planet,Goodreads web scraping,general cooking,185
Hot Sour Salty Sweet: A Culinary Journey Through Southeast Asia,Jeffrey Alford,4.15,1877.0,,,food science and technique | cookbooks | cooking | food and drink,eng,https://i.gr-assets.com/images/S/compressed.photo.goodreads.com/books/1371438058i/97658._SX50_.jpg,https://www.goodreads.com/book/show/97658.Hot_Sour_Salty_Sweet,Goodreads web scraping,food science and technique,186
More Best Recipes,Cook's Illustrated,4.39,72.0,,,general cooking | cookbooks | cooking | food and drink,eng,https://i.gr-assets.com/images/S/compressed.photo.goodreads.com/books/1348352042i/6796465._SX50_.jpg,https://www.goodreads.com/book/show/6796465-more-best-recipes,Goodreads web scraping,general cooking,187
"The Cooking of the Eastern Mediterranean: 215 Healthy, Vibrant, and Inspired Recipes",Paula Wolfert,4.15,328.0,,,nutrition and healthy eating | cookbooks | cooking | food and drink,eng,https://i.gr-assets.com/images/S/compressed.photo.goodreads.com/books/1348547027i/509304._SX50_.jpg,https://www.goodreads.com/book/show/509304.The_Cooking_of_the_Eastern_Mediterranean,Goodreads web scraping,nutrition and healthy eating,188
Horn of the Moon Cookbook,Ginny Callan,4.1,301.0,,,general cooking | cookbooks | cooking | food and drink,eng,https://i.gr-assets.com/images/S/compressed.photo.goodreads.com/books/1180633779i/1059678._SX50_.jpg,https://www.goodreads.com/book/show/1059678.Horn_of_the_Moon_Cookbook,Goodreads web scraping,general cooking,189
The Naked Chef Takes Off,Jamie Oliver,4.02,3995.0,,,food science and technique | cookbooks | cooking | food and drink,eng,https://i.gr-assets.com/images/S/compressed.photo.goodreads.com/books/1390621871i/155476._SX50_.jpg,https://www.goodreads.com/book/show/155476.The_Naked_Chef_Takes_Off,Goodreads web scraping,food science and technique,190
Martha Stewart's Cookies: The Very Best Treats to Bake and to Share,Martha Stewart,4.1,20100.0,,,baking and desserts | cookbooks | cooking | food and drink,eng,https://i.gr-assets.com/images/S/compressed.photo.goodreads.com/books/1320457250i/2176873._SX50_.jpg,https://www.goodreads.com/book/show/2176873.Martha_Stewart_s_Cookies,Goodreads web scraping,baking and desserts,191
Keeping Up Cookbook,Grace Ivory Rock,4.8,25.0,,,general cooking | cookbooks | cooking | food and drink,eng,https://i.gr-assets.com/images/S/compressed.photo.goodreads.com/books/1279651473i/8607287._SX50_.jpg,https://www.goodreads.com/book/show/8607287-keeping-up-cookbook,Goodreads web scraping,general cooking,192
"The Farmer's Cookbook: A Back to Basics Guide to Making Cheese, Curing Meat, Preserving Produce, Baking Bread, Fermenting, and More (Handbook Series)",Marie W. Lawrence,3.9,50.0,,,baking and desserts | cookbooks | cooking | food and drink,eng,https://i.gr-assets.com/images/S/compressed.photo.goodreads.com/books/1390433814i/11358607._SX50_.jpg,https://www.goodreads.com/book/show/11358607-the-farmer-s-cookbook,Goodreads web scraping,baking and desserts,192
"The Kind Diet: A Simple Guide to Feeling Great, Losing Weight, and Saving the Planet",Alicia Silverstone,3.83,9859.0,,,nutrition and healthy eating | cookbooks | cooking | food and drink,eng,https://i.gr-assets.com/images/S/compressed.photo.goodreads.com/books/1442928153i/6780824._SX50_.jpg,https://www.goodreads.com/book/show/6780824-the-kind-diet,Goodreads web scraping,nutrition and healthy eating,194
Fairytale Food Safari,Angela  Stafford,5.0,10.0,,,general cooking | cookbooks | cooking | food and drink,eng,https://i.gr-assets.com/images/S/compressed.photo.goodreads.com/books/1373665853i/18189137._SX50_.jpg,https://www.goodreads.com/book/show/18189137-fairytale-food-safari,Goodreads web scraping,general cooking,194
Weber's Big Book of Grilling,Jamie Purviance,4.3,533.0,,,general cooking | cookbooks | cooking | food and drink,eng,https://i.gr-assets.com/images/S/compressed.photo.goodreads.com/books/1442957313i/320433._SX50_.jpg,https://www.goodreads.com/book/show/320433.Weber_s_Big_Book_of_Grilling,Goodreads web scraping,general cooking,196
50 Great Curries of India,Camellia Panjabi,4.2,386.0,,,general cooking | cookbooks | cooking | food and drink,eng,https://i.gr-assets.com/images/S/compressed.photo.goodreads.com/books/1386922327i/31573._SX50_.jpg,https://www.goodreads.com/book/show/31573.50_Great_Curries_of_India,Goodreads web scraping,general cooking,197
Summer Cooking (New York Review Books Classics),Elizabeth David,4.15,226.0,,,general cooking | cookbooks | cooking | food and drink,eng,https://i.gr-assets.com/images/S/compressed.photo.goodreads.com/books/1320522135i/726146._SY75_.jpg,https://www.goodreads.com/book/show/726146.Summer_Cooking,Goodreads web scraping,general cooking,198
Joy the Baker Cookbook: 100 Simple and Comforting Recipes,Joy  Wilson,4.1,3596.0,,,baking and desserts | cookbooks | cooking | food and drink,eng,https://i.gr-assets.com/images/S/compressed.photo.goodreads.com/books/1321981185i/12986251._SX50_.jpg,https://www.goodreads.com/book/show/12986251-joy-the-baker-cookbook,Goodreads web scraping,baking and desserts,198
Every Day,Bill  Granger,4.05,154.0,,,general cooking | cookbooks | cooking | food and drink,eng,https://i.gr-assets.com/images/S/compressed.photo.goodreads.com/books/1348888970i/872710._SX50_.jpg,https://www.goodreads.com/book/show/872710.Every_Day,Goodreads web scraping,general cooking,200
In the Sweet Kitchen: The Definitive Baker's Companion,Regan Daley,4.19,290.0,,,baking and desserts | cookbooks | cooking | food and drink,eng,https://i.gr-assets.com/images/S/compressed.photo.goodreads.com/books/1387653097i/397767._SX50_.jpg,https://www.goodreads.com/book/show/397767.In_the_Sweet_Kitchen,Goodreads web scraping,baking and desserts,200
On Cooking: A Textbook of Culinary Fundamentals,Sarah R. Labensky,4.39,732.0,,,food science and technique | cookbooks | cooking | food and drink,eng,https://i.gr-assets.com/images/S/compressed.photo.goodreads.com/books/1387701072i/155963._SX50_.jpg,https://www.goodreads.com/book/show/155963.On_Cooking,Goodreads web scraping,food science and technique,202
Lidia's Family Table,Lidia Matticchio Bastianich,4.25,574.0,,,general cooking | cookbooks | cooking | food and drink,eng,https://i.gr-assets.com/images/S/compressed.photo.goodreads.com/books/1388178431i/22966._SX50_.jpg,https://www.goodreads.com/book/show/22966.Lidia_s_Family_Table,Goodreads web scraping,general cooking,202
From Amish and Mennonite Kitchens,Phyllis Pellman Good,4.14,66.0,,,general cooking | cookbooks | cooking | food and drink,eng,https://i.gr-assets.com/images/S/compressed.photo.goodreads.com/books/1369085913i/943039._SX50_.jpg,https://www.goodreads.com/book/show/943039.From_Amish_and_Mennonite_Kitchens,Goodreads web scraping,general cooking,204
Desserts to Die for,Marcel Desaulniers,4.1,60.0,,,baking and desserts | cookbooks | cooking | food and drink,eng,https://i.gr-assets.com/images/S/compressed.photo.goodreads.com/books/1387736829i/904308._SX50_.jpg,https://www.goodreads.com/book/show/904308.Desserts_to_Die_for,Goodreads web scraping,baking and desserts,204
The Complete book of baking / Pillsbury,Editor,4.61,101.0,,,baking and desserts | cookbooks | cooking | food and drink,eng,https://i.gr-assets.com/images/S/compressed.photo.goodreads.com/books/1267005389i/3871160._SX50_.jpg,https://www.goodreads.com/book/show/3871160-the-complete-book-of-baking-pillsbury,Goodreads web scraping,baking and desserts,204
The Science of Good Cooking: Master 50 Simple Concepts to Enjoy a Lifetime of Success in the Kitchen,Cook's Illustrated,4.44,3186.0,,,food science and technique | cookbooks | cooking | food and drink,eng,https://i.gr-assets.com/images/S/compressed.photo.goodreads.com/books/1350473300i/14636971._SX50_.jpg,https://www.goodreads.com/book/show/14636971-the-science-of-good-cooking,Goodreads web scraping,food science and technique,204
"Cucina Fresca: Italian Food, Simply Prepared – Vivid American Culinary Style Meets Fresh, Earthy Italian Traditions",Viana La Place,4.3,47.0,,,world cuisines | cookbooks | cooking | food and drink,eng,https://i.gr-assets.com/images/S/compressed.photo.goodreads.com/books/1157833082i/1185._SX50_.jpg,https://www.goodreads.com/book/show/1185.Cucina_Fresca,Goodreads web scraping,world cuisines,208
"Rachael Ray 2, 4, 6, 8: Great Meals for Couples or Crowds",Rachael Ray,3.83,1552.0,,,general cooking | cookbooks | cooking | food and drink,eng,https://i.gr-assets.com/images/S/compressed.photo.goodreads.com/books/1388254408i/71802._SX50_.jpg,https://www.goodreads.com/book/show/71802.Rachael_Ray_2_4_6_8,Goodreads web scraping,general cooking,208
"Linda McCartney's Home Cooking: Quick, Easy, and Economical Vegetarian Dishes for Today",Linda McCartney,3.97,114.0,,,vegetarian and plant based | cookbooks | cooking | food and drink,eng,https://i.gr-assets.com/images/S/compressed.photo.goodreads.com/books/1347583762i/1019108._SX50_.jpg,https://www.goodreads.com/book/show/1019108.Linda_McCartney_s_Home_Cooking,Goodreads web scraping,vegetarian and plant based,208
"The All New Ultimate Southern Living Cookbook: Over 1,250 of Our Best Recipes",Southern Living Inc.,4.45,458.0,,,general cooking | cookbooks | cooking | food and drink,eng,https://i.gr-assets.com/images/S/compressed.photo.goodreads.com/books/1312047588i/104312._SX50_.jpg,https://www.goodreads.com/book/show/104312.The_All_New_Ultimate_Southern_Living_Cookbook,Goodreads web scraping,general cooking,211
Real Fast Food,Nigel Slater,4.15,1413.0,,,general cooking | cookbooks | cooking | food and drink,eng,https://i.gr-assets.com/images/S/compressed.photo.goodreads.com/books/1391231222i/71956._SY75_.jpg,https://www.goodreads.com/book/show/71956.Real_Fast_Food,Goodreads web scraping,general cooking,211
Relaxed Cooking with Curtis Stone: Recipes to Put You in My Favorite Mood,Curtis Stone,3.86,187.0,,,general cooking | cookbooks | cooking | food and drink,eng,https://i.gr-assets.com/images/S/compressed.photo.goodreads.com/books/1431486009i/6314635._SX50_.jpg,https://www.goodreads.com/book/show/6314635-relaxed-cooking-with-curtis-stone,Goodreads web scraping,general cooking,213
The Lee Bros. Southern Cookbook: Stories and Recipes for Southerners and Would-be Southerners,Matt Lee,4.04,806.0,,,general cooking | cookbooks | cooking | food and drink,eng,https://i.gr-assets.com/images/S/compressed.photo.goodreads.com/books/1434337495i/269987._SX50_.jpg,https://www.goodreads.com/book/show/269987.The_Lee_Bros_Southern_Cookbook,Goodreads web scraping,general cooking,214
Jamie's Great Britain,Jamie Oliver,4.06,1321.0,,,general cooking | cookbooks | cooking | food and drink,eng,https://i.gr-assets.com/images/S/compressed.photo.goodreads.com/books/1328068271i/12282889._SX50_.jpg,https://www.goodreads.com/book/show/12282889-jamie-s-great-britain,Goodreads web scraping,general cooking,214
"Isa Does It: Amazingly Easy, Wildly Delicious Vegan Recipes for Every Day of the Week",Isa Chandra Moskowitz,4.35,4670.0,,,vegetarian and plant based | cookbooks | cooking | food and drink,eng,https://i.gr-assets.com/images/S/compressed.photo.goodreads.com/books/1372680806i/17333291._SX50_.jpg,https://www.goodreads.com/book/show/17333291-isa-does-it,Goodreads web scraping,vegetarian and plant based,214
"Jamie's Food Revolution: Rediscover How to Cook Simple, Delicious, Affordable Meals",Jamie Oliver,4.14,8291.0,,,quick and practical cooking | cookbooks | cooking | food and drink,eng,https://i.gr-assets.com/images/S/compressed.photo.goodreads.com/books/1348024967i/6404708._SX50_.jpg,https://www.goodreads.com/book/show/6404708-jamie-s-food-revolution,Goodreads web scraping,quick and practical cooking,217
Tender: Volume II: A Cook's Guide to the Fruit Garden,Nigel Slater,4.37,690.0,,,general cooking | cookbooks | cooking | food and drink,eng,https://i.gr-assets.com/images/S/compressed.photo.goodreads.com/books/1348314197i/6965703._SX50_.jpg,https://www.goodreads.com/book/show/6965703-tender,Goodreads web scraping,general cooking,218
Plenty More: Vibrant Vegetable Cooking from London's Ottolenghi,Yotam Ottolenghi,3.91,12395.0,,,vegetarian and plant based | cookbooks | cooking | food and drink,eng,https://i.gr-assets.com/images/S/compressed.photo.goodreads.com/books/1411338166i/20691056._SX50_.jpg,https://www.goodreads.com/book/show/20691056-plenty-more,Goodreads web scraping,vegetarian and plant based,218
Love Soup: 160 All-New Vegetarian Recipes,Anna Thomas,4.04,819.0,,,vegetarian and plant based | cookbooks | cooking | food and drink,eng,https://i.gr-assets.com/images/S/compressed.photo.goodreads.com/books/1362961036i/6435496._SX50_.jpg,https://www.goodreads.com/book/show/6435496-love-soup,Goodreads web scraping,vegetarian and plant based,220
Puerto Rican Cookery,Carmen Aboy Valldejuli,4.47,347.0,,,general cooking | cookbooks | cooking | food and drink,eng,https://i.gr-assets.com/images/S/compressed.photo.goodreads.com/books/1348113934i/714539._SX50_.jpg,https://www.goodreads.com/book/show/714539.Puerto_Rican_Cookery,Goodreads web scraping,general cooking,221
Around My French Table: More than 300 Recipes from My Home to Yours,Dorie Greenspan,4.14,5799.0,,,world cuisines | cookbooks | cooking | food and drink,eng,https://i.gr-assets.com/images/S/compressed.photo.goodreads.com/books/1648811969i/7847439._SX50_.jpg,https://www.goodreads.com/book/show/7847439-around-my-french-table,Goodreads web scraping,world cuisines,222
The Vegetarian Epicure Book Two,Anna Thomas,4.06,589.0,,,vegetarian and plant based | cookbooks | cooking | food and drink,eng,https://i.gr-assets.com/images/S/compressed.photo.goodreads.com/books/1387707978i/396752._SX50_.jpg,https://www.goodreads.com/book/show/396752.The_Vegetarian_Epicure_Book_Two,Goodreads web scraping,vegetarian and plant based,223
Aphrodite: A Memoir of the Senses,Isabel Allende,3.63,7016.0,,,general cooking | cookbooks | cooking | food and drink,eng,https://i.gr-assets.com/images/S/compressed.photo.goodreads.com/books/1407709813i/16530._SY75_.jpg,https://www.goodreads.com/book/show/16530.Aphrodite,Goodreads web scraping,general cooking,224
Lidia's Italian-American Kitchen: A Cookbook,Lidia Matticchio Bastianich,4.27,1261.0,,,world cuisines | cookbooks | cooking | food and drink,eng,https://i.gr-assets.com/images/S/compressed.photo.goodreads.com/books/1441254344i/19557._SX50_.jpg,https://www.goodreads.com/book/show/19557.Lidia_s_Italian_American_Kitchen,Goodreads web scraping,world cuisines,224
Outlander Kitchen: The Official Outlander Companion Cookbook,Theresa Carle-Sanders,4.3,1914.0,,,general cooking | cookbooks | cooking | food and drink,eng,https://i.gr-assets.com/images/S/compressed.photo.goodreads.com/books/1498058925i/26832930._SX50_.jpg,https://www.goodreads.com/book/show/26832930-outlander-kitchen,Goodreads web scraping,general cooking,224
Lidia Cooks from the Heart of Italy: A Feast of 175 Regional Recipes,Lidia Matticchio Bastianich,4.21,490.0,,,general cooking | cookbooks | cooking | food and drink,eng,https://i.gr-assets.com/images/S/compressed.photo.goodreads.com/books/1279835280i/8620258._SX50_.jpg,https://www.goodreads.com/book/show/8620258-lidia-cooks-from-the-heart-of-italy,Goodreads web scraping,general cooking,227
Jane Brody's Good Food Book: Living the High-Carbohydrate Way,Jane E. Brody,4.03,273.0,,,general cooking | cookbooks | cooking | food and drink,eng,https://i.gr-assets.com/images/S/compressed.photo.goodreads.com/books/1347633932i/6383134._SX50_.jpg,https://www.goodreads.com/book/show/6383134-jane-brody-s-good-food-book,Goodreads web scraping,general cooking,228
Super Natural Every Day: Well-Loved Recipes from My Natural Foods Kitchen,Heidi Swanson,3.86,9811.0,,,general cooking | cookbooks | cooking | food and drink,eng,https://i.gr-assets.com/images/S/compressed.photo.goodreads.com/books/1347784316i/9326166._SX50_.jpg,https://www.goodreads.com/book/show/9326166-super-natural-every-day,Goodreads web scraping,general cooking,228
"The Foster's Market Cookbook: Favorite Recipes for Morning, Noon, and Night",Sara  Foster,4.25,244.0,,,general cooking | cookbooks | cooking | food and drink,eng,https://i.gr-assets.com/images/S/compressed.photo.goodreads.com/books/1388391407i/388503._SX50_.jpg,https://www.goodreads.com/book/show/388503.The_Foster_s_Market_Cookbook,Goodreads web scraping,general cooking,230
"Wild Fermentation: The Flavor, Nutrition, and Craft of Live-Culture Foods",Sandor Ellix Katz,4.38,6065.0,,,nutrition and healthy eating | cookbooks | cooking | food and drink,eng,https://i.gr-assets.com/images/S/compressed.photo.goodreads.com/books/1415589337i/109800._SX50_.jpg,https://www.goodreads.com/book/show/109800.Wild_Fermentation,Goodreads web scraping,nutrition and healthy eating,231
Lidia's Italian Table: More Than 200 Recipes From The First Lady Of Italian Cooking,Lidia Matticchio Bastianich,4.21,145.0,,,world cuisines | cookbooks | cooking | food and drink,eng,https://i.gr-assets.com/images/S/compressed.photo.goodreads.com/books/1348111212i/864098._SX50_.jpg,https://www.goodreads.com/book/show/864098.Lidia_s_Italian_Table,Goodreads web scraping,world cuisines,232
The Best of Southern Living Cookbook: Over 500 of Our All-Time Favorite Recipes,Southern Living Inc.,4.32,53.0,,,general cooking | cookbooks | cooking | food and drink,eng,https://i.gr-assets.com/images/S/compressed.photo.goodreads.com/books/1312058868i/6102020._SX50_.jpg,https://www.goodreads.com/book/show/6102020-the-best-of-southern-living-cookbook,Goodreads web scraping,general cooking,232
The Best Recipe: Soups & Stews,Cook's Illustrated,4.12,113.0,,,general cooking | cookbooks | cooking | food and drink,eng,https://i.gr-assets.com/images/S/compressed.photo.goodreads.com/books/1178031204i/750850._SX50_.jpg,https://www.goodreads.com/book/show/750850.The_Best_Recipe,Goodreads web scraping,general cooking,234
Nigella Kitchen: Recipes from the Heart of the Home,Nigella Lawson,4.17,5508.0,,,general cooking | cookbooks | cooking | food and drink,eng,https://i.gr-assets.com/images/S/compressed.photo.goodreads.com/books/1395175099i/8433784._SX50_.jpg,https://www.goodreads.com/book/show/8433784-nigella-kitchen,Goodreads web scraping,general cooking,235
The Zuni Cafe Cookbook: A Compendium of Recipes and Cooking Lessons from San Francisco's Beloved Restaurant,Judy Rodgers,4.02,3865.0,,,general cooking | cookbooks | cooking | food and drink,eng,https://i.gr-assets.com/images/S/compressed.photo.goodreads.com/books/1386606914i/152723._SX50_.jpg,https://www.goodreads.com/book/show/152723.The_Zuni_Cafe_Cookbook,Goodreads web scraping,general cooking,236
"Greece, The Cookbook",Vefa Alexiadou,4.36,370.0,,,general cooking | cookbooks | cooking | food and drink,eng,https://i.gr-assets.com/images/S/compressed.photo.goodreads.com/books/1348997998i/6488064._SX50_.jpg,https://www.goodreads.com/book/show/6488064-greece-the-cookbook,Goodreads web scraping,general cooking,236
"The Ultimate Ice Cream Book: Over 500 Ice Creams, Sorbets, Granitas, – A Comprehensive Cookbook with Homemade Recipes and Tempting Flavors",Bruce Weinstein,4.12,687.0,,,general cooking | cookbooks | cooking | food and drink,eng,https://i.gr-assets.com/images/S/compressed.photo.goodreads.com/books/1441967961i/251607._SX50_.jpg,https://www.goodreads.com/book/show/251607.The_Ultimate_Ice_Cream_Book,Goodreads web scraping,general cooking,238
Persiana: Recipes from the Middle East & Beyond,Sabrina Ghayour,4.32,1596.0,,,general cooking | cookbooks | cooking | food and drink,eng,https://i.gr-assets.com/images/S/compressed.photo.goodreads.com/books/1394428941i/21230950._SX50_.jpg,https://www.goodreads.com/book/show/21230950-persiana,Goodreads web scraping,general cooking,238
Your Guide to Spice and Seasonings,Valeria Ray,4.06,16.0,,,general cooking | cookbooks | cooking | food and drink,eng,https://i.gr-assets.com/images/S/compressed.photo.goodreads.com/books/1600388832i/55364741._SX50_.jpg,https://www.goodreads.com/book/show/55364741-your-guide-to-spice-and-seasonings,Goodreads web scraping,general cooking,238
Seductions of Rice,Jeffrey Alford,4.24,343.0,,,general cooking | cookbooks | cooking | food and drink,eng,https://i.gr-assets.com/images/S/compressed.photo.goodreads.com/books/1405291629i/438253._SX50_.jpg,https://www.goodreads.com/book/show/438253.Seductions_of_Rice,Goodreads web scraping,general cooking,241
Delicious Deep Fryer Recipes: A Mouth Watering Selection of Foods,Daniel Humphreys,4.62,8.0,,,general cooking | cookbooks | cooking | food and drink,eng,https://i.gr-assets.com/images/S/compressed.photo.goodreads.com/books/1549815784i/43907325._SY75_.jpg,https://www.goodreads.com/book/show/43907325-delicious-deep-fryer-recipes,Goodreads web scraping,general cooking,241
Keepers: Two Home Cooks Share Their Tried-and-True Weeknight Recipes and the Secrets to Happiness in the Kitchen,Kathy Brennan,3.83,546.0,,,quick and practical cooking | cookbooks | cooking | food and drink,eng,https://i.gr-assets.com/images/S/compressed.photo.goodreads.com/books/1361639985i/13167803._SX50_.jpg,https://www.goodreads.com/book/show/13167803-keepers,Goodreads web scraping,quick and practical cooking,243
Moosewood Restaurant Celebrates: Festive Meals for Holidays and Special Occasions,The Moosewood Collective,3.9,263.0,,,general cooking | cookbooks | cooking | food and drink,eng,https://i.gr-assets.com/images/S/compressed.photo.goodreads.com/books/1172900109i/229522._SX50_.jpg,https://www.goodreads.com/book/show/229522.Moosewood_Restaurant_Celebrates,Goodreads web scraping,general cooking,244
Make a Meal with Marmite: Sweet Savory Recipes – Spread the Word; Love Marmite!,Christina Tosch,4.25,8.0,,,general cooking | cookbooks | cooking | food and drink,eng,https://i.gr-assets.com/images/S/compressed.photo.goodreads.com/books/1593966929i/54400853._SX50_.jpg,https://www.goodreads.com/book/show/54400853-make-a-meal-with-marmite,Goodreads web scraping,general cooking,244
Pillsbury: Best of the Bake-off Cookbook: 350 Recipes from Ameria's Favorite Cooking Contest,Pillsbury,3.87,124.0,,,baking and desserts | cookbooks | cooking | food and drink,eng,https://i.gr-assets.com/images/S/compressed.photo.goodreads.com/books/1442128794i/1281629._SX50_.jpg,https://www.goodreads.com/book/show/1281629.Pillsbury,Goodreads web scraping,baking and desserts,246
Sweetie Pie's Cookbook: 40 Must-Make Great American Pie Recipes,Christina Tosch,4.33,9.0,,,baking and desserts | cookbooks | cooking | food and drink,eng,https://i.gr-assets.com/images/S/compressed.photo.goodreads.com/books/1556872722i/45443755._SY75_.jpg,https://www.goodreads.com/book/show/45443755-sweetie-pie-s-cookbook,Goodreads web scraping,baking and desserts,246
Colorado Cache Cookbook: A Goldmine of Recipes,Junior League of Denver,4.35,198.0,,,general cooking | cookbooks | cooking | food and drink,eng,https://i.gr-assets.com/images/S/compressed.photo.goodreads.com/books/1387742503i/1056761._SX50_.jpg,https://www.goodreads.com/book/show/1056761.Colorado_Cache_Cookbook,Goodreads web scraping,general cooking,248
The Essential Cuisines of Mexico,Diana Kennedy,4.38,471.0,,,general cooking | cookbooks | cooking | food and drink,eng,https://i.gr-assets.com/images/S/compressed.photo.goodreads.com/books/1320393928i/290797._SX50_.jpg,https://www.goodreads.com/book/show/290797.The_Essential_Cuisines_of_Mexico,Goodreads web scraping,general cooking,249
Short n' Sweet: 40 Best Shot Glass Desserts,Christina Tosch,4.11,9.0,,,baking and desserts | cookbooks | cooking | food and drink,eng,https://i.gr-assets.com/images/S/compressed.photo.goodreads.com/books/1572599348i/48656584._SY75_.jpg,https://www.goodreads.com/book/show/48656584-short-n-sweet,Goodreads web scraping,baking and desserts,249
Maida Heatter's Book of Great Chocolate Desserts,Maida Heatter,4.46,105.0,,,baking and desserts | cookbooks | cooking | food and drink,eng,https://i.gr-assets.com/images/S/compressed.photo.goodreads.com/books/1348801541i/88467._SX50_.jpg,https://www.goodreads.com/book/show/88467.Maida_Heatter_s_Book_of_Great_Chocolate_Desserts,Goodreads web scraping,baking and desserts,251
Thai Food,David Thompson,4.22,1442.0,,,world cuisines | cookbooks | cooking | food and drink,eng,https://i.gr-assets.com/images/S/compressed.photo.goodreads.com/books/1348303945i/154051._SX50_.jpg,https://www.goodreads.com/book/show/154051.Thai_Food,Goodreads web scraping,world cuisines,251
Authentic Japanese Food Cookbook: Delicious Japanese Dishes from Popular Japanese Restaurants in Japan,Daniel Humphreys,4.11,9.0,,,world cuisines | cookbooks | cooking | food and drink,eng,https://i.gr-assets.com/images/S/compressed.photo.goodreads.com/books/1547678508i/43595385._SY75_.jpg,https://www.goodreads.com/book/show/43595385-authentic-japanese-food-cookbook,Goodreads web scraping,world cuisines,253
The Four Ingredient Cookbooks-Three Cookbooks in One!,Linda Coffee,3.97,107.0,,,general cooking | cookbooks | cooking | food and drink,eng,https://i.gr-assets.com/images/S/compressed.photo.goodreads.com/books/1182508779i/1285607._SX50_.jpg,https://www.goodreads.com/book/show/1285607.The_Four_Ingredient_Cookbooks_Three_Cookbooks_in_One_,Goodreads web scraping,general cooking,254
One Good Dish,David Tanis,3.87,347.0,,,general cooking | cookbooks | cooking | food and drink,eng,https://i.gr-assets.com/images/S/compressed.photo.goodreads.com/books/1394337679i/18920749._SX50_.jpg,https://www.goodreads.com/book/show/18920749-one-good-dish,Goodreads web scraping,general cooking,255
Fix-It and Forget-It Big Cookbook: 1400 Best Slow Cooker Recipes!,Phyllis Pellman Good,4.04,820.0,,,quick and practical cooking | cookbooks | cooking | food and drink,eng,https://i.gr-assets.com/images/S/compressed.photo.goodreads.com/books/1369085965i/4915557._SX50_.jpg,https://www.goodreads.com/book/show/4915557-fix-it-and-forget-it-big-cookbook,Goodreads web scraping,quick and practical cooking,256
Italian Slow and Savory,Joyce Goldstein,4.18,38.0,,,world cuisines | cookbooks | cooking | food and drink,eng,https://i.gr-assets.com/images/S/compressed.photo.goodreads.com/books/1441228186i/825584._SX50_.jpg,https://www.goodreads.com/book/show/825584.Italian_Slow_and_Savory,Goodreads web scraping,world cuisines,257
Happy Days with the Naked Chef,Jamie Oliver,4.07,6641.0,,,food science and technique | cookbooks | cooking | food and drink,eng,https://i.gr-assets.com/images/S/compressed.photo.goodreads.com/books/1408926677i/531445._SX50_.jpg,https://www.goodreads.com/book/show/531445.Happy_Days_with_the_Naked_Chef,Goodreads web scraping,food science and technique,258
Decadent Cake Ball Recipes: Pretty Little Treats for Many Occasions,April Blomgren,4.67,9.0,,,baking and desserts | cookbooks | cooking | food and drink,eng,https://i.gr-assets.com/images/S/compressed.photo.goodreads.com/books/1607087280i/56158663._SX50_.jpg,https://www.goodreads.com/book/show/56158663-decadent-cake-ball-recipes,Goodreads web scraping,baking and desserts,259
Martha Stewart Hors D'Oeuvres,W.E.B Griffin,3.89,27.0,,,general cooking | cookbooks | cooking | food and drink,eng,https://i.gr-assets.com/images/S/compressed.photo.goodreads.com/books/1502163236i/9382259._SX50_.jpg,https://www.goodreads.com/book/show/9382259-martha-stewart-hors-d-oeuvres,Goodreads web scraping,general cooking,260
The Fat Duck Cookbook,Heston Blumenthal,4.3,1059.0,,,general cooking | cookbooks | cooking | food and drink,eng,https://i.gr-assets.com/images/S/compressed.photo.goodreads.com/books/1316738976i/6955120._SX50_.jpg,https://www.goodreads.com/book/show/6955120-the-fat-duck-cookbook,Goodreads web scraping,general cooking,261
Heritage,Sean Brock,4.36,1193.0,,,general cooking | cookbooks | cooking | food and drink,eng,https://i.gr-assets.com/images/S/compressed.photo.goodreads.com/books/1410170752i/20673617._SX50_.jpg,https://www.goodreads.com/book/show/20673617-heritage,Goodreads web scraping,general cooking,261
Ham for the Holidays: Tasty Christmas and New Year Ham Recipes,Christina Tosch,4.22,9.0,,,general cooking | cookbooks | cooking | food and drink,eng,https://i.gr-assets.com/images/S/compressed.photo.goodreads.com/books/1607079289i/56157850._SX50_.jpg,https://www.goodreads.com/book/show/56157850-ham-for-the-holidays,Goodreads web scraping,general cooking,263
The Candy Cookbook: 40 Recipes for Sweet Success - to Celebrate National Candy Month,Christina Tosch,4.36,11.0,,,general cooking | cookbooks | cooking | food and drink,eng,https://i.gr-assets.com/images/S/compressed.photo.goodreads.com/books/1595315878i/54621942._SX50_.jpg,https://www.goodreads.com/book/show/54621942-the-candy-cookbook,Goodreads web scraping,general cooking,264
Bon Appetit Desserts: The Cookbook for All Things Sweet and Wonderful,Bon Appétit Magazine,4.31,1226.0,,,baking and desserts | cookbooks | cooking | food and drink,eng,https://i.gr-assets.com/images/S/compressed.photo.goodreads.com/books/1437065121i/8640210._SX50_.jpg,https://www.goodreads.com/book/show/8640210-bon-appetit-desserts,Goodreads web scraping,baking and desserts,265
"The Cola Cookbook: Get Cooking with Cola! From Casseroles to Cupcakes, and More",Christina Tosch,4.46,13.0,,,baking and desserts | cookbooks | cooking | food and drink,eng,https://i.gr-assets.com/images/S/compressed.photo.goodreads.com/books/1590682339i/53574372._SX50_.jpg,https://www.goodreads.com/book/show/53574372-the-cola-cookbook,Goodreads web scraping,baking and desserts,266
USA Cookbook,Sheila Lukins,3.85,135.0,,,general cooking | cookbooks | cooking | food and drink,eng,https://i.gr-assets.com/images/S/compressed.photo.goodreads.com/books/1185566006i/1590770._SX50_.jpg,https://www.goodreads.com/book/show/1590770.USA_Cookbook,Goodreads web scraping,general cooking,267
The Definitive 5-Ingredient Cookbook: When Less is More,Martha Stone,4.38,8.0,,,general cooking | cookbooks | cooking | food and drink,eng,https://i.gr-assets.com/images/S/compressed.photo.goodreads.com/books/1605826428i/55954072._SX50_.jpg,https://www.goodreads.com/book/show/55954072-the-definitive-5-ingredient-cookbook,Goodreads web scraping,general cooking,268
The Martha Stewart Living Cookbook: The Original Classics,Martha Stewart,4.01,1321.0,,,general cooking | cookbooks | cooking | food and drink,eng,https://i.gr-assets.com/images/S/compressed.photo.goodreads.com/books/1348060959i/1734640._SX50_.jpg,https://www.goodreads.com/book/show/1734640.The_Martha_Stewart_Living_Cookbook,Goodreads web scraping,general cooking,269
The Taste of Home Baking Book,Janet Briggs,4.43,2680.0,,,baking and desserts | cookbooks | cooking | food and drink,eng,https://i.gr-assets.com/images/S/compressed.photo.goodreads.com/books/1309298128i/1671115._SX50_.jpg,https://www.goodreads.com/book/show/1671115.The_Taste_of_Home_Baking_Book,Goodreads web scraping,baking and desserts,270
Your Guide to Fall Baking: Discover Delicious Baked Goods Recipes That Are Perfect for Fall!,Valeria Ray,4.0,6.0,,,baking and desserts | cookbooks | cooking | food and drink,eng,https://i.gr-assets.com/images/S/compressed.photo.goodreads.com/books/1602449381i/55629211._SX50_.jpg,https://www.goodreads.com/book/show/55629211-your-guide-to-fall-baking,Goodreads web scraping,baking and desserts,270
The German Cookbook: A Complete Guide to Mastering Authentic German Cooking,Mimi Sheraton,3.89,276.0,,,general cooking | cookbooks | cooking | food and drink,eng,https://i.gr-assets.com/images/S/compressed.photo.goodreads.com/books/1320475651i/535158._SY75_.jpg,https://www.goodreads.com/book/show/535158.The_German_Cookbook,Goodreads web scraping,general cooking,272
Quick Meal-in-a Mug Recipes That Are Too Delicious: Prepare Your Meals In Just 5 Minutes,Valeria Ray,3.92,26.0,,,quick and practical cooking | cookbooks | cooking | food and drink,eng,https://i.gr-assets.com/images/S/compressed.photo.goodreads.com/books/1563038090l/49633742._SX50_SY75_.jpg,https://www.goodreads.com/book/show/49633742-quick-meal-in-a-mug-recipes-that-are-too-delicious,Goodreads web scraping,quick and practical cooking,273
The Guide for Hot Pot Cooking: The Best Hot Pot Cookbook That Will Become Your Best Friend in The Kitchen,Valeria Ray,4.64,14.0,,,general cooking | cookbooks | cooking | food and drink,eng,https://i.gr-assets.com/images/S/compressed.photo.goodreads.com/books/1562150453l/51258292._SX50_SY75_.jpg,https://www.goodreads.com/book/show/51258292-the-guide-for-hot-pot-cooking,Goodreads web scraping,general cooking,274
"Italian Immigrant Cooking (Immigrant Cookbook Series, Bk. #1)",Elodia Rigante,4.63,71.0,,,world cuisines | cookbooks | cooking | food and drink,eng,https://i.gr-assets.com/images/S/compressed.photo.goodreads.com/books/1387733046i/1670915._SX50_.jpg,https://www.goodreads.com/book/show/1670915.Italian_Immigrant_Cooking,Goodreads web scraping,world cuisines,275
Just Recipes: Easy To Cook Recipes With Inexpensive Ingredients You Already Have In Your Kitchen (Volume 1),Karen M. Fjeldheim,4.75,8.0,,,quick and practical cooking | cookbooks | cooking | food and drink,eng,https://i.gr-assets.com/images/S/compressed.photo.goodreads.com/books/1355932968i/6305171._SY75_.jpg,https://www.goodreads.com/book/show/6305171-just-recipes,Goodreads web scraping,quick and practical cooking,275
With a Measure of Grace: The Story and Recipes of a Small Town Restaurant,Blake Spalding,4.53,114.0,,,general cooking | cookbooks | cooking | food and drink,eng,https://i.gr-assets.com/images/S/compressed.photo.goodreads.com/books/1387733618i/750731._SX50_.jpg,https://www.goodreads.com/book/show/750731.With_a_Measure_of_Grace,Goodreads web scraping,general cooking,275
Siren's Feast: An Edible Odyssey,Nancy Mehagian,4.05,37.0,,,general cooking | cookbooks | cooking | food and drink,eng,https://i.gr-assets.com/images/S/compressed.photo.goodreads.com/books/1330563397i/3326458._SX50_.jpg,https://www.goodreads.com/book/show/3326458-siren-s-feast,Goodreads web scraping,general cooking,275
Bake,Rachel Allen,4.07,2396.0,,,baking and desserts | cookbooks | cooking | food and drink,eng,https://i.gr-assets.com/images/S/compressed.photo.goodreads.com/books/1328784706i/2974945._SX50_.jpg,https://www.goodreads.com/book/show/2974945-bake,Goodreads web scraping,baking and desserts,275
Tastes and Tales from Russia,Alla Danishevsky,4.53,15.0,,,general cooking | cookbooks | cooking | food and drink,eng,https://i.gr-assets.com/images/S/compressed.photo.goodreads.com/books/1183470309i/1421843._SY75_.jpg,https://www.goodreads.com/book/show/1421843.Tastes_and_Tales_from_Russia,Goodreads web scraping,general cooking,275
Delicious lamb,Per H. Jacobsen,5.0,4.0,,,general cooking | cookbooks | cooking | food and drink,eng,https://i.gr-assets.com/images/S/compressed.photo.goodreads.com/books/1442330699i/26541868._SX50_.jpg,https://www.goodreads.com/book/show/26541868-delicious-lamb,Goodreads web scraping,general cooking,275
Vegan Richa's Indian Kitchen: Traditional and Creative Recipes for the Home Cook,Richa Hingle,4.44,1357.0,,,vegetarian and plant based | cookbooks | cooking | food and drink,eng,https://i.gr-assets.com/images/S/compressed.photo.goodreads.com/books/1430083854i/23258002._SX50_.jpg,https://www.goodreads.com/book/show/23258002-vegan-richa-s-indian-kitchen,Goodreads web scraping,vegetarian and plant based,275
Mr. Fields Cookies,Diamond W. Fields,5.0,4.0,,,baking and desserts | cookbooks | cooking | food and drink,eng,https://i.gr-assets.com/images/S/compressed.photo.goodreads.com/books/1497181684i/35406575._SX50_.jpg,https://www.goodreads.com/book/show/35406575-mr-fields-cookies,Goodreads web scraping,baking and desserts,275
Palate Passport,Neha Khullar,4.5,8.0,,,general cooking | cookbooks | cooking | food and drink,eng,https://i.gr-assets.com/images/S/compressed.photo.goodreads.com/books/1512946782i/37345470._SX50_.jpg,https://www.goodreads.com/book/show/37345470-palate-passport,Goodreads web scraping,general cooking,275
Intimacy on the Plate: 200+ Aphrodisiac Recipes to Spice Up Your Love Life at Home Tonight,Olga Petrenko,4.15,39.0,,,general cooking | cookbooks | cooking | food and drink,eng,https://i.gr-assets.com/images/S/compressed.photo.goodreads.com/books/1502141402i/35943141._SY75_.jpg,https://www.goodreads.com/book/show/35943141-intimacy-on-the-plate,Goodreads web scraping,general cooking,275
Keto Diet for Beginners: 30-Day Keto Meal Plan for Rapid Weight Loss.,Amy Crenn,3.91,22093.0,,,nutrition and healthy eating | cookbooks | cooking | food and drink,eng,https://i.gr-assets.com/images/S/compressed.photo.goodreads.com/books/1541885998i/42747550._SY75_.jpg,https://www.goodreads.com/book/show/42747550-keto-diet-for-beginners,Goodreads web scraping,nutrition and healthy eating,275
Healthy Kids Cookbook: These Healthy Dishes Can Help to Keep Your Child Living a Healthy and Active Life!,Stephanie Sharp,3.75,16.0,,,nutrition and healthy eating | cookbooks | cooking | food and drink,eng,https://i.gr-assets.com/images/S/compressed.photo.goodreads.com/books/1553415198i/44580988._SY75_.jpg,https://www.goodreads.com/book/show/44580988-healthy-kids-cookbook,Goodreads web scraping,nutrition and healthy eating,275
The Best Of Chef At Home: Essential Recipes For Today's Kitchen,Michael   Smith,4.39,147.0,,,food science and technique | cookbooks | cooking | food and drink,eng,https://i.gr-assets.com/images/S/compressed.photo.goodreads.com/books/1345255144i/7013584._SX50_.jpg,https://www.goodreads.com/book/show/7013584-the-best-of-chef-at-home,Goodreads web scraping,food science and technique,288
Delia's Complete How To Cook,Delia Smith,4.46,147.0,,,general cooking | cookbooks | cooking | food and drink,eng,https://i.gr-assets.com/images/S/compressed.photo.goodreads.com/books/1328046637i/6378301._SX50_.jpg,https://www.goodreads.com/book/show/6378301-delia-s-complete-how-to-cook,Goodreads web scraping,general cooking,288
"Jean-Louis, Cooking With the Seasons",Jean-Louis Palladin,4.73,11.0,,,general cooking | cookbooks | cooking | food and drink,eng,https://i.gr-assets.com/images/S/compressed.photo.goodreads.com/books/1174072501i/358202._SX50_.jpg,https://www.goodreads.com/book/show/358202.Jean_Louis_Cooking_With_the_Seasons,Goodreads web scraping,general cooking,288
Crazy Dumplings,Amanda   Roberts,4.22,40.0,,,general cooking | cookbooks | cooking | food and drink,eng,https://i.gr-assets.com/images/S/compressed.photo.goodreads.com/books/1415537265i/23519469._SY75_.jpg,https://www.goodreads.com/book/show/23519469-crazy-dumplings,Goodreads web scraping,general cooking,288
The Perfect Quiche,Denise Hawley,4.5,4.0,,,general cooking | cookbooks | cooking | food and drink,eng,https://i.gr-assets.com/images/S/compressed.photo.goodreads.com/books/1701915504i/203376185._SX50_.jpg,https://www.goodreads.com/book/show/203376185-the-perfect-quiche,Goodreads web scraping,general cooking,288
A Field Of Greens: Gourmet African Slow Cooker Soups And Stews,Ivy Newton-Gamble,3.5,20.0,,,world cuisines | cookbooks | cooking | food and drink,eng,https://i.gr-assets.com/images/S/compressed.photo.goodreads.com/books/1348722247i/6269989._SX50_.jpg,https://www.goodreads.com/book/show/6269989-a-field-of-greens,Goodreads web scraping,world cuisines,293
The Complete Robuchon: French Home Cooking for the Way We Live Now with More than 800 Recipes: A Cookbook,Joël Robuchon,4.39,294.0,,,world cuisines | cookbooks | cooking | food and drink,eng,https://i.gr-assets.com/images/S/compressed.photo.goodreads.com/books/1320456314i/3143668._SX50_.jpg,https://www.goodreads.com/book/show/3143668-the-complete-robuchon,Goodreads web scraping,world cuisines,293
"Quick Fix Meals: 200 Simple, Delicious Recipes to Make Mealtime Eas",Robin        Miller,3.86,374.0,,,quick and practical cooking | cookbooks | cooking | food and drink,eng,https://i.gr-assets.com/images/S/compressed.photo.goodreads.com/books/1442281345i/74020._SX50_.jpg,https://www.goodreads.com/book/show/74020.Quick_Fix_Meals,Goodreads web scraping,quick and practical cooking,293
"Budget Bytes: Over 100 Easy, Delicious Recipes to Slash Your Grocery Bill in Half: A Cookbook",Beth Moncel,4.16,661.0,,,quick and practical cooking | cookbooks | cooking | food and drink,eng,https://i.gr-assets.com/images/S/compressed.photo.goodreads.com/books/1372051402i/18079645._SX50_.jpg,https://www.goodreads.com/book/show/18079645-budget-bytes,Goodreads web scraping,quick and practical cooking,293
"Slim and Healthy You (Edible Excellence, #1)",Sahara Sanders,4.0,22.0,,,nutrition and healthy eating | cookbooks | cooking | food and drink,eng,https://i.gr-assets.com/images/S/compressed.photo.goodreads.com/books/1429004216i/25357102._SX50_.jpg,https://www.goodreads.com/book/show/25357102-slim-and-healthy-you,Goodreads web scraping,nutrition and healthy eating,293
Not Your Mother's Slow Cooker Cookbook,Beth Hensperger,3.79,5772.0,,,quick and practical cooking | cookbooks | cooking | food and drink,eng,https://i.gr-assets.com/images/S/compressed.photo.goodreads.com/books/1403206601i/10416._SX50_.jpg,https://www.goodreads.com/book/show/10416.Not_Your_Mother_s_Slow_Cooker_Cookbook,Goodreads web scraping,quick and practical cooking,293
"Classic Indian Cooking: Master Moghul Cuisine with Simple Techniques, Essential Spices, and Traditional Recipes",Julie Sahni,4.21,1192.0,,,world cuisines | cookbooks | cooking | food and drink,eng,https://i.gr-assets.com/images/S/compressed.photo.goodreads.com/books/1348651577i/1033177._SX50_.jpg,https://www.goodreads.com/book/show/1033177.Classic_Indian_Cooking,Goodreads web scraping,world cuisines,293
The Cinnamon Recipe Book: Discover Delicious Cinnamon-Spiced Recipes!,Valeria Ray,4.31,16.0,,,general cooking | cookbooks | cooking | food and drink,eng,https://i.gr-assets.com/images/S/compressed.photo.goodreads.com/books/1601749093i/55547313._SX50_.jpg,https://www.goodreads.com/book/show/55547313-the-cinnamon-recipe-book,Goodreads web scraping,general cooking,293
660 Curries,Raghavan Iyer,4.17,1270.0,,,general cooking | cookbooks | cooking | food and drink,eng,https://i.gr-assets.com/images/S/compressed.photo.goodreads.com/books/1404577346i/2575111._SX50_.jpg,https://www.goodreads.com/book/show/2575111-660-curries,Goodreads web scraping,general cooking,301
My Abuela's Table: An Illustrated Journey into Mexican Cooking,Daniella Germain,4.13,39.0,,,world cuisines | cookbooks | cooking | food and drink,eng,https://i.gr-assets.com/images/S/compressed.photo.goodreads.com/books/1344606041i/12355863._SX50_.jpg,https://www.goodreads.com/book/show/12355863-my-abuela-s-table,Goodreads web scraping,world cuisines,301
Magnolia Table: A Collection of Recipes for Gathering,Joanna Gaines,4.18,19147.0,,,general cooking | cookbooks | cooking | food and drink,eng,https://i.gr-assets.com/images/S/compressed.photo.goodreads.com/books/1514874087i/36379968._SX50_.jpg,https://www.goodreads.com/book/show/36379968-magnolia-table,Goodreads web scraping,general cooking,301
Vegetable Love,Barbara Kafka,3.87,256.0,,,vegetarian and plant based | cookbooks | cooking | food and drink,eng,https://i.gr-assets.com/images/S/compressed.photo.goodreads.com/books/1404580669i/22907._SX50_.jpg,https://www.goodreads.com/book/show/22907.Vegetable_Love,Goodreads web scraping,vegetarian and plant based,304
Dessert Haiku: Petite Desserts for the Sweet Tooth & Poetry for the Soul,Ivy Newton-Gamble,4.8,5.0,,,baking and desserts | cookbooks | cooking | food and drink,eng,https://i.gr-assets.com/images/S/compressed.photo.goodreads.com/books/1677798642i/6538950._SX50_.jpg,https://www.goodreads.com/book/show/6538950-dessert-haiku,Goodreads web scraping,baking and desserts,304
A New Way to Cook,Sally Schneider,3.97,702.0,,,general cooking | cookbooks | cooking | food and drink,eng,https://i.gr-assets.com/images/S/compressed.photo.goodreads.com/books/1387722689i/1333233._SX50_.jpg,https://www.goodreads.com/book/show/1333233.A_New_Way_to_Cook,Goodreads web scraping,general cooking,304
"I ♥ Cheese: A Cookbook: 60 Ooey, Gooey, Delicious Meals for Serious Cheese Lovers",Mihaela Metaxa-Albu,3.84,70.0,,,general cooking | cookbooks | cooking | food and drink,eng,https://i.gr-assets.com/images/S/compressed.photo.goodreads.com/books/1601346596i/49672277._SX50_.jpg,https://www.goodreads.com/book/show/49672277-i-cheese,Goodreads web scraping,general cooking,304
The Vegetarian Planet: 350 Big-Flavor Recipes for Out-Of-This-World Food Every Day,Didi Emmons,4.05,412.0,,,vegetarian and plant based | cookbooks | cooking | food and drink,eng,https://i.gr-assets.com/images/S/compressed.photo.goodreads.com/books/1403209516i/199103._SX50_.jpg,https://www.goodreads.com/book/show/199103.The_Vegetarian_Planet,Goodreads web scraping,vegetarian and plant based,308
The Pat Conroy Cookbook: Recipes of My Life,Pat Conroy,4.17,1943.0,,,general cooking | cookbooks | cooking | food and drink,eng,https://i.gr-assets.com/images/S/compressed.photo.goodreads.com/books/1386925717i/129945._SX50_.jpg,https://www.goodreads.com/book/show/129945.The_Pat_Conroy_Cookbook,Goodreads web scraping,general cooking,308
The Book Lover's Cookbook,Shaunda Kennedy Wenger,3.82,373.0,,,general cooking | cookbooks | cooking | food and drink,eng,https://i.gr-assets.com/images/S/compressed.photo.goodreads.com/books/1436663917i/135018._SX50_.jpg,https://www.goodreads.com/book/show/135018.The_Book_Lover_s_Cookbook,Goodreads web scraping,general cooking,308
Modern Classics (Book 1),Donna  Hay,4.06,1124.0,,,general cooking | cookbooks | cooking | food and drink,eng,https://i.gr-assets.com/images/S/compressed.photo.goodreads.com/books/1348319178i/1316051._SX50_.jpg,https://www.goodreads.com/book/show/1316051.Modern_Classics,Goodreads web scraping,general cooking,311
The Ultimate Southern Living Cookbook,Julie Fisher Gunter,4.33,4363.0,,,general cooking | cookbooks | cooking | food and drink,eng,https://i.gr-assets.com/images/S/compressed.photo.goodreads.com/books/1389786447i/351122._SX50_.jpg,https://www.goodreads.com/book/show/351122.The_Ultimate_Southern_Living_Cookbook,Goodreads web scraping,general cooking,311
Bernard Clayton's New Complete Book of Breads,Bernard Clayton Jr.,4.26,883.0,,,baking and desserts | cookbooks | cooking | food and drink,eng,https://i.gr-assets.com/images/S/compressed.photo.goodreads.com/books/1348634216i/557868._SX50_.jpg,https://www.goodreads.com/book/show/557868.Bernard_Clayton_s_New_Complete_Book_of_Breads,Goodreads web scraping,baking and desserts,311
"Pie It Forward: Pies, Tarts, Tortes, Galettes, and Other Pastries Reinvented",Gesine Bullock-Prado,4.34,275.0,,,baking and desserts | cookbooks | cooking | food and drink,eng,https://i.gr-assets.com/images/S/compressed.photo.goodreads.com/books/1345683326i/12723590._SX50_.jpg,https://www.goodreads.com/book/show/12723590-pie-it-forward,Goodreads web scraping,baking and desserts,311
Meals Made Easy,Real Simple,3.89,430.0,,,quick and practical cooking | cookbooks | cooking | food and drink,eng,https://i.gr-assets.com/images/S/compressed.photo.goodreads.com/books/1344269031i/6623._SX50_.jpg,https://www.goodreads.com/book/show/6623.Meals_Made_Easy,Goodreads web scraping,quick and practical cooking,315
Chili Madness: A Passionate Cookbook,Jane Butel,3.66,68.0,,,general cooking | cookbooks | cooking | food and drink,eng,https://i.gr-assets.com/images/S/compressed.photo.goodreads.com/books/1705792594i/2712193._SX50_.jpg,https://www.goodreads.com/book/show/2712193-chili-madness,Goodreads web scraping,general cooking,315
Local Flavors: Cooking and Eating from America's Farmers' Markets,Deborah Madison,3.98,2191.0,,,general cooking | cookbooks | cooking | food and drink,eng,https://i.gr-assets.com/images/S/compressed.photo.goodreads.com/books/1387666528i/141054._SX50_.jpg,https://www.goodreads.com/book/show/141054.Local_Flavors,Goodreads web scraping,general cooking,315
Vegan Yum Yum: Decadent (But Doable) Animal-Free Recipes for Entertaining and Everyday,Lauren Ulm,3.91,2516.0,,,vegetarian and plant based | cookbooks | cooking | food and drink,eng,https://i.gr-assets.com/images/S/compressed.photo.goodreads.com/books/1348058567i/6496521._SX50_.jpg,https://www.goodreads.com/book/show/6496521-vegan-yum-yum,Goodreads web scraping,vegetarian and plant based,315
Meta Given's Modern Encyclopedia of Cooking (2 Volume Set),Meta Given,4.59,39.0,,,general cooking | cookbooks | cooking | food and drink,eng,https://i.gr-assets.com/images/S/compressed.photo.goodreads.com/books/1387748264i/481529._SX50_.jpg,https://www.goodreads.com/book/show/481529.Meta_Given_s_Modern_Encyclopedia_of_Cooking,Goodreads web scraping,general cooking,315
Everyday Greens: Everyday Greens,Annie Somerville,4.45,86.0,,,general cooking | cookbooks | cooking | food and drink,eng,https://i.gr-assets.com/images/S/compressed.photo.goodreads.com/books/1348491736i/864063._SX50_.jpg,https://www.goodreads.com/book/show/864063.Everyday_Greens,Goodreads web scraping,general cooking,320
"Vegan Soul Kitchen: Fresh, Healthy, and Creative African-American Cuisine",Bryant Terry,3.99,2973.0,,,vegetarian and plant based | cookbooks | cooking | food and drink,eng,https://i.gr-assets.com/images/S/compressed.photo.goodreads.com/books/1441309218i/6062739._SX50_.jpg,https://www.goodreads.com/book/show/6062739-vegan-soul-kitchen,Goodreads web scraping,vegetarian and plant based,321
"Crazy Plates: Low-Fat Food So Good, You'll Swear It's Bad for You!",Janet Podleski,4.04,240.0,,,general cooking | cookbooks | cooking | food and drink,eng,https://i.gr-assets.com/images/S/compressed.photo.goodreads.com/books/1309282958i/538180._SX50_.jpg,https://www.goodreads.com/book/show/538180.Crazy_Plates,Goodreads web scraping,general cooking,321
Baked: New Frontiers in Baking,Matt  Lewis,4.15,6368.0,,,baking and desserts | cookbooks | cooking | food and drink,eng,https://i.gr-assets.com/images/S/compressed.photo.goodreads.com/books/1328744143i/3328432._SX50_.jpg,https://www.goodreads.com/book/show/3328432-baked,Goodreads web scraping,baking and desserts,321
Kitchen: The Best of the Best,Michele Cranston,4.03,39.0,,,general cooking | cookbooks | cooking | food and drink,eng,https://i.gr-assets.com/images/S/compressed.photo.goodreads.com/books/1348508383i/1481651._SX50_.jpg,https://www.goodreads.com/book/show/1481651.Kitchen,Goodreads web scraping,general cooking,321
Thug Kitchen 101: Fast as F*ck,Thug Kitchen,4.12,2054.0,,,general cooking | cookbooks | cooking | food and drink,eng,https://i.gr-assets.com/images/S/compressed.photo.goodreads.com/books/1467339201i/30820811._SX50_.jpg,https://www.goodreads.com/book/show/30820811-thug-kitchen-101,Goodreads web scraping,general cooking,321
The Settlement Cookbook,Mrs. Simon Kander,4.27,196.0,,,general cooking | cookbooks | cooking | food and drink,eng,https://i.gr-assets.com/images/S/compressed.photo.goodreads.com/books/1387667753i/19608960._SX50_.jpg,https://www.goodreads.com/book/show/19608960-the-settlement-cookbook,Goodreads web scraping,general cooking,321
The Best Bread Machine Cookbook Ever: Ethnic Breads,Madge Rosenberg,3.9,10.0,,,baking and desserts | cookbooks | cooking | food and drink,eng,https://i.gr-assets.com/images/S/compressed.photo.goodreads.com/books/1347510776i/2208109._SX50_.jpg,https://www.goodreads.com/book/show/2208109.The_Best_Bread_Machine_Cookbook_Ever,Goodreads web scraping,baking and desserts,327
"Quiches, Kugels, and Couscous: My Search for Jewish Cooking in France: A Cookbook",Joan Nathan,4.09,77.0,,,general cooking | cookbooks | cooking | food and drink,eng,https://i.gr-assets.com/images/S/compressed.photo.goodreads.com/books/1348710538i/8140106._SX50_.jpg,https://www.goodreads.com/book/show/8140106-quiches-kugels-and-couscous,Goodreads web scraping,general cooking,327
Delia Smith's Complete Illustrated Cookery Course,Delia Smith,4.35,2810.0,,,general cooking | cookbooks | cooking | food and drink,eng,https://i.gr-assets.com/images/S/compressed.photo.goodreads.com/books/1348210708i/1251782._SX50_.jpg,https://www.goodreads.com/book/show/1251782.Delia_Smith_s_Complete_Illustrated_Cookery_Course,Goodreads web scraping,general cooking,329
Linda McCartney's World of Vegetarian Cooking: Over 200 Meat-free Dishes from Around the World,Linda McCartney,3.83,35.0,,,vegetarian and plant based | cookbooks | cooking | food and drink,eng,https://i.gr-assets.com/images/S/compressed.photo.goodreads.com/books/1181532618i/1163550._SX50_.jpg,https://www.goodreads.com/book/show/1163550.Linda_McCartney_s_World_of_Vegetarian_Cooking,Goodreads web scraping,vegetarian and plant based,329
"My Bread: The Revolutionary No-Work, No-Knead Method",Jim Lahey,4.25,2522.0,,,baking and desserts | cookbooks | cooking | food and drink,eng,https://i.gr-assets.com/images/S/compressed.photo.goodreads.com/books/1391137123i/6540114._SX50_.jpg,https://www.goodreads.com/book/show/6540114-my-bread,Goodreads web scraping,baking and desserts,329
"Eat, Shrink & Be Merry! Great-Tasting Food That Won't Go from Your Lips to Your Hips!",Janet Podleski,4.31,249.0,,,general cooking | cookbooks | cooking | food and drink,eng,https://i.gr-assets.com/images/S/compressed.photo.goodreads.com/books/1390364659i/940618._SX50_.jpg,https://www.goodreads.com/book/show/940618.Eat_Shrink_Be_Merry_Great_Tasting_Food_That_Won_t_Go_from_Your_Lips_to_Your_Hips_,Goodreads web scraping,general cooking,329
The Complete Book of Pasta and Noodles: A Cookbook,Cook's Illustrated,4.03,163.0,,,general cooking | cookbooks | cooking | food and drink,eng,https://i.gr-assets.com/images/S/compressed.photo.goodreads.com/books/1388186768i/24033._SX50_.jpg,https://www.goodreads.com/book/show/24033.The_Complete_Book_of_Pasta_and_Noodles,Goodreads web scraping,general cooking,329
A Treasury of Great Recipes,Mary   Price,4.62,259.0,,,general cooking | cookbooks | cooking | food and drink,eng,https://i.gr-assets.com/images/S/compressed.photo.goodreads.com/books/1762902167i/137756._SX50_.jpg,https://www.goodreads.com/book/show/137756.A_Treasury_of_Great_Recipes,Goodreads web scraping,general cooking,329
"Roast Figs, Sugar Snow: Food to Warm the Soul",Diana Henry,4.15,300.0,,,general cooking | cookbooks | cooking | food and drink,eng,https://i.gr-assets.com/images/S/compressed.photo.goodreads.com/books/1787672385i/879631._SX50_.jpg,https://www.goodreads.com/book/show/879631.Roast_Figs_Sugar_Snow,Goodreads web scraping,general cooking,329
Vegan Planet: 400 Irresistible Recipes with Fantastic Flavors from Home and Around the World,Robin    Robertson,3.94,4301.0,,,vegetarian and plant based | cookbooks | cooking | food and drink,eng,https://i.gr-assets.com/images/S/compressed.photo.goodreads.com/books/1403207104i/48308._SX50_.jpg,https://www.goodreads.com/book/show/48308.Vegan_Planet,Goodreads web scraping,vegetarian and plant based,336
The Taste of Country Cooking,Edna Lewis,4.44,1551.0,,,general cooking | cookbooks | cooking | food and drink,eng,https://i.gr-assets.com/images/S/compressed.photo.goodreads.com/books/1388462940i/346029._SX50_.jpg,https://www.goodreads.com/book/show/346029.The_Taste_of_Country_Cooking,Goodreads web scraping,general cooking,336
The New Indian Cooking Course,Manisha Kanani,4.0,8.0,,,world cuisines | cookbooks | cooking | food and drink,eng,https://i.gr-assets.com/images/S/compressed.photo.goodreads.com/books/1711507578i/1921065._SX50_.jpg,https://www.goodreads.com/book/show/1921065.The_New_Indian_Cooking_Course,Goodreads web scraping,world cuisines,338
What to Cook and How to Cook It,Jane Hornby,4.38,350.0,,,general cooking | cookbooks | cooking | food and drink,eng,https://i.gr-assets.com/images/S/compressed.photo.goodreads.com/books/1337644285i/9382624._SX50_.jpg,https://www.goodreads.com/book/show/9382624-what-to-cook-and-how-to-cook-it,Goodreads web scraping,general cooking,338
Pleyn Delit: Medieval Cookery for Modern Cooks,Sharon Butler,4.19,172.0,,,general cooking | cookbooks | cooking | food and drink,eng,https://i.gr-assets.com/images/S/compressed.photo.goodreads.com/books/1348517398i/600636._SY75_.jpg,https://www.goodreads.com/book/show/600636.Pleyn_Delit,Goodreads web scraping,general cooking,338
Culinaria Europese specialiteiten,Inge Rappert,4.45,137.0,,,general cooking | cookbooks | cooking | food and drink,eng,https://i.gr-assets.com/images/S/compressed.photo.goodreads.com/books/1339533647i/15703048._SX50_.jpg,https://www.goodreads.com/book/show/15703048-culinaria-europese-specialiteiten,Goodreads web scraping,general cooking,341
Molly on the Range: Recipes and Stories from An Unlikely Life on a Farm: A Cookbook,Molly Yeh,4.18,1685.0,,,general cooking | cookbooks | cooking | food and drink,eng,https://i.gr-assets.com/images/S/compressed.photo.goodreads.com/books/1479040340i/28260495._SX50_.jpg,https://www.goodreads.com/book/show/28260495-molly-on-the-range,Goodreads web scraping,general cooking,341
The New American Heart Association Cookbook,American Heart Association,3.96,367.0,,,general cooking | cookbooks | cooking | food and drink,eng,https://i.gr-assets.com/images/S/compressed.photo.goodreads.com/books/1347664917i/576612._SY75_.jpg,https://www.goodreads.com/book/show/576612.The_New_American_Heart_Association_Cookbook,Goodreads web scraping,general cooking,343
Bitter Almonds: Recollections and Recipes from a Sicilian Girlhood,Mary Taylor Simeti,3.69,230.0,,,general cooking | cookbooks | cooking | food and drink,eng,https://i.gr-assets.com/images/S/compressed.photo.goodreads.com/books/1348227402i/96506._SY75_.jpg,https://www.goodreads.com/book/show/96506.Bitter_Almonds,Goodreads web scraping,general cooking,343
Top Secret Restaurant Recipes: Creating Kitchen Clones from America's Favorite Restaurant Chains,Todd Wilbur,4.05,5739.0,,,general cooking | cookbooks | cooking | food and drink,eng,https://i.gr-assets.com/images/S/compressed.photo.goodreads.com/books/1392587003i/732053._SY75_.jpg,https://www.goodreads.com/book/show/732053.Top_Secret_Restaurant_Recipes,Goodreads web scraping,general cooking,343
The Oh She Glows Cookbook: Over 100 Vegan Recipes to Glow from the Inside Out,Angela  Liddon,4.01,18451.0,,,vegetarian and plant based | cookbooks | cooking | food and drink,eng,https://i.gr-assets.com/images/S/compressed.photo.goodreads.com/books/1393810176i/18079651._SX50_.jpg,https://www.goodreads.com/book/show/18079651-the-oh-she-glows-cookbook,Goodreads web scraping,vegetarian and plant based,343
S'more Cookbook: Tasty Creative S'more Recipes,Stephanie Sharp,4.42,12.0,,,general cooking | cookbooks | cooking | food and drink,eng,https://i.gr-assets.com/images/S/compressed.photo.goodreads.com/books/1577663524i/50105903._SY75_.jpg,https://www.goodreads.com/book/show/50105903-s-more-cookbook,Goodreads web scraping,general cooking,343
2020 Starter HCG Diet Recipes Cookbook: Delicious Hassle Free HCG Diet Recipes That Will Get You Started on the HCG Diet,Stephanie Sharp,4.38,8.0,,,nutrition and healthy eating | cookbooks | cooking | food and drink,eng,https://i.gr-assets.com/images/S/compressed.photo.goodreads.com/books/1591129729i/53779407._SX50_.jpg,https://www.goodreads.com/book/show/53779407-2020-starter-hcg-diet-recipes-cookbook,Goodreads web scraping,nutrition and healthy eating,343
Guacamole Cookbook: Trendy and Fun Guacamole Recipes,Stephanie Sharp,4.38,8.0,,,general cooking | cookbooks | cooking | food and drink,eng,https://i.gr-assets.com/images/S/compressed.photo.goodreads.com/books/1601363920i/55505975._SX50_.jpg,https://www.goodreads.com/book/show/55505975-guacamole-cookbook,Goodreads web scraping,general cooking,343
Simple Pierogi Cookbook: Delicious Pierogi Recipes That Will Help You Be the Life of The Party,Stephanie Sharp,4.62,8.0,,,baking and desserts | cookbooks | cooking | food and drink,eng,https://i.gr-assets.com/images/S/compressed.photo.goodreads.com/books/1590612210i/53506111._SY75_.jpg,https://www.goodreads.com/book/show/53506111-simple-pierogi-cookbook,Goodreads web scraping,baking and desserts,343
Beginner Spatzle Recipes Cookbook: Delicious & Easy Spatzle Recipes for Beginners to German Cuisine,Stephanie Sharp,4.5,8.0,,,quick and practical cooking | cookbooks | cooking | food and drink,eng,https://i.gr-assets.com/images/S/compressed.photo.goodreads.com/books/1590556004i/53493137._SX50_.jpg,https://www.goodreads.com/book/show/53493137-beginner-spatzle-recipes-cookbook,Goodreads web scraping,quick and practical cooking,343
The Complete Book of soups and Stews,Bernard Clayton Jr.,4.2,69.0,,,general cooking | cookbooks | cooking | food and drink,eng,https://i.gr-assets.com/images/S/compressed.photo.goodreads.com/books/1175791343i/557873._SX50_.jpg,https://www.goodreads.com/book/show/557873.The_Complete_Book_of_soups_and_Stews,Goodreads web scraping,general cooking,352
Learning to Cook with Marion Cunningham,Marion Cunningham,4.47,72.0,,,general cooking | cookbooks | cooking | food and drink,eng,https://i.gr-assets.com/images/S/compressed.photo.goodreads.com/books/1387734879i/158932._SX50_.jpg,https://www.goodreads.com/book/show/158932.Learning_to_Cook_with_Marion_Cunningham,Goodreads web scraping,general cooking,352
"Everyday Food: Fresh Flavor Fast: 250 Easy, Delicious Recipes for Any Time of Day",Martha Stewart,3.96,1520.0,,,quick and practical cooking | cookbooks | cooking | food and drink,eng,https://i.gr-assets.com/images/S/compressed.photo.goodreads.com/books/1320442612i/6613281._SX50_.jpg,https://www.goodreads.com/book/show/6613281-everyday-food,Goodreads web scraping,quick and practical cooking,352
The Happy Herbivore Cookbook: Over 175 Delicious Fat-Free and Low-Fat Vegan Recipes,Lindsay S. Nixon,4.02,3733.0,,,vegetarian and plant based | cookbooks | cooking | food and drink,eng,https://i.gr-assets.com/images/S/compressed.photo.goodreads.com/books/1294090288i/7913713._SX50_.jpg,https://www.goodreads.com/book/show/7913713-the-happy-herbivore-cookbook,Goodreads web scraping,vegetarian and plant based,355
Cold Platters for Christmas and New Year: Amazing Grazing Festive Fare to Share,Christina Tosch,4.0,9.0,,,general cooking | cookbooks | cooking | food and drink,eng,https://i.gr-assets.com/images/S/compressed.photo.goodreads.com/books/1606537897i/56067321._SX50_.jpg,https://www.goodreads.com/book/show/56067321-cold-platters-for-christmas-and-new-year,Goodreads web scraping,general cooking,355
"Better Homes and Gardens, the Ultimate Cookie Book: More Than 500 Tempting Treats Plus Secrets for Baking Better Cookies",Lois White,4.08,53.0,,,baking and desserts | cookbooks | cooking | food and drink,eng,https://i.gr-assets.com/images/S/compressed.photo.goodreads.com/books/1359424831i/1671170._SX50_.jpg,https://www.goodreads.com/book/show/1671170.Better_Homes_and_Gardens_the_Ultimate_Cookie_Book,Goodreads web scraping,baking and desserts,357
The Art of Fermentation: An in-Depth Exploration of Essential Concepts and Processes from Around the World,Sandor Ellix Katz,4.43,4951.0,,,food science and technique | cookbooks | cooking | food and drink,eng,https://i.gr-assets.com/images/S/compressed.photo.goodreads.com/books/1334185796i/13598307._SX50_.jpg,https://www.goodreads.com/book/show/13598307-the-art-of-fermentation,Goodreads web scraping,food science and technique,358
Thai Soup Cookbook: Plunge into a Bowl of Happiness with Thai Soup,Stephanie Sharp,3.75,12.0,,,world cuisines | cookbooks | cooking | food and drink,eng,https://i.gr-assets.com/images/S/compressed.photo.goodreads.com/books/1598212310i/55083205._SX50_.jpg,https://www.goodreads.com/book/show/55083205-thai-soup-cookbook,Goodreads web scraping,world cuisines,358
Biggest Book of Bread Machine Recipes,Carrie Holcomb,4.18,71.0,,,baking and desserts | cookbooks | cooking | food and drink,eng,https://i.gr-assets.com/images/S/compressed.photo.goodreads.com/books/1360056626i/153241._SX50_.jpg,https://www.goodreads.com/book/show/153241.Biggest_Book_of_Bread_Machine_Recipes,Goodreads web scraping,baking and desserts,360
Delia Smith's Summer Collection,Delia Smith,4.12,323.0,,,general cooking | cookbooks | cooking | food and drink,eng,https://i.gr-assets.com/images/S/compressed.photo.goodreads.com/books/1179767629i/953667._SX50_.jpg,https://www.goodreads.com/book/show/953667.Delia_Smith_s_Summer_Collection,Goodreads web scraping,general cooking,360
Flatbreads  Flavors,Jeffrey Alford,4.26,495.0,,,baking and desserts | cookbooks | cooking | food and drink,eng,https://i.gr-assets.com/images/S/compressed.photo.goodreads.com/books/1348113090i/438252._SX50_.jpg,https://www.goodreads.com/book/show/438252.Flatbreads_Flavors,Goodreads web scraping,baking and desserts,362
Culinaria Italy,Claudia Piras,4.44,333.0,,,general cooking | cookbooks | cooking | food and drink,eng,https://i.gr-assets.com/images/S/compressed.photo.goodreads.com/books/1174924105i/455347._SX50_.jpg,https://www.goodreads.com/book/show/455347.Culinaria_Italy,Goodreads web scraping,general cooking,363
Jim Lee's Chinese Cookbook.,Jim       Lee,3.67,9.0,,,world cuisines | cookbooks | cooking | food and drink,eng,https://i.gr-assets.com/images/S/compressed.photo.goodreads.com/nophoto/book/111x148._SX50_.png,https://www.goodreads.com/book/show/707822.Jim_Lee_s_Chinese_Cookbook_,Goodreads web scraping,world cuisines,364
The Complete Middle East Cookbook,Tess Mallos,4.36,159.0,,,general cooking | cookbooks | cooking | food and drink,eng,https://i.gr-assets.com/images/S/compressed.photo.goodreads.com/books/1364139917i/496305._SX50_.jpg,https://www.goodreads.com/book/show/496305.The_Complete_Middle_East_Cookbook,Goodreads web scraping,general cooking,364
Southeast Asian Specialties,Rosalind Mowe,4.36,154.0,,,world cuisines | cookbooks | cooking | food and drink,eng,https://i.gr-assets.com/images/S/compressed.photo.goodreads.com/books/1387752160i/1213485._SX50_.jpg,https://www.goodreads.com/book/show/1213485.Southeast_Asian_Specialties,Goodreads web scraping,world cuisines,366
A Piece of Cake,Susan G. Purdy,4.62,29.0,,,baking and desserts | cookbooks | cooking | food and drink,eng,https://i.gr-assets.com/images/S/compressed.photo.goodreads.com/books/1289258557i/208847._SX50_.jpg,https://www.goodreads.com/book/show/208847.A_Piece_of_Cake,Goodreads web scraping,baking and desserts,366
Bobby Flay's Grill It!,Bobby Flay,4.17,477.0,,,general cooking | cookbooks | cooking | food and drink,eng,https://i.gr-assets.com/images/S/compressed.photo.goodreads.com/books/1320479727i/2255989._SX50_.jpg,https://www.goodreads.com/book/show/2255989.Bobby_Flay_s_Grill_It_,Goodreads web scraping,general cooking,366
Viva Vegan! 200 Authentic and Fabulous Recipes for Latin Food Lovers,Terry Hope Romero,3.88,2874.0,,,vegetarian and plant based | cookbooks | cooking | food and drink,eng,https://i.gr-assets.com/images/S/compressed.photo.goodreads.com/books/1328829394i/7130273._SX50_.jpg,https://www.goodreads.com/book/show/7130273-viva-vegan-200-authentic-and-fabulous-recipes-for-latin-food-lovers,Goodreads web scraping,vegetarian and plant based,366
Brunch: 100 Recipes from Five Points Restaurant,Marc    Meyer,3.78,37.0,,,general cooking | cookbooks | cooking | food and drink,eng,https://i.gr-assets.com/images/S/compressed.photo.goodreads.com/books/1320393166i/790325._SX50_.jpg,https://www.goodreads.com/book/show/790325.Brunch,Goodreads web scraping,general cooking,370
Lidia's Italy,Lidia Matticchio Bastianich,4.2,663.0,,,general cooking | cookbooks | cooking | food and drink,eng,https://i.gr-assets.com/images/S/compressed.photo.goodreads.com/books/1440456652i/22967._SX50_.jpg,https://www.goodreads.com/book/show/22967.Lidia_s_Italy,Goodreads web scraping,general cooking,370
Madhur Jaffrey's World-of-the-East Vegetarian Cooking: A Cookbook,Madhur Jaffrey,4.26,625.0,,,vegetarian and plant based | cookbooks | cooking | food and drink,eng,https://i.gr-assets.com/images/S/compressed.photo.goodreads.com/books/1320400839i/142850._SX50_.jpg,https://www.goodreads.com/book/show/142850.Madhur_Jaffrey_s_World_of_the_East_Vegetarian_Cooking,Goodreads web scraping,vegetarian and plant based,370
Japanese Cuisine,Tetsu Kariya,4.02,1749.0,,,world cuisines | cookbooks | cooking | food and drink,eng,https://i.gr-assets.com/images/S/compressed.photo.goodreads.com/books/1390624152i/4589731._SX50_.jpg,https://www.goodreads.com/book/show/4589731-japanese-cuisine,Goodreads web scraping,world cuisines,370
The New York Times Heritage Cook Book,Jean Hewitt,4.29,41.0,,,general cooking | cookbooks | cooking | food and drink,eng,https://i.gr-assets.com/images/S/compressed.photo.goodreads.com/books/1387739367i/1693619._SX50_.jpg,https://www.goodreads.com/book/show/1693619.The_New_York_Times_Heritage_Cook_Book,Goodreads web scraping,general cooking,374
From Tapas to Meze: Small Plates from the Mediterranean,Joanne Weir,4.25,64.0,,,world cuisines | cookbooks | cooking | food and drink,eng,https://i.gr-assets.com/images/S/compressed.photo.goodreads.com/books/1388983376i/189961._SX50_.jpg,https://www.goodreads.com/book/show/189961.From_Tapas_to_Meze,Goodreads web scraping,world cuisines,374
Semi-Homemade: 20-Minute Meals,Sandra Lee,3.73,213.0,,,quick and practical cooking | cookbooks | cooking | food and drink,eng,https://i.gr-assets.com/images/S/compressed.photo.goodreads.com/books/1438800644i/2118286._SX50_.jpg,https://www.goodreads.com/book/show/2118286.Semi_Homemade,Goodreads web scraping,quick and practical cooking,376
Jamie Oliver's Comfort Food: The Ultimate Weekend Cookbook,Jamie Oliver,4.16,1500.0,,,general cooking | cookbooks | cooking | food and drink,eng,https://i.gr-assets.com/images/S/compressed.photo.goodreads.com/books/1404481625i/20603007._SX50_.jpg,https://www.goodreads.com/book/show/20603007-jamie-oliver-s-comfort-food,Goodreads web scraping,general cooking,376
"Moosewood Restaurant Daily Special: More Than 275 Recipes for Soups, Stews, Salads & Extras",The Moosewood Collective,4.15,909.0,,,general cooking | cookbooks | cooking | food and drink,eng,https://i.gr-assets.com/images/S/compressed.photo.goodreads.com/books/1388464767i/198179._SX50_.jpg,https://www.goodreads.com/book/show/198179.Moosewood_Restaurant_Daily_Special,Goodreads web scraping,general cooking,378
Toll House Heritage Cookbook: A Collection of Favorite Dessert Recipes,Nestle Toll House,3.71,31.0,,,baking and desserts | cookbooks | cooking | food and drink,eng,https://i.gr-assets.com/images/S/compressed.photo.goodreads.com/books/1334279502i/7231751._SY75_.jpg,https://www.goodreads.com/book/show/7231751-toll-house-heritage-cookbook,Goodreads web scraping,baking and desserts,378
"1,000 Vegan Recipes (1,000 Recipes)",Robin    Robertson,4.22,791.0,,,vegetarian and plant based | cookbooks | cooking | food and drink,eng,https://i.gr-assets.com/images/S/compressed.photo.goodreads.com/books/1360056447i/6657635._SX50_.jpg,https://www.goodreads.com/book/show/6657635-1-000-vegan-recipes,Goodreads web scraping,vegetarian and plant based,378
New American Cooking: The Best of Contemporary Regional Cuisines,Williams Sonoma,4.19,16.0,,,general cooking | cookbooks | cooking | food and drink,eng,https://i.gr-assets.com/images/S/compressed.photo.goodreads.com/books/1347373687i/1878240._SX50_.jpg,https://www.goodreads.com/book/show/1878240.New_American_Cooking,Goodreads web scraping,general cooking,378
Cupcakes from the Primrose Bakery,Martha Swift and Lisa Thomas,4.28,453.0,,,baking and desserts | cookbooks | cooking | food and drink,eng,https://i.gr-assets.com/images/S/compressed.photo.goodreads.com/books/1348852787i/6983125._SX50_.jpg,https://www.goodreads.com/book/show/6983125-cupcakes-from-the-primrose-bakery,Goodreads web scraping,baking and desserts,382
"How to Grill: The Complete Illustrated Book of Barbecue Techniques, A Barbecue Bible! Cookbook (Steven Raichlen Barbecue Bible Cookbooks)",Steven Raichlen,4.17,1549.0,,,food science and technique | cookbooks | cooking | food and drink,eng,https://i.gr-assets.com/images/S/compressed.photo.goodreads.com/books/1404576967i/488318._SX50_.jpg,https://www.goodreads.com/book/show/488318.How_to_Grill,Goodreads web scraping,food science and technique,382
Fresh Every Day: More Great Recipes from Foster's Market,Sara  Foster,4.42,96.0,,,general cooking | cookbooks | cooking | food and drink,eng,https://i.gr-assets.com/images/S/compressed.photo.goodreads.com/books/1388202026i/338363._SX50_.jpg,https://www.goodreads.com/book/show/338363.Fresh_Every_Day,Goodreads web scraping,general cooking,384
"Nigella Christmas: Food, Family, Friends, Festivities",Nigella Lawson,4.24,4317.0,,,general cooking | cookbooks | cooking | food and drink,eng,https://i.gr-assets.com/images/S/compressed.photo.goodreads.com/books/1320472990i/5055763._SX50_.jpg,https://www.goodreads.com/book/show/5055763-nigella-christmas,Goodreads web scraping,general cooking,384
"Once Upon a Tart ... : Soups, Salads, Muffins, and More",Frank Mentesana,4.33,121.0,,,general cooking | cookbooks | cooking | food and drink,eng,https://i.gr-assets.com/images/S/compressed.photo.goodreads.com/books/1320468680i/152786._SX50_.jpg,https://www.goodreads.com/book/show/152786.Once_Upon_a_Tart_,Goodreads web scraping,general cooking,386
Japanese Cooking: A Simple Art,Shizuo Tsuji,4.34,1068.0,,,world cuisines | cookbooks | cooking | food and drink,eng,https://i.gr-assets.com/images/S/compressed.photo.goodreads.com/books/1347355039i/297751._SX50_.jpg,https://www.goodreads.com/book/show/297751.Japanese_Cooking,Goodreads web scraping,world cuisines,386
Williams-Sonoma Essentials of Baking: Recipes and Techniques for Succcessful Home Baking,Cathy Burgett,4.37,230.0,,,baking and desserts | cookbooks | cooking | food and drink,eng,https://i.gr-assets.com/images/S/compressed.photo.goodreads.com/books/1312051735i/3777827._SX50_.jpg,https://www.goodreads.com/book/show/3777827-williams-sonoma-essentials-of-baking,Goodreads web scraping,baking and desserts,388
Feline Fine!: Homemade Cat Food & Treat Recipes - A Cool for Cats Cookbook,Daniel Humphreys,4.36,14.0,,,general cooking | cookbooks | cooking | food and drink,eng,https://i.gr-assets.com/images/S/compressed.photo.goodreads.com/books/1548873176i/43791477._SY75_.jpg,https://www.goodreads.com/book/show/43791477-feline-fine,Goodreads web scraping,general cooking,388
Cookies Unlimited,Nick Malgieri,4.04,71.0,,,baking and desserts | cookbooks | cooking | food and drink,eng,https://i.gr-assets.com/images/S/compressed.photo.goodreads.com/books/1347796124i/924144._SX50_.jpg,https://www.goodreads.com/book/show/924144.Cookies_Unlimited,Goodreads web scraping,baking and desserts,390
The Frugal Gourmet Celebrates Christmas,Jeff  Smith,3.88,202.0,,,general cooking | cookbooks | cooking | food and drink,eng,https://i.gr-assets.com/images/S/compressed.photo.goodreads.com/books/1414392336i/708865._SX50_.jpg,https://www.goodreads.com/book/show/708865.The_Frugal_Gourmet_Celebrates_Christmas,Goodreads web scraping,general cooking,391
Ottolenghi Simple,Yotam Ottolenghi,4.3,14185.0,,,quick and practical cooking | cookbooks | cooking | food and drink,eng,https://i.gr-assets.com/images/S/compressed.photo.goodreads.com/books/1523357175i/38358651._SX50_.jpg,https://www.goodreads.com/book/show/38358651-ottolenghi-simple,Goodreads web scraping,quick and practical cooking,391
The Creme Brulee Cookbook: Decadent Dessert Recipes to Grace Your Dinner Table,Christina Tosch,4.64,11.0,,,baking and desserts | cookbooks | cooking | food and drink,eng,https://i.gr-assets.com/images/S/compressed.photo.goodreads.com/books/1566896760l/52691576._SX50_SY75_.jpg,https://www.goodreads.com/book/show/52691576-the-creme-brulee-cookbook,Goodreads web scraping,baking and desserts,391
Jamie's America,Jamie Oliver,3.87,1652.0,,,general cooking | cookbooks | cooking | food and drink,eng,https://i.gr-assets.com/images/S/compressed.photo.goodreads.com/books/1327143109i/6785138._SX50_.jpg,https://www.goodreads.com/book/show/6785138-jamie-s-america,Goodreads web scraping,general cooking,394
Cooking with All Things Trader Joe's,Deana Gunn,3.58,243.0,,,general cooking | cookbooks | cooking | food and drink,eng,https://i.gr-assets.com/images/S/compressed.photo.goodreads.com/books/1264315590i/3637801._SX50_.jpg,https://www.goodreads.com/book/show/3637801-cooking-with-all-things-trader-joe-s,Goodreads web scraping,general cooking,395
Savoring Spain & Portugal: Recipes and Reflections on Iberian Cooking (Williams-Sonoma: The Savoring Series),Williams Sonoma,4.31,42.0,,,general cooking | cookbooks | cooking | food and drink,eng,https://i.gr-assets.com/images/S/compressed.photo.goodreads.com/books/1188858705i/1824684._SX50_.jpg,https://www.goodreads.com/book/show/1824684.Savoring_Spain_Portugal,Goodreads web scraping,general cooking,396
Patisserie: Mastering the Fundamentals of French Pastry - Updated Edition,Christophe Felder,4.38,237.0,,,baking and desserts | cookbooks | cooking | food and drink,eng,https://i.gr-assets.com/images/S/compressed.photo.goodreads.com/books/1352422890i/15797185._SX50_.jpg,https://www.goodreads.com/book/show/15797185-patisserie,Goodreads web scraping,baking and desserts,396
Culinaria France,André Dominé,4.36,263.0,,,general cooking | cookbooks | cooking | food and drink,eng,https://i.gr-assets.com/images/S/compressed.photo.goodreads.com/books/1348029965i/4231695._SX50_.jpg,https://www.goodreads.com/book/show/4231695-culinaria-france,Goodreads web scraping,general cooking,398
"The River Cottage Bread Handbook (River Cottage Handbook, #3)",Daniel Stevens,4.33,793.0,,,baking and desserts | cookbooks | cooking | food and drink,eng,https://i.gr-assets.com/images/S/compressed.photo.goodreads.com/books/1389063368i/6944454._SY75_.jpg,https://www.goodreads.com/book/show/6944454-the-river-cottage-bread-handbook,Goodreads web scraping,baking and desserts,398
Jamie's 15 Minute Meals,Jamie Oliver,3.96,2799.0,,,quick and practical cooking | cookbooks | cooking | food and drink,eng,https://i.gr-assets.com/images/S/compressed.photo.goodreads.com/books/1349440968i/15993310._SX50_.jpg,https://www.goodreads.com/book/show/15993310-jamie-s-15-minute-meals,Goodreads web scraping,quick and practical cooking,400
Jamie's 30-Minute Meals,Jamie Oliver,4.03,6490.0,,,quick and practical cooking | cookbooks | cooking | food and drink,eng,https://i.gr-assets.com/images/S/compressed.photo.goodreads.com/books/1348246332i/9047584._SX50_.jpg,https://www.goodreads.com/book/show/9047584-jamie-s-30-minute-meals,Goodreads web scraping,quick and practical cooking,401
Betty Crocker's Best Christmas Cookbook,Betty Crocker Editors,4.15,66.0,,,general cooking | cookbooks | cooking | food and drink,eng,https://i.gr-assets.com/images/S/compressed.photo.goodreads.com/books/1183385011i/1409978._SX50_.jpg,https://www.goodreads.com/book/show/1409978.Betty_Crocker_s_Best_Christmas_Cookbook,Goodreads web scraping,general cooking,402
RIVER CAFE COOK BOOK EASY,Rose Gray,3.95,78.0,,,quick and practical cooking | cookbooks | cooking | food and drink,eng,https://i.gr-assets.com/images/S/compressed.photo.goodreads.com/books/1320414510i/2625632._SX50_.jpg,https://www.goodreads.com/book/show/2625632-river-cafe-cook-book-easy,Goodreads web scraping,quick and practical cooking,402
Jamie Oliver's Christmas Cookbook,Jamie Oliver,4.16,1212.0,,,general cooking | cookbooks | cooking | food and drink,eng,https://i.gr-assets.com/images/S/compressed.photo.goodreads.com/books/1518195448i/30347205._SX50_.jpg,https://www.goodreads.com/book/show/30347205-jamie-oliver-s-christmas-cookbook,Goodreads web scraping,general cooking,404
"Fix-It and Forget-It Lightly: Healthy, Low-Fat Recipes for Your Slow Cooker",Phyllis Pellman Good,3.97,1911.0,,,nutrition and healthy eating | cookbooks | cooking | food and drink,eng,https://i.gr-assets.com/images/S/compressed.photo.goodreads.com/books/1348171562i/131990._SX50_.jpg,https://www.goodreads.com/book/show/131990.Fix_It_and_Forget_It_Lightly,Goodreads web scraping,nutrition and healthy eating,405
Cookie Cookbook: Bake Your Comfort Cookies at Home,Stephanie Sharp,4.71,7.0,,,baking and desserts | cookbooks | cooking | food and drink,eng,https://i.gr-assets.com/images/S/compressed.photo.goodreads.com/books/1600276438i/55353568._SX50_.jpg,https://www.goodreads.com/book/show/55353568-cookie-cookbook,Goodreads web scraping,baking and desserts,406
The Vegan Table: 200 Unforgettable Recipes for Entertaining Every Guest at Every Occasion,Colleen Patrick-Goudreau,4.02,2175.0,,,vegetarian and plant based | cookbooks | cooking | food and drink,eng,https://i.gr-assets.com/images/S/compressed.photo.goodreads.com/books/1328754271i/5821309._SX50_.jpg,https://www.goodreads.com/book/show/5821309-the-vegan-table,Goodreads web scraping,vegetarian and plant based,407
The Muffin Cookbook: 50 Flavoursome Recipes of Moist and Tender Muffins,Rachael Rayner,4.67,6.0,,,general cooking | cookbooks | cooking | food and drink,eng,https://i.gr-assets.com/images/S/compressed.photo.goodreads.com/books/1600108377i/55337324._SX50_.jpg,https://www.goodreads.com/book/show/55337324-the-muffin-cookbook,Goodreads web scraping,general cooking,408
"Best-ever Slow Cooker, One-pot and Casserole Cookbook",Catherine Atkinson,3.84,45.0,,,quick and practical cooking | cookbooks | cooking | food and drink,eng,https://i.gr-assets.com/images/S/compressed.photo.goodreads.com/books/1333824087i/2045926._SX50_.jpg,https://www.goodreads.com/book/show/2045926.Best_ever_Slow_Cooker_One_pot_and_Casserole_Cookbook,Goodreads web scraping,quick and practical cooking,409
Your Guide to Warm Winter Recipes: Discover A Wide Variety of Recipes to Keep You Warm This Winter!,Valeria Ray,4.0,6.0,,,general cooking | cookbooks | cooking | food and drink,eng,https://i.gr-assets.com/images/S/compressed.photo.goodreads.com/books/1601603888i/55533246._SX50_.jpg,https://www.goodreads.com/book/show/55533246-your-guide-to-warm-winter-recipes,Goodreads web scraping,general cooking,410
Treasured Hungarian Family Recipes™ 1,Helen M. Radics,3.25,8.0,,,general cooking | cookbooks | cooking | food and drink,eng,https://i.gr-assets.com/images/S/compressed.photo.goodreads.com/books/1302241160i/11038239._SX50_.jpg,https://www.goodreads.com/book/show/11038239-treasured-hungarian-family-recipes-1,Goodreads web scraping,general cooking,411
Maida Heatter's Cookies,Maida Heatter,4.48,94.0,,,baking and desserts | cookbooks | cooking | food and drink,eng,https://i.gr-assets.com/images/S/compressed.photo.goodreads.com/books/1175707487i/547862._SX50_.jpg,https://www.goodreads.com/book/show/547862.Maida_Heatter_s_Cookies,Goodreads web scraping,baking and desserts,411
Dessert Ideas that Won't Break the Bank: End Your Meals on a SWEET Note!,Ava Archer,3.6,5.0,,,baking and desserts | cookbooks | cooking | food and drink,eng,https://i.gr-assets.com/images/S/compressed.photo.goodreads.com/books/1599790651i/55296079._SX50_.jpg,https://www.goodreads.com/book/show/55296079-dessert-ideas-that-won-t-break-the-bank,Goodreads web scraping,baking and desserts,413
More Classic Italian Cooking,Marcella Hazan,4.51,96.0,,,world cuisines | cookbooks | cooking | food and drink,eng,https://i.gr-assets.com/images/S/compressed.photo.goodreads.com/books/1516478333i/21200._SY75_.jpg,https://www.goodreads.com/book/show/21200.More_Classic_Italian_Cooking,Goodreads web scraping,world cuisines,414
Vegetable Soups from Deborah Madison's Kitchen,Deborah Madison,4.11,553.0,,,vegetarian and plant based | cookbooks | cooking | food and drink,eng,https://i.gr-assets.com/images/S/compressed.photo.goodreads.com/books/1320524755i/141050._SX50_.jpg,https://www.goodreads.com/book/show/141050.Vegetable_Soups_from_Deborah_Madison_s_Kitchen,Goodreads web scraping,vegetarian and plant based,414
Sunday Suppers: Informal American Home Cooking,Melanie Barnard,4.0,7.0,,,general cooking | cookbooks | cooking | food and drink,eng,https://i.gr-assets.com/images/S/compressed.photo.goodreads.com/books/1335656660i/635796._SX50_.jpg,https://www.goodreads.com/book/show/635796.Sunday_Suppers,Goodreads web scraping,general cooking,414
The Dinner Doctor,Anne Byrn,3.78,309.0,,,general cooking | cookbooks | cooking | food and drink,eng,https://i.gr-assets.com/images/S/compressed.photo.goodreads.com/books/1404579676i/402019._SX50_.jpg,https://www.goodreads.com/book/show/402019.The_Dinner_Doctor,Goodreads web scraping,general cooking,417
Recipes That Take You to Italy: Love and Good Delicacies from Italy!,Ava Archer,4.4,5.0,,,general cooking | cookbooks | cooking | food and drink,eng,https://i.gr-assets.com/images/S/compressed.photo.goodreads.com/books/1600550469i/55379858._SX50_.jpg,https://www.goodreads.com/book/show/55379858-recipes-that-take-you-to-italy,Goodreads web scraping,general cooking,417
Pies Recipes Fit for Every Thanksgiving Table: Recipes Every Thanksgiving Table Should Have,Ava Archer,3.8,5.0,,,baking and desserts | cookbooks | cooking | food and drink,eng,https://i.gr-assets.com/images/S/compressed.photo.goodreads.com/books/1600019606i/55318845._SX50_.jpg,https://www.goodreads.com/book/show/55318845-pies-recipes-fit-for-every-thanksgiving-table,Goodreads web scraping,baking and desserts,419
Semi-Homemade: Money Saving Meals,Sandra Lee,3.73,73.0,,,general cooking | cookbooks | cooking | food and drink,eng,https://i.gr-assets.com/images/S/compressed.photo.goodreads.com/books/1434846992i/3961303._SX50_.jpg,https://www.goodreads.com/book/show/3961303-semi-homemade,Goodreads web scraping,general cooking,420
Jane Brody's Good Food Gourmet: Recipes and Menus for Delicious and Healthful Entertaining,Jane E. Brody,4.17,69.0,,,general cooking | cookbooks | cooking | food and drink,eng,https://i.gr-assets.com/images/S/compressed.photo.goodreads.com/books/1348919883i/1370002._SX50_.jpg,https://www.goodreads.com/book/show/1370002.Jane_Brody_s_Good_Food_Gourmet,Goodreads web scraping,general cooking,420
Chez Panisse Desserts,Lindsey Remolif Shere,4.32,126.0,,,baking and desserts | cookbooks | cooking | food and drink,eng,https://i.gr-assets.com/images/S/compressed.photo.goodreads.com/books/1387709949i/1006950._SX50_.jpg,https://www.goodreads.com/book/show/1006950.Chez_Panisse_Desserts,Goodreads web scraping,baking and desserts,420
Best Salsa with Main Dishes: Get in Tune with The Taste of Mexico In More Ways Than One,Ava Archer,4.5,4.0,,,general cooking | cookbooks | cooking | food and drink,eng,https://i.gr-assets.com/images/S/compressed.photo.goodreads.com/books/1601662377i/55538910._SX50_.jpg,https://www.goodreads.com/book/show/55538910-best-salsa-with-main-dishes,Goodreads web scraping,general cooking,423
Sweetness: Delicious Baked Treats for Every Occasion,Sarah Levy Imberman,3.43,56.0,,,baking and desserts | cookbooks | cooking | food and drink,eng,https://i.gr-assets.com/images/S/compressed.photo.goodreads.com/books/1364258883i/6705770._SX50_.jpg,https://www.goodreads.com/book/show/6705770-sweetness,Goodreads web scraping,baking and desserts,424
Japanese Ramen Made Easy: A Cookbook of Fascinating Ramen Recipes,Ivy Hope,4.0,8.0,,,world cuisines | cookbooks | cooking | food and drink,eng,https://i.gr-assets.com/images/S/compressed.photo.goodreads.com/books/1601431309i/55513438._SX50_.jpg,https://www.goodreads.com/book/show/55513438-japanese-ramen-made-easy,Goodreads web scraping,world cuisines,424
The Awesome Pizza Cookbook: An Incredible Guide with Nice Recipes to Prepare,Angel Burns,4.43,7.0,,,general cooking | cookbooks | cooking | food and drink,eng,https://i.gr-assets.com/images/S/compressed.photo.goodreads.com/books/1601825413i/55555017._SX50_.jpg,https://www.goodreads.com/book/show/55555017-the-awesome-pizza-cookbook,Goodreads web scraping,general cooking,426
The Classic Pasta Cookbook,Giuliano Hazan,4.32,124.0,,,general cooking | cookbooks | cooking | food and drink,eng,https://i.gr-assets.com/images/S/compressed.photo.goodreads.com/books/1412291965i/1175888._SX50_.jpg,https://www.goodreads.com/book/show/1175888.The_Classic_Pasta_Cookbook,Goodreads web scraping,general cooking,427
"Supernatural: The Official Cookbook: Burgers, Pies, and Other Bites from the Road",Julie  Tremaine,4.55,521.0,,,baking and desserts | cookbooks | cooking | food and drink,eng,https://i.gr-assets.com/images/S/compressed.photo.goodreads.com/books/1564623160i/43822546._SX50_.jpg,https://www.goodreads.com/book/show/43822546-supernatural,Goodreads web scraping,baking and desserts,427
"Spice and Seasoning cookbook: A Starter’s Guide of Spices, Seasonings, Herbs, and Aromatics - 50 Recipes for Learning How to Jazz Up Food!",Julia Chiles,4.43,7.0,,,general cooking | cookbooks | cooking | food and drink,eng,https://i.gr-assets.com/images/S/compressed.photo.goodreads.com/books/1601828347i/55555380._SX50_.jpg,https://www.goodreads.com/book/show/55555380-spice-and-seasoning-cookbook,Goodreads web scraping,general cooking,427
"It's All Good: Delicious, Easy Recipes That Will Make You Look Good and Feel Great",Gwyneth Paltrow,3.82,3279.0,,,quick and practical cooking | cookbooks | cooking | food and drink,eng,https://i.gr-assets.com/images/S/compressed.photo.goodreads.com/books/1391182214i/16131211._SX50_.jpg,https://www.goodreads.com/book/show/16131211-it-s-all-good,Goodreads web scraping,quick and practical cooking,430
The Winter Soup Recipes to Try Now: Best Winter Soup Recipes You Shouldn't Miss,Ava Archer,4.71,7.0,,,general cooking | cookbooks | cooking | food and drink,eng,https://i.gr-assets.com/images/S/compressed.photo.goodreads.com/books/1601928051i/55573816._SX50_.jpg,https://www.goodreads.com/book/show/55573816-the-winter-soup-recipes-to-try-now,Goodreads web scraping,general cooking,431
Bread Machine Magic: 139 Exciting New Recipes Created Especially for Use in All Types of Bread Machines,Linda Rehberg,4.18,91.0,,,baking and desserts | cookbooks | cooking | food and drink,eng,https://i.gr-assets.com/images/S/compressed.photo.goodreads.com/books/1312005020i/620184._SY75_.jpg,https://www.goodreads.com/book/show/620184.Bread_Machine_Magic,Goodreads web scraping,baking and desserts,432
The Sneaky Chef: Simple Strategies for Hiding Healthy Foods in Kids' Favorite Meals,Missy Chase Lapine,3.65,1302.0,,,nutrition and healthy eating | cookbooks | cooking | food and drink,eng,https://i.gr-assets.com/images/S/compressed.photo.goodreads.com/books/1441807541i/455025._SX50_.jpg,https://www.goodreads.com/book/show/455025.The_Sneaky_Chef,Goodreads web scraping,nutrition and healthy eating,432
Scrumptious Keto Chaffle Cookbook: Enjoy Carb-Free Waffles for Improved Health and Weight Loss,April Blomgren,4.17,6.0,,,nutrition and healthy eating | cookbooks | cooking | food and drink,eng,https://i.gr-assets.com/images/S/compressed.photo.goodreads.com/books/1602269309i/55609116._SX50_.jpg,https://www.goodreads.com/book/show/55609116-scrumptious-keto-chaffle-cookbook,Goodreads web scraping,nutrition and healthy eating,434
Vegan Desserts: Make your own vegan desserts at home,Stephanie Sharp,4.6,5.0,,,baking and desserts | cookbooks | cooking | food and drink,eng,https://i.gr-assets.com/images/S/compressed.photo.goodreads.com/books/1606346784i/56046029._SX50_.jpg,https://www.goodreads.com/book/show/56046029-vegan-desserts,Goodreads web scraping,baking and desserts,435
Cancer Friendly Cookbook: The Very Best 30 Cancer Friendly Recipes,Molly Mills,4.67,6.0,,,general cooking | cookbooks | cooking | food and drink,eng,https://i.gr-assets.com/images/S/compressed.photo.goodreads.com/books/1605936763i/55971899._SX50_.jpg,https://www.goodreads.com/book/show/55971899-cancer-friendly-cookbook,Goodreads web scraping,general cooking,436
Soup Cravings Satisfied: Quick Soup Recipes You Can Make Anytime,Heston Brown,4.5,4.0,,,quick and practical cooking | cookbooks | cooking | food and drink,eng,https://i.gr-assets.com/images/S/compressed.photo.goodreads.com/books/1602348562i/55617968._SX50_.jpg,https://www.goodreads.com/book/show/55617968-soup-cravings-satisfied,Goodreads web scraping,quick and practical cooking,437
"Feed the World - Celebrate World Food Day: Farm-Fresh, Free-Range, and Zero Leftover Waste Recipes!",Christina Tosch,5.0,3.0,,,general cooking | cookbooks | cooking | food and drink,eng,https://i.gr-assets.com/images/S/compressed.photo.goodreads.com/books/1602365662i/55620328._SX50_.jpg,https://www.goodreads.com/book/show/55620328-feed-the-world---celebrate-world-food-day,Goodreads web scraping,general cooking,438
The River Cottage Year,Fearnley-Whittingsta,4.12,348.0,,,general cooking | cookbooks | cooking | food and drink,eng,https://i.gr-assets.com/images/S/compressed.photo.goodreads.com/books/1419183166i/948865._SX50_.jpg,https://www.goodreads.com/book/show/948865.The_River_Cottage_Year,Goodreads web scraping,general cooking,439
Aroma-Filled Marinade Recipes: Create Lasting Memories with Distinct Flavors and Tastes,April Blomgren,4.8,5.0,,,general cooking | cookbooks | cooking | food and drink,eng,https://i.gr-assets.com/images/S/compressed.photo.goodreads.com/books/1602175951i/55599214._SX50_.jpg,https://www.goodreads.com/book/show/55599214-aroma-filled-marinade-recipes,Goodreads web scraping,general cooking,440
River Cottage Veg Every Day!,Hugh Fearnley-Whittingstall,4.19,3814.0,,,general cooking | cookbooks | cooking | food and drink,eng,https://i.gr-assets.com/images/S/compressed.photo.goodreads.com/books/1328887401i/12576078._SX50_.jpg,https://www.goodreads.com/book/show/12576078-river-cottage-veg-every-day,Goodreads web scraping,general cooking,441
River Cottage Love Your Leftovers: Recipes for the resourceful cook,Hugh Fearnley-Whittingstall,4.14,130.0,,,general cooking | cookbooks | cooking | food and drink,eng,https://i.gr-assets.com/images/S/compressed.photo.goodreads.com/books/1438380795i/26016854._SX50_.jpg,https://www.goodreads.com/book/show/26016854-river-cottage-love-your-leftovers,Goodreads web scraping,general cooking,441
The Compleat I Hate to Cook Book,Peg Bracken,4.08,320.0,,,general cooking | cookbooks | cooking | food and drink,eng,https://i.gr-assets.com/images/S/compressed.photo.goodreads.com/books/1223629174i/1275694._SY75_.jpg,https://www.goodreads.com/book/show/1275694.The_Compleat_I_Hate_to_Cook_Book,Goodreads web scraping,general cooking,441
River Cottage: Fruit Every Day!,Hugh Fearnley-Whittingstall,3.88,146.0,,,general cooking | cookbooks | cooking | food and drink,eng,https://i.gr-assets.com/images/S/compressed.photo.goodreads.com/books/1378446882i/18460409._SX50_.jpg,https://www.goodreads.com/book/show/18460409-river-cottage,Goodreads web scraping,general cooking,444
The Sirtfood Diet Cookbook: Have The Taste of The Best Recipes,Ivy Hope,4.5,4.0,,,nutrition and healthy eating | cookbooks | cooking | food and drink,eng,https://i.gr-assets.com/images/S/compressed.photo.goodreads.com/books/1602421794i/55625519._SX50_.jpg,https://www.goodreads.com/book/show/55625519-the-sirtfood-diet-cookbook,Goodreads web scraping,nutrition and healthy eating,444
The Kripalu Cookbook: Gourmet Vegetarian Recipes,Atma Jo Ann Levitt,4.27,52.0,,,vegetarian and plant based | cookbooks | cooking | food and drink,eng,https://i.gr-assets.com/images/S/compressed.photo.goodreads.com/books/1349050591i/649582._SX50_.jpg,https://www.goodreads.com/book/show/649582.The_Kripalu_Cookbook,Goodreads web scraping,vegetarian and plant based,446
Just One Pot,Lindsey Bareham,3.71,17.0,,,quick and practical cooking | cookbooks | cooking | food and drink,eng,https://i.gr-assets.com/images/S/compressed.photo.goodreads.com/books/1758323478i/2378985._SX50_.jpg,https://www.goodreads.com/book/show/2378985.Just_One_Pot,Goodreads web scraping,quick and practical cooking,446
"Eating for Life: Your Guide to Great Health, Fat Loss and Increased Energy!",Bill Phillips,3.98,861.0,,,general cooking | cookbooks | cooking | food and drink,eng,https://i.gr-assets.com/images/S/compressed.photo.goodreads.com/books/1388176385i/1123._SX50_.jpg,https://www.goodreads.com/book/show/1123.Eating_for_Life,Goodreads web scraping,general cooking,446
"Culinaria Russia. Russland, Ukraine, Georgien, Armenien, Aserbaidschan",Na,4.48,111.0,,,general cooking | cookbooks | cooking | food and drink,eng,https://i.gr-assets.com/images/S/compressed.photo.goodreads.com/books/1187607200i/1738378._SX50_.jpg,https://www.goodreads.com/book/show/1738378.Culinaria_Russia_Russland_Ukraine_Georgien_Armenien_Aserbaidschan,Goodreads web scraping,general cooking,446
"The Impoverished Students' Book of Cookery, Drinkery, & Housekeepery",Jay F. Rosenberg,4.54,28.0,,,beverages | cookbooks | cooking | food and drink,eng,https://i.gr-assets.com/images/S/compressed.photo.goodreads.com/books/1221585638i/2896568._SY75_.jpg,https://www.goodreads.com/book/show/2896568-the-impoverished-students-book-of-cookery-drinkery-housekeepery,Goodreads web scraping,beverages,446
"Spicy food, a collection of uncommon recipes, from the mildly tangy to the frankly fiery, from every corner of the world",William Bernal,3.67,3.0,,,general cooking | cookbooks | cooking | food and drink,eng,https://i.gr-assets.com/images/S/compressed.photo.goodreads.com/books/1310251421i/1194333._SX50_.jpg,https://www.goodreads.com/book/show/1194333.Spicy_food_a_collection_of_uncommon_recipes_from_the_mildly_tangy_to_the_frankly_fiery_from_every_corner_of_the_world,Goodreads web scraping,general cooking,446
Fast Fixes with Mixes: 355 Delicious Recipes from Simple Starters,Taste of Home,4.03,62.0,,,quick and practical cooking | cookbooks | cooking | food and drink,eng,https://i.gr-assets.com/images/S/compressed.photo.goodreads.com/books/1388340310i/713646._SX50_.jpg,https://www.goodreads.com/book/show/713646.Fast_Fixes_with_Mixes,Goodreads web scraping,quick and practical cooking,446
Quick from Scratch Herbs & Spices Cookbook,Food & Wine Magazine,4.04,28.0,,,quick and practical cooking | cookbooks | cooking | food and drink,eng,https://i.gr-assets.com/images/S/compressed.photo.goodreads.com/books/1266841937i/2460846._SX50_.jpg,https://www.goodreads.com/book/show/2460846.Quick_from_Scratch_Herbs_Spices_Cookbook,Goodreads web scraping,quick and practical cooking,446
Kitchen Sense: More than 600 Recipes to Make You a Great Home Cook,Mitchell Davis,4.18,40.0,,,general cooking | cookbooks | cooking | food and drink,eng,https://i.gr-assets.com/images/S/compressed.photo.goodreads.com/books/1440489565i/378511._SX50_.jpg,https://www.goodreads.com/book/show/378511.Kitchen_Sense,Goodreads web scraping,general cooking,446
The Total Banana,Alex Abella,4.0,9.0,,,general cooking | cookbooks | cooking | food and drink,eng,https://i.gr-assets.com/images/S/compressed.photo.goodreads.com/books/1224586645i/3060964._SX50_.jpg,https://www.goodreads.com/book/show/3060964-the-total-banana,Goodreads web scraping,general cooking,446
A Sweet Taste of Africa: Sail into a New Recipe Journey,Ivy Newton-Gamble,5.0,7.0,,,general cooking | cookbooks | cooking | food and drink,eng,https://i.gr-assets.com/images/S/compressed.photo.goodreads.com/books/1348232973i/6269990._SX50_.jpg,https://www.goodreads.com/book/show/6269990-a-sweet-taste-of-africa,Goodreads web scraping,general cooking,446
"Simply Organic: A Cookbook for Sustainable, Seasonal, and Local Ingredients",Jesse Ziff Cool,3.66,80.0,,,general cooking | cookbooks | cooking | food and drink,eng,https://i.gr-assets.com/images/S/compressed.photo.goodreads.com/books/1347343876i/2517013._SX50_.jpg,https://www.goodreads.com/book/show/2517013.Simply_Organic,Goodreads web scraping,general cooking,446
The Joy of Vegan Baking: The Compassionate Cooks' Traditional Treats and Sinful Sweets,Colleen Patrick-Goudreau,4.16,4111.0,,,baking and desserts | cookbooks | cooking | food and drink,eng,https://i.gr-assets.com/images/S/compressed.photo.goodreads.com/books/1328754223i/805500._SX50_.jpg,https://www.goodreads.com/book/show/805500.The_Joy_of_Vegan_Baking,Goodreads web scraping,baking and desserts,446
Betty Crocker Easy Everyday Vegetarian: Easy Meatless Main Dishes Your Family Will Love!,Betty Crocker Editors,3.85,99.0,,,vegetarian and plant based | cookbooks | cooking | food and drink,eng,https://i.gr-assets.com/images/S/compressed.photo.goodreads.com/books/1360057094i/555085._SX50_.jpg,https://www.goodreads.com/book/show/555085.Betty_Crocker_Easy_Everyday_Vegetarian,Goodreads web scraping,vegetarian and plant based,446
Flavors of Morocco,Ghillie Basan,4.16,58.0,,,general cooking | cookbooks | cooking | food and drink,eng,https://i.gr-assets.com/images/S/compressed.photo.goodreads.com/books/1348447984i/2534987._SX50_.jpg,https://www.goodreads.com/book/show/2534987.Flavors_of_Morocco,Goodreads web scraping,general cooking,446
Raw: The Uncook Book: New Vegetarian Food for Life – Delicious Ultra-Gourmet Dishes from Vegan Sushi to Sun-Baked Pizzas,Juliano Brotman,3.79,624.0,,,baking and desserts | cookbooks | cooking | food and drink,eng,https://i.gr-assets.com/images/S/compressed.photo.goodreads.com/books/1347760368i/395107._SX50_.jpg,https://www.goodreads.com/book/show/395107.Raw,Goodreads web scraping,baking and desserts,446
Weber's Real Grilling: Over 200 Original Recipes,Jamie Purviance,4.4,221.0,,,general cooking | cookbooks | cooking | food and drink,eng,https://i.gr-assets.com/images/S/compressed.photo.goodreads.com/books/1442188585i/130526._SX50_.jpg,https://www.goodreads.com/book/show/130526.Weber_s_Real_Grilling,Goodreads web scraping,general cooking,446
Chef Paul Prudhomme's Louisiana Tastes: Exciting Flavors from the State that Cooks,Paul Prudhomme,4.12,57.0,,,food science and technique | cookbooks | cooking | food and drink,eng,https://i.gr-assets.com/images/S/compressed.photo.goodreads.com/books/1420929910i/983626._SX50_.jpg,https://www.goodreads.com/book/show/983626.Chef_Paul_Prudhomme_s_Louisiana_Tastes,Goodreads web scraping,food science and technique,446
The Deen Bros. Take It Easy: Quick and Affordable Meals the Whole Family Will Love: A Cookbook,Jamie Deen,3.89,114.0,,,quick and practical cooking | cookbooks | cooking | food and drink,eng,https://i.gr-assets.com/images/S/compressed.photo.goodreads.com/books/1320414528i/6222091._SX50_.jpg,https://www.goodreads.com/book/show/6222091-the-deen-bros-take-it-easy,Goodreads web scraping,quick and practical cooking,446
Staff Meals from Chanterelle,David Waltuck,4.24,127.0,,,general cooking | cookbooks | cooking | food and drink,eng,https://i.gr-assets.com/images/S/compressed.photo.goodreads.com/books/1404580263i/1009166._SX50_.jpg,https://www.goodreads.com/book/show/1009166.Staff_Meals_from_Chanterelle,Goodreads web scraping,general cooking,446
Io ho fame adesso!: Come sopravvivere a un frigorifero deserto,Francesco Gungui,4.62,8.0,,,general cooking | cookbooks | cooking | food and drink,eng,https://i.gr-assets.com/images/S/compressed.photo.goodreads.com/books/1335373303i/13616817._SX50_.jpg,https://www.goodreads.com/book/show/13616817-io-ho-fame-adesso,Goodreads web scraping,general cooking,446
Taste of Home: The Busy Family Cookbook,Taste of Home,3.8,97.0,,,general cooking | cookbooks | cooking | food and drink,eng,https://i.gr-assets.com/images/S/compressed.photo.goodreads.com/books/1442719217i/2657178._SX50_.jpg,https://www.goodreads.com/book/show/2657178-taste-of-home,Goodreads web scraping,general cooking,446
Future Cook: A Taste of Things to Come,Colin Tudge,4.4,5.0,,,general cooking | cookbooks | cooking | food and drink,eng,https://i.gr-assets.com/images/S/compressed.photo.goodreads.com/books/1440804432i/6851673._SX50_.jpg,https://www.goodreads.com/book/show/6851673-future-cook,Goodreads web scraping,general cooking,446
Le Grand Livre De La Cuisine F Fl,Marabout,4.5,18.0,,,general cooking | cookbooks | cooking | food and drink,eng,https://i.gr-assets.com/images/S/compressed.photo.goodreads.com/books/1327890326i/7040154._SX50_.jpg,https://www.goodreads.com/book/show/7040154-le-grand-livre-de-la-cuisine-f-fl,Goodreads web scraping,general cooking,446
Irish Traditional Cooking: Over 300 Recipes from Ireland's Heritage,Darina Allen,4.17,284.0,,,general cooking | cookbooks | cooking | food and drink,eng,https://i.gr-assets.com/images/S/compressed.photo.goodreads.com/books/1385261684i/25023._SX50_.jpg,https://www.goodreads.com/book/show/25023.Irish_Traditional_Cooking,Goodreads web scraping,general cooking,446
The Sweet Life in Paris: Delicious Adventures in the World's Most Glorious - and Perplexing - City,David Lebovitz,3.84,15832.0,,,general cooking | cookbooks | cooking | food and drink,eng,https://i.gr-assets.com/images/S/compressed.photo.goodreads.com/books/1320533633i/6055063._SX50_.jpg,https://www.goodreads.com/book/show/6055063-the-sweet-life-in-paris,Goodreads web scraping,general cooking,446
The Complete Encyclopedia of Vegetables & Vegetarian Cooking,Christine Ingram,4.17,66.0,,,vegetarian and plant based | cookbooks | cooking | food and drink,eng,https://i.gr-assets.com/images/S/compressed.photo.goodreads.com/books/1454728229i/610574._SX50_.jpg,https://www.goodreads.com/book/show/610574.The_Complete_Encyclopedia_of_Vegetables_Vegetarian_Cooking,Goodreads web scraping,vegetarian and plant based,446
Treasured Hungarian Family Recipes™ 3,Helen M. Radics,3.5,8.0,,,general cooking | cookbooks | cooking | food and drink,eng,https://i.gr-assets.com/images/S/compressed.photo.goodreads.com/books/1302244841i/11038427._SY75_.jpg,https://www.goodreads.com/book/show/11038427-treasured-hungarian-family-recipes-3,Goodreads web scraping,general cooking,446
"Dee Dee's Delights, I'm On A Dime and Need It Under 5!",Deanna Bauer,3.0,5.0,,,general cooking | cookbooks | cooking | food and drink,eng,https://i.gr-assets.com/images/S/compressed.photo.goodreads.com/books/1303437670i/11110440._SX50_.jpg,https://www.goodreads.com/book/show/11110440-dee-dee-s-delights-i-m-on-a-dime-and-need-it-under-5,Goodreads web scraping,general cooking,446
The RV Centennial Cookbook: Celebrating 100 Years of RV'ing,Evada Cooper,3.58,12.0,,,general cooking | cookbooks | cooking | food and drink,eng,https://i.gr-assets.com/images/S/compressed.photo.goodreads.com/books/1347800287i/10550896._SX50_.jpg,https://www.goodreads.com/book/show/10550896-the-rv-centennial-cookbook,Goodreads web scraping,general cooking,446
400 Three and Four Ingredient Recipes,Joanna Farrow,3.94,16.0,,,general cooking | cookbooks | cooking | food and drink,eng,https://i.gr-assets.com/images/S/compressed.photo.goodreads.com/books/1348623532i/1318403._SX50_.jpg,https://www.goodreads.com/book/show/1318403.400_Three_and_Four_Ingredient_Recipes,Goodreads web scraping,general cooking,446
Culinary Artistry,Andrew Dornenburg,4.3,1950.0,,,food science and technique | cookbooks | cooking | food and drink,eng,https://i.gr-assets.com/images/S/compressed.photo.goodreads.com/books/1348754654i/767390._SX50_.jpg,https://www.goodreads.com/book/show/767390.Culinary_Artistry,Goodreads web scraping,food science and technique,446
Take this Dish and Twist It,George Duran,3.79,24.0,,,general cooking | cookbooks | cooking | food and drink,eng,https://i.gr-assets.com/images/S/compressed.photo.goodreads.com/books/1266822281i/4588056._SX50_.jpg,https://www.goodreads.com/book/show/4588056-take-this-dish-and-twist-it,Goodreads web scraping,general cooking,446
"Smokin' with Myron Mixon: Recipes Made Simple, from the Winningest Man in Barbecue: A Cookbook",Myron Mixon,4.05,618.0,,,quick and practical cooking | cookbooks | cooking | food and drink,eng,https://i.gr-assets.com/images/S/compressed.photo.goodreads.com/books/1364250941i/10365583._SX50_.jpg,https://www.goodreads.com/book/show/10365583-smokin-with-myron-mixon,Goodreads web scraping,quick and practical cooking,446
The Complete Italian Vegetarian Cookbook: 350 Essential Recipes for Inspired Everyday Eating,Jack Bishop,4.14,452.0,,,vegetarian and plant based | cookbooks | cooking | food and drink,eng,https://i.gr-assets.com/images/S/compressed.photo.goodreads.com/books/1347343552i/484382._SX50_.jpg,https://www.goodreads.com/book/show/484382.The_Complete_Italian_Vegetarian_Cookbook,Goodreads web scraping,vegetarian and plant based,446
See Mix Drink: A Refreshingly Simple Guide to Crafting the World's Most Popular Cocktails,Brian D. Murphy,4.2,95.0,,,beverages | cookbooks | cooking | food and drink,eng,https://i.gr-assets.com/images/S/compressed.photo.goodreads.com/books/1422312601i/11364583._SY75_.jpg,https://www.goodreads.com/book/show/11364583-see-mix-drink,Goodreads web scraping,beverages,446
You Can Trust a Skinny Cook,Allison Fishman,3.91,57.0,,,general cooking | cookbooks | cooking | food and drink,eng,https://i.gr-assets.com/images/S/compressed.photo.goodreads.com/books/1360057195i/10967482._SX50_.jpg,https://www.goodreads.com/book/show/10967482-you-can-trust-a-skinny-cook,Goodreads web scraping,general cooking,446
LaBelle Cuisine: Recipes to Sing About,Patti LaBelle,4.35,285.0,,,general cooking | cookbooks | cooking | food and drink,eng,https://i.gr-assets.com/images/S/compressed.photo.goodreads.com/books/1442365944i/622713._SX50_.jpg,https://www.goodreads.com/book/show/622713.LaBelle_Cuisine,Goodreads web scraping,general cooking,446
tropical cuisine: cooking in clare's kitchen,Clare Richards,5.0,3.0,,,general cooking | cookbooks | cooking | food and drink,eng,https://i.gr-assets.com/images/S/compressed.photo.goodreads.com/books/1327362501i/13422235._SX50_.jpg,https://www.goodreads.com/book/show/13422235-tropical-cuisine,Goodreads web scraping,general cooking,446
"SPOON: Soup, Stew & Chowder Recipes (Spring)",Dana Hay,3.6,73.0,,,general cooking | cookbooks | cooking | food and drink,eng,https://i.gr-assets.com/images/S/compressed.photo.goodreads.com/books/1340842535i/13645336._SX50_.jpg,https://www.goodreads.com/book/show/13645336-spoon,Goodreads web scraping,general cooking,446
25 Quick Low Fat Breakfast Treats,Cooking Penguin,4.0,9.0,,,quick and practical cooking | cookbooks | cooking | food and drink,eng,https://i.gr-assets.com/images/S/compressed.photo.goodreads.com/books/1337572744i/14061737._SX50_.jpg,https://www.goodreads.com/book/show/14061737-25-quick-low-fat-breakfast-treats,Goodreads web scraping,quick and practical cooking,446
The 2012 Book Blogger's Cookbook (The Book Blogger's Cookbook),Christy Dorrity,3.72,88.0,,,general cooking | cookbooks | cooking | food and drink,eng,https://i.gr-assets.com/images/S/compressed.photo.goodreads.com/books/1336737203i/13637096._SX50_.jpg,https://www.goodreads.com/book/show/13637096-the-2012-book-blogger-s-cookbook-the-book-blogger-s-cookbook,Goodreads web scraping,general cooking,446
Peas and Thank You: Simple Meatless Meals the Whole Family Will Love,Sarah Matheny,3.86,550.0,,,quick and practical cooking | cookbooks | cooking | food and drink,eng,https://i.gr-assets.com/images/S/compressed.photo.goodreads.com/books/1311707726i/10433946._SY75_.jpg,https://www.goodreads.com/book/show/10433946-peas-and-thank-you,Goodreads web scraping,quick and practical cooking,446
El Marsam Cookbook: An Umbrian Farmhouse and its Kitchen,Ginda Ayd Simpson,3.88,8.0,,,general cooking | cookbooks | cooking | food and drink,eng,https://i.gr-assets.com/images/S/compressed.photo.goodreads.com/books/1346058703i/9410064._SX50_.jpg,https://www.goodreads.com/book/show/9410064-el-marsam-cookbook,Goodreads web scraping,general cooking,446
Kokaraamat.Cookbook.Kochbuch,Merike Jürjo,5.0,2.0,,,general cooking | cookbooks | cooking | food and drink,eng,https://i.gr-assets.com/images/S/compressed.photo.goodreads.com/books/1347206406i/15998776._SY75_.jpg,https://www.goodreads.com/book/show/15998776-kokaraamat-cookbook-kochbuch,Goodreads web scraping,general cooking,446
Where's Mom Now that I Need Her?: Surviving Away from Home,Betty Rae Frandsen,4.07,279.0,,,general cooking | cookbooks | cooking | food and drink,eng,https://i.gr-assets.com/images/S/compressed.photo.goodreads.com/books/1348957636i/28352._SX50_.jpg,https://www.goodreads.com/book/show/28352.Where_s_Mom_Now_that_I_Need_Her_,Goodreads web scraping,general cooking,446
Le zuppe. 600 piatti delle cucine regionali,B. Minerdo,4.4,5.0,,,general cooking | cookbooks | cooking | food and drink,eng,https://i.gr-assets.com/images/S/compressed.photo.goodreads.com/books/1328800402i/10176728._SY75_.jpg,https://www.goodreads.com/book/show/10176728-le-zuppe-600-piatti-delle-cucine-regionali,Goodreads web scraping,general cooking,446
50 Ways to Drink Tea,Sotiris Zafeiris,4.17,12.0,,,beverages | cookbooks | cooking | food and drink,eng,https://i.gr-assets.com/images/S/compressed.photo.goodreads.com/books/1349282774i/16065126._SY75_.jpg,https://www.goodreads.com/book/show/16065126-50-ways-to-drink-tea,Goodreads web scraping,beverages,446
The American woman's cook book,Ruth Berolzheimer,4.48,64.0,,,general cooking | cookbooks | cooking | food and drink,eng,https://i.gr-assets.com/images/S/compressed.photo.goodreads.com/nophoto/book/111x148._SX50_.png,https://www.goodreads.com/book/show/12757960-the-american-woman-s-cook-book,Goodreads web scraping,general cooking,446
Carolina Sunshine: Then and Now,Charity League of Charlotte,5.0,,,,general cooking | cookbooks | cooking | food and drink,eng,https://i.gr-assets.com/images/S/compressed.photo.goodreads.com/books/1347655842i/12927831._SY75_.jpg,https://www.goodreads.com/book/show/12927831-carolina-sunshine,Goodreads web scraping,general cooking,446
A World of Cake,Krystina Castella,4.16,113.0,,,baking and desserts | cookbooks | cooking | food and drink,eng,https://i.gr-assets.com/images/S/compressed.photo.goodreads.com/books/1405294033i/8597521._SX50_.jpg,https://www.goodreads.com/book/show/8597521-a-world-of-cake,Goodreads web scraping,baking and desserts,446
"It's the Cookie, Mr. President",Pamela Joy Mawyer,4.67,3.0,,,baking and desserts | cookbooks | cooking | food and drink,eng,https://i.gr-assets.com/images/S/compressed.photo.goodreads.com/books/1355966800i/16249070._SY75_.jpg,https://www.goodreads.com/book/show/16249070-it-s-the-cookie-mr-president,Goodreads web scraping,baking and desserts,446
The Looneyspoons Collection : Janet & Greta's Greatest Recipe Hits Plus a Whole Lot More!,Janet Podleski,4.38,817.0,,,general cooking | cookbooks | cooking | food and drink,eng,https://i.gr-assets.com/images/S/compressed.photo.goodreads.com/books/1393219258i/12744849._SX50_.jpg,https://www.goodreads.com/book/show/12744849-the-looneyspoons-collection,Goodreads web scraping,general cooking,446
Darn Good Eats: The Cookbook for Creative Chefs and Reluctant Cooks,Jodi Ambrose,4.3,37.0,,,food science and technique | cookbooks | cooking | food and drink,eng,https://i.gr-assets.com/images/S/compressed.photo.goodreads.com/books/1352745013i/16146262._SX50_.jpg,https://www.goodreads.com/book/show/16146262-darn-good-eats,Goodreads web scraping,food science and technique,446
Baking Made Easy: 100 Fabulous Easy to Bake Recipes,Lorraine Pascale,4.21,743.0,,,baking and desserts | cookbooks | cooking | food and drink,eng,https://i.gr-assets.com/images/S/compressed.photo.goodreads.com/books/1377863720i/9380509._SX50_.jpg,https://www.goodreads.com/book/show/9380509-baking-made-easy,Goodreads web scraping,baking and desserts,446
